"Address","Response_Address","Response_X","Response_Y"
"®ç¶é¥«¤K¼w°Ïºa¿³¸ô¢²¢¸¤§¢°¸¹","®ç¶é¥«¤K¼w°Ï¤j¦Ë¨½1¾Fºa¿³¸ô39¤§1¸¹","121.311603","24.954934"
"®ç¶é¥«¤K¼w°Ïºa¿³¸ô¢¶¢²«Ñ¢±¢°¸¹","®ç¶é¥«¤K¼w°Ï¤j¦Ë¨½14¾Fºa¿³¸ô73«Ñ21¸¹","121.311837","24.953940"
"®ç¶é¥«¤K¼w°Ïºa¿³¸ô¢¶¢²«Ñ¢±¢³¸¹¢²¼Ó","®ç¶é¥«¤K¼w°Ï¤j¦Ë¨½14¾Fºa¿³¸ô73«Ñ24¸¹","121.312011","24.953663"
"®ç¶é¥«¤K¼w°Ïºa¿³¸ô73«Ñ27¸¹","®ç¶é¥«¤K¼w°Ï¤j¦Ë¨½14¾Fºa¿³¸ô73«Ñ27¸¹","121.312058","24.953896"
"®ç¶é¥«¤K¼w°Ïºa¿³¸ô¢¶¢²«Ñ¢²¢±¸¹","®ç¶é¥«¤K¼w°Ï¤j¦Ë¨½14¾Fºa¿³¸ô73«Ñ32¸¹","121.312238","24.953621"
"®ç¶é¥«¤K¼w°Ïºa¿³¸ô¤@¤­¸¹¤@¼Ó","®ç¶é¥«¤K¼w°Ï¤j¦Ë¨½1¾Fºa¿³¸ô15¸¹","121.311910","24.955847"
"®ç¶é¥«¤K¼w°Ïºa¿³¸ô¤C¤C¸¹","®ç¶é¥«¤K¼w°Ï¤j¦Ë¨½1¾Fºa¿³¸ô77¸¹","121.311246","24.953816"
"®ç¶é¥«¤K¼w°Ïºa¿³¸ô¤­¤@¸¹","®ç¶é¥«¤K¼w°Ï¤j¦Ë¨½1¾Fºa¿³¸ô51¸¹","121.311546","24.954717"
"®ç¶é¥«¤K¼w°Ïºa¿³¸ô¤»¤­¸¹","®ç¶é¥«¤K¼w°Ï¤j¦Ë¨½1¾Fºa¿³¸ô65¸¹","121.311419","24.954537"
"®ç¶é¥«¤K¼w°Ï¤j©úµó¤C¤T¸¹¤@¼Ó","®ç¶é¥«¤K¼w°Ï¤j§»¨½15¾F¤j©úµó73¸¹","121.297184","24.969019"
"®ç¶é¥«¤K¼w°Ï®ç¼w¸ô¤@¤@¤C¸¹","®ç¶é¥«¤K¼w°Ï¤j§»¨½7¾F®ç¼w¸ô117¸¹","121.294581","24.967968"
"®ç¶é¥«¤K¼w°Ï®ç¼w¸ô¤@¤C¥|¸¹","®ç¶é¥«¤K¼w°Ï¤j§»¨½14¾F®ç¼w¸ô174¸¹","121.295598","24.969532"
"®ç¶é¥«¤K¼w°Ï®ç¼w¸ô¤@¤K¤E¸¹","®ç¶é¥«¤K¼w°Ï¤j§»¨½14¾F®ç¼w¸ô189¸¹","121.295477","24.969753"
"®ç¶é¥«¤K¼w°Ï®ç¼w¸ô¤@¤K¤­¸¹","®ç¶é¥«¤K¼w°Ï¤j§»¨½14¾F®ç¼w¸ô185¸¹","121.295433","24.969674"
"®ç¶é¥«¤K¼w°Ï®ç¼w¸ô¤@¤K¥|«Ñ¤G¤K¸¹","®ç¶é¥«¤K¼w°Ï¤j§»¨½14¾F®ç¼w¸ô184«Ñ28¸¹","121.296417","24.969584"
"®ç¶é¥«¤K¼w°Ï®ç¼w¸ô¤»¥|¸¹","®ç¶é¥«¤K¼w°Ï¤j§»¨½1¾F®ç¼w¸ô64¸¹","121.294701","24.966635"
"®ç¶é¥«¤K¼w°Ï©M¦¨¸ô¢³¢¶¸¹","®ç¶é¥«¤K¼w°Ï¤jµo¨½18¾F©M¦¨¸ô47¸¹","121.323585","24.959907"
"®ç¶é¥«¤K¼w°Ï©M¦¨¸ô¤G¢¯¸¹","®ç¶é¥«¤K¼w°Ï¤jµo¨½18¾F©M¦¨¸ô20¸¹","121.322034","24.962052"
"®ç¶é¥«¤K¼w°Ï©M¦¨¸ô¥|¤T¸¹","®ç¶é¥«¤K¼w°Ï¤jµo¨½18¾F©M¦¨¸ô43¸¹","121.323394","24.960260"
"®ç¶é¥«¤K¼w°Ï«áÉÜµó¤@¤@¤T¸¹","®ç¶é¥«¤K¼w°Ï¤jµo¨½7¾F«áÉÜµó113¸¹","121.327451","24.958493"
"®ç¶é¥«¤K¼w°Ï«áÉÜµó¤E¡³«Ñ¤G¤G¸¹","®ç¶é¥«¤K¼w°Ï¤jµo¨½8¾F«áÉÜµó90«Ñ22¸¹","121.327294","24.957565"
"®ç¶é¥«¤K¼w°Ï«áÉÜµó¤G¤»«Ñ¤@¡³¸¹","®ç¶é¥«¤K¼w°Ï¤jµo¨½10¾F«áÉÜµó26«Ñ1¤§1¸¹","121.324619","24.956828"
"®ç¶é¥«¤K¼w°Ï«áÉÜµó¤G¤»«Ñ¤­¸¹","®ç¶é¥«¤K¼w°Ï¤jµo¨½10¾F«áÉÜµó26«Ñ5¸¹","121.324385","24.956449"
"®ç¶é¥«¤K¼w°Ï«áÉÜµó¤T¤T«Ñ¤@0¸¹","®ç¶é¥«¤K¼w°Ï¤jµo¨½5¾F«áÉÜµó33«Ñ10¸¹","121.324010","24.957353"
"®ç¶é¥«¤K¼w°Ï«áÉÜµó¤T¤T«Ñ¤E¸¹","®ç¶é¥«¤K¼w°Ï¤jµo¨½5¾F«áÉÜµó33«Ñ9¸¹","121.323634","24.957388"
"®ç¶é¥«¤K¼w°Ï´Iºaµó¤@¡³¸¹","®ç¶é¥«¤K¼w°Ï¤jµo¨½5¾F´Iºaµó50¤§1¸¹","121.320384","24.957525"
"®ç¶é¥«¤K¼w°ÏºÖ¼w¤@¸ô¢°¢¶¢¶«Ñ¢µ¢µ¸¹","®ç¶é¥«¤K¼w°Ï¤jµo¨½6¾FºÖ¼w¤@¸ô177«Ñ66¸¹","121.328378","24.964398"
"®ç¶é¥«¤K¼w°ÏºÖ¼w¤@¸ô¤»¤G«Ñ¥|¤G¸¹","®ç¶é¥«¤K¼w°Ï¤j©ú¨½16¾FºÖ¼w¤@¸ô62«Ñ42¸¹","121.327876","24.966579"
"®ç¶é¥«¤K¼w°Ï¤j¿³¸ô¤­¤­¤K¸¹","®ç¶é¥«¤K¼w°Ï¤j¶¶¨½26¾F¤j¿³¸ô558¸¹","121.301304","24.945193"
"®ç¶é¥«¤K¼w°Ïºa¿³¸ô533«Ñ60¸¹1¼Ó","®ç¶é¥«¤K¼w°Ï¤j¿³¨½20¾Fºa¿³¸ô533«Ñ60¸¹","121.309639","24.944959"
"®ç¶é¥«¤K¼w°ÏÁp©ú¤@µó9¸¹","®ç¶é¥«¤K¼w°Ï­XÐ¤¨½11¾FÁp©ú¤@µó9¸¹","121.277797","24.969355"
"®ç¶é¥«¤K¼w°Ï¢°¢·¾F¥Ã¿³µó¢´¢´¸¹","®ç¶é¥«¤K¼w°Ï¥ÃÂ×¨½9¾F¥Ã¿³µó55¸¹","121.274869","24.976100"
"®ç¶é¥«¤K¼w°Ï¤¤µØ¸ô¤G¡³¡³¸¹","®ç¶é¥«¤K¼w°Ï­X©ú¨½1¾F¤¤µØ¸ô85¤§1¸¹","121.280775","24.985487"
"®ç¶é¥«¤K¼w°Ï¥Ã¿³µó¢°¢´¸¹¢°¼Ó","®ç¶é¥«¤K¼w°Ï¥ÃÂ×¨½9¾F¥Ã¿³µó15¸¹","121.275304","24.974614"
"®ç¶é¥«¤K¼w°Ï¥Ã¿³µó18¤§1¸¹1¼Ó","®ç¶é¥«¤K¼w°Ï¥ÃÂ×¨½9¾F¥Ã¿³µó18¤§1¸¹","121.275436","24.975012"
"®ç¶é¥«¤K¼w°Ï¥Ã¿³µó¢°¢·¸¹","®ç¶é¥«¤K¼w°Ï¥ÃÂ×¨½9¾F¥Ã¿³µó18¤§2¸¹","121.275641","24.975056"
"®ç¶é¥«¤K¼w°Ï¥Ã¿³µó¢²¢³¸¹","®ç¶é¥«¤K¼w°Ï¥ÃÂ×¨½9¾F¥Ã¿³µó34¸¹","121.275320","24.975694"
"®ç¶é¥«¤K¼w°Ï¥Ã¿³µó¢²¢¶«Ñ¢±¢±§Ë¢°¢µ¸¹","®ç¶é¥«¤K¼w°Ï¥ÃÂ×¨½9¾F¥Ã¿³µó37«Ñ22§Ë16¸¹","121.274618","24.975902"
"®ç¶é¥«¤K¼w°Ï¥Ã¿³µó¢²¢¶«Ñ¢±¢±§Ë¢°¸¹","®ç¶é¥«¤K¼w°Ï¥ÃÂ×¨½9¾F¥Ã¿³µó37«Ñ22§Ë1¸¹","121.274534","24.975530"
"®ç¶é¥«¤K¼w°Ï¥Ã¿³µó37«Ñ22§Ë2¡B4¸¹","®ç¶é¥«¤K¼w°Ï¥ÃÂ×¨½9¾F¥Ã¿³µó37«Ñ22§Ë2¸¹","121.274707","24.975570"
"®ç¶é¥«¤K¼w°Ï¥Ã¿³µó¢²¢¶«Ñ¢´¸¹¢°¼Ó","®ç¶é¥«¤K¼w°Ï¥ÃÂ×¨½9¾F¥Ã¿³µó37«Ñ5¸¹","121.274713","24.975423"
"®ç¶é¥«¤K¼w°Ï¥Ã¿³µó¢²¢·¸¹","®ç¶é¥«¤K¼w°Ï¥ÃÂ×¨½9¾F¥Ã¿³µó38¸¹","121.275149","24.976038"
"®ç¶é¥«¤K¼w°Ï¥Ã¿³µó¤@¤K¤§¤G¡B¤@¤K¤§¤T¸¹","®ç¶é¥«¤K¼w°Ï¥ÃÂ×¨½9¾F¥Ã¿³µó15¤§1¸¹","121.275286","24.974685"
"®ç¶é¥«¤K¼w°Ï¥Ã¿³µó¤@¤K¤§¤­¸¹","®ç¶é¥«¤K¼w°Ï¥ÃÂ×¨½9¾F¥Ã¿³µó15¤§1¸¹","121.275286","24.974685"
"®ç¶é¥«¤K¼w°Ï¥Ã¿³µó¤@¤K¤§¤»¸¹","®ç¶é¥«¤K¼w°Ï¥ÃÂ×¨½9¾F¥Ã¿³µó15¤§1¸¹","121.275286","24.974685"
"®ç¶é¥«¤K¼w°Ï¥Ã¿³µó¤@¥|¸¹","®ç¶é¥«¤K¼w°Ï¥ÃÂ×¨½9¾F¥Ã¿³µó14¸¹","121.275497","24.974762"
"®ç¶é¥«¤K¼w°Ï¥Ã¿³µó¤@¸¹","®ç¶é¥«¤K¼w°Ï¥ÃÂ×¨½9¾F¥Ã¿³µó1¸¹","121.275355","24.974407"
"®ç¶é¥«¤K¼w°Ï¥Ã¿³µó¤K¸¹¤@¼Ó","®ç¶é¥«¤K¼w°Ï¥ÃÂ×¨½9¾F¥Ã¿³µó8¸¹","121.275612","24.974562"
"®ç¶é¥«¤K¼w°Ï¥Ã¿³µó¤T¤C«Ñ¤@¸¹","®ç¶é¥«¤K¼w°Ï¥ÃÂ×¨½9¾F¥Ã¿³µó37«Ñ1¸¹","121.274849","24.975463"
"®ç¶é¥«¤K¼w°Ï¥Ã¿³µó¤T¤C«Ñ¤C¡B¤E¡B¤@¤@¸¹","®ç¶é¥«¤K¼w°Ï¥ÃÂ×¨½9¾F¥Ã¿³µó37«Ñ1¸¹","121.274849","24.975463"
"®ç¶é¥«¤K¼w°Ï¥Ã¿³µó¤T¤C«Ñ¤G¤G§Ë¤@¤G¸¹","®ç¶é¥«¤K¼w°Ï¥ÃÂ×¨½9¾F¥Ã¿³µó37«Ñ22§Ë12¸¹","121.274651","24.975771"
"®ç¶é¥«¤K¼w°Ï¥Ã¿³µó¤T¤C«Ñ¤G¤G§Ë¤E¸¹","®ç¶é¥«¤K¼w°Ï¥ÃÂ×¨½9¾F¥Ã¿³µó37«Ñ22§Ë9¸¹","121.274430","24.975779"
"®ç¶é¥«¤K¼w°Ï¥Ã¿³µó¤T¤C«Ñ¤G¤G§Ë¤K¸¹","®ç¶é¥«¤K¼w°Ï¥ÃÂ×¨½9¾F¥Ã¿³µó37«Ñ22§Ë8¸¹","121.274662","24.975729"
"®ç¶é¥«¤K¼w°Ï¥Ã¿³µó¤T¤C«Ñ¤G¤G§Ë¤T¸¹","®ç¶é¥«¤K¼w°Ï¥ÃÂ×¨½9¾F¥Ã¿³µó37«Ñ22§Ë3¸¹","121.274504","24.975599"
"®ç¶é¥«¤K¼w°Ï¥Ã¿³µó¤T¤E¸¹","®ç¶é¥«¤K¼w°Ï¥ÃÂ×¨½9¾F¥Ã¿³µó39¸¹","121.275030","24.975668"
"®ç¶é¥«¤K¼w°Ï¥Ã¿³µó¤T¤G«Ñ¤G¸¹","®ç¶é¥«¤K¼w°Ï¥ÃÂ×¨½9¾F¥Ã¿³µó32«Ñ2¸¹","121.275395","24.975475"
"®ç¶é¥«¤K¼w°Ï¥Ã¿³µó¤T¤G«Ñ¤K¸¹","®ç¶é¥«¤K¼w°Ï¥ÃÂ×¨½9¾F¥Ã¿³µó32«Ñ8¸¹","121.275491","24.975489"
"®ç¶é¥«¤K¼w°Ï¥Ã¿³µó¤T¤»¸¹","®ç¶é¥«¤K¼w°Ï¥ÃÂ×¨½9¾F¥Ã¿³µó36¸¹","121.275232","24.975903"
"®ç¶é¥«¤K¼w°Ï¥Ã¿³µó¤T¥|¤§¤@¸¹","®ç¶é¥«¤K¼w°Ï¥ÃÂ×¨½9¾F¥Ã¿³µó15¤§1¸¹","121.275286","24.974685"
"®ç¶é¥«¤K¼w°Ï¥Ã¿³µó¥|¤@¸¹","®ç¶é¥«¤K¼w°Ï¥ÃÂ×¨½9¾F¥Ã¿³µó41¸¹","121.275033","24.975720"
"®ç¶é¥«¤K¼w°Ï¥Ã¿³µó¥|¤T¡B¥|¤­¸¹","®ç¶é¥«¤K¼w°Ï¥ÃÂ×¨½9¾F¥Ã¿³µó15¤§1¸¹","121.275286","24.974685"
"®ç¶é¥«¤K¼w°Ï©¾¶Ôµó¤T¤T¤§¤G¸¹¤@¼Ó","®ç¶é¥«¤K¼w°Ï¥ÃÂ×¨½7¾F©¾¶Ôµó33¤§1¸¹","121.271895","24.970148"
"®ç¶é¥«¤K¼w°Ï°ª«°¤Eµó¢±¢²¸¹","®ç¶é¥«¤K¼w°Ï°ª©ú¨½31¾F°ª«°¤Eµó23¸¹","121.276937","24.975837"
"®ç¶é¥«¤K¼w°Ï°ª«°¸ô221¸¹1¼Ó","®ç¶é¥«¤K¼w°Ï°ª©ú¨½31¾F°ª«°¸ô221¸¹","121.275980","24.974295"
"®ç¶é¥«¤K¼w°Ï°êÁpµó¤@¤K¸¹","®ç¶é¥«¤K¼w°Ï¥ÃÂ×¨½11¾F°êÁpµó18¸¹","121.274813","24.973059"
"®ç¶é¥«¤K¼w°Ï°êÁpµó¤G¤G«Ñ¤@¤E¸¹","®ç¶é¥«¤K¼w°Ï¥ÃÂ×¨½11¾F°êÁpµó22«Ñ19¸¹","121.275325","24.972878"
"®ç¶é¥«¤K¼w°Ï°êÁpµó¤»¤@¸¹","®ç¶é¥«¤K¼w°Ï¥ÃÂ×¨½12¾F°êÁpµó61¸¹","121.275808","24.973271"
"®ç¶é¥«¤K¼w°ÏµØ±dµó¢±¢¯¢³¡Ð¢°¸¹","®ç¶é¥«¤K¼w°Ï¥ÃÂ×¨½14¾FµØ±dµó204¤§1¸¹","121.269401","24.970362"
"®ç¶é¥«¤K¼w°ÏµØ±dµó¢±¢¯¢¶«Ñ¢°¢²¸¹","®ç¶é¥«¤K¼w°Ï¥ÃÂ×¨½14¾FµØ±dµó207«Ñ13¸¹","121.270058","24.970397"
"®ç¶é¥«¤K¼w°ÏµØ±dµó¢±¢¯¢¶«Ñ¢°¢´¸¹","®ç¶é¥«¤K¼w°Ï¥ÃÂ×¨½14¾FµØ±dµó207«Ñ15¸¹","121.270149","24.970422"
"®ç¶é¥«¤K¼w°ÏµØ±dµó¢±¢¯¢¶«Ñ¢°¢·¸¹","®ç¶é¥«¤K¼w°Ï¥ÃÂ×¨½14¾FµØ±dµó207«Ñ18¸¹","121.270209","24.970211"
"®ç¶é¥«¤K¼w°ÏµØ±dµó¢±¢¯¢¶«Ñ¢±¢±§Ë¢°¢¶¸¹","®ç¶é¥«¤K¼w°Ï¥ÃÂ×¨½14¾FµØ±dµó207«Ñ22§Ë17¸¹","121.270854","24.970029"
"®ç¶é¥«¤K¼w°ÏµØ±dµó¢±¢¯¢¶«Ñ¢±¢±§Ë¢±¢°¸¹","®ç¶é¥«¤K¼w°Ï¥ÃÂ×¨½14¾FµØ±dµó207«Ñ22§Ë21¸¹","121.270870","24.969651"
"®ç¶é¥«¤K¼w°ÏµØ±dµó207«Ñ22§Ë26¤§2¸¹","®ç¶é¥«¤K¼w°Ï¥ÃÂ×¨½14¾FµØ±dµó207«Ñ22§Ë26¤§2¸¹","121.270524","24.970005"
"®ç¶é¥«¤K¼w°ÏµØ±dµó207«Ñ22§Ë28¸¹","®ç¶é¥«¤K¼w°Ï¥ÃÂ×¨½14¾FµØ±dµó207«Ñ22§Ë28¸¹","121.270614","24.969732"
"®ç¶é¥«¤K¼w°ÏµØ±dµó207«Ñ22§Ë28¸¹1¼Ó","®ç¶é¥«¤K¼w°Ï¥ÃÂ×¨½14¾FµØ±dµó207«Ñ22§Ë28¸¹","121.270614","24.969732"
"®ç¶é¥«¤K¼w°ÏµØ±dµó207«Ñ22§Ë31¸¹","®ç¶é¥«¤K¼w°Ï¥ÃÂ×¨½14¾FµØ±dµó207«Ñ22§Ë31¸¹","121.270880","24.969476"
"®ç¶é¥«¤K¼w°ÏµØ±dµó¢±¢¯¢¶«Ñ¢±¢±§Ë¢²¢´¸¹¢°¼Ó","®ç¶é¥«¤K¼w°Ï¥ÃÂ×¨½14¾FµØ±dµó207«Ñ22§Ë35¸¹","121.270897","24.969338"
"®ç¶é¥«¤K¼w°ÏµØ±dµó207«Ñ23¸¹","®ç¶é¥«¤K¼w°Ï¥ÃÂ×¨½14¾FµØ±dµó207«Ñ23¸¹","121.270882","24.970338"
"®ç¶é¥«¤K¼w°ÏµØ±dµó¢±¢¯¢¸¸¹","®ç¶é¥«¤K¼w°Ï¥ÃÂ×¨½14¾FµØ±dµó209¸¹","121.269683","24.970213"
"®ç¶é¥«¤K¼w°ÏµØ±dµó248¡B248-2¸¹","®ç¶é¥«¤K¼w°Ï¥ÃÂ×¨½14¾FµØ±dµó200¤§1¸¹","121.269399","24.970410"
"®ç¶é¥«¤K¼w°ÏµØ±dµó¢±¢³¢¸«Ñ¢±¢³¸¹¢°¼Ó","®ç¶é¥«¤K¼w°Ï¥ÃÂ×¨½14¾FµØ±dµó249«Ñ24¸¹","121.270615","24.969048"
"®ç¶é¥«¤K¼w°ÏµØ±dµó272¸¹","®ç¶é¥«¤K¼w°Ï¥ÃÂ×¨½14¾FµØ±dµó272¸¹","121.269456","24.968622"
"®ç¶é¥«¤K¼w°ÏµØ±dµó¢±¢¶¢±¸¹","®ç¶é¥«¤K¼w°Ï¥ÃÂ×¨½14¾FµØ±dµó272¸¹","121.269456","24.968622"
"®ç¶é¥«¤K¼w°ÏµØ±dµó¤G¡³¤@¸¹¤@¼Ó","®ç¶é¥«¤K¼w°Ï¥ÃÂ×¨½14¾FµØ±dµó200¤§1¸¹","121.269399","24.970410"
"®ç¶é¥«¤K¼w°ÏµØ±dµó¤G¡³¤C«Ñ¤@¤@¸¹","®ç¶é¥«¤K¼w°Ï¥ÃÂ×¨½13¾FµØ±dµó11¸¹","121.270549","24.975360"
"®ç¶é¥«¤K¼w°ÏµØ±dµó¤G¡³¤C«Ñ¤G¤G§Ë¤G¤E¸¹","®ç¶é¥«¤K¼w°Ï¥ÃÂ×¨½14¾FµØ±dµó207«Ñ22§Ë29¸¹","121.270889","24.969543"
"®ç¶é¥«¤K¼w°ÏµØ±dµó¤G¡³¤C«Ñ¤G¤G§Ë¤T¤C¸¹","®ç¶é¥«¤K¼w°Ï¥ÃÂ×¨½14¾FµØ±dµó207«Ñ22§Ë37¸¹","121.270907","24.969172"
"®ç¶é¥«¤K¼w°ÏµØ±dµó¤G¡³¤K¸¹","®ç¶é¥«¤K¼w°Ï¥ÃÂ×¨½14¾FµØ±dµó200¤§1¸¹","121.269399","24.970410"
"®ç¶é¥«¤K¼w°ÏµØ±dµó¤G¢¯¤C«Ñ¤@¤E¸¹¤@¡B¤G¼Ó","®ç¶é¥«¤K¼w°Ï¥ÃÂ×¨½14¾FµØ±dµó207«Ñ19¸¹","121.270292","24.970444"
"®ç¶é¥«¤K¼w°ÏµØ±dµó¤G¢¯¤C«Ñ¤@¥|¸¹","®ç¶é¥«¤K¼w°Ï¥ÃÂ×¨½14¾FµØ±dµó207«Ñ14¸¹","121.270079","24.970199"
"®ç¶é¥«¤K¼w°ÏµØ±dµó¤G¢¯¤C«Ñ¤G¤G§Ë¤G¤»¤§¤@¸¹","®ç¶é¥«¤K¼w°Ï¥ÃÂ×¨½14¾FµØ±dµó207«Ñ22§Ë26¤§1¸¹","121.270503","24.970115"
"®ç¶é¥«¤K¼w°ÏµØ±dµó¤G¢¯¤C«Ñ¤G¤G§Ë¤G¤»¤§¤T¸¹","®ç¶é¥«¤K¼w°Ï¥ÃÂ×¨½14¾FµØ±dµó207«Ñ22§Ë26¤§1¸¹","121.270503","24.970115"
"®ç¶é¥«¤K¼w°ÏµØ±dµó¤G¢¯¤C«Ñ¤G¤G§Ë¤G¤»¸¹","®ç¶é¥«¤K¼w°Ï¥ÃÂ×¨½14¾FµØ±dµó207«Ñ22§Ë26¸¹","121.270519","24.970221"
"®ç¶é¥«¤K¼w°ÏµØ±dµó¤G¤@¤E¸¹","®ç¶é¥«¤K¼w°Ï¥ÃÂ×¨½14¾FµØ±dµó219¸¹","121.269702","24.969896"
"®ç¶é¥«¤K¼w°ÏµØ±dµó¤G¤@¤­¸¹","®ç¶é¥«¤K¼w°Ï¥ÃÂ×¨½14¾FµØ±dµó215¸¹","121.269683","24.970029"
"®ç¶é¥«¤K¼w°ÏµØ±dµó¤G¥|¤E«Ñ¤G¤@¸¹","®ç¶é¥«¤K¼w°Ï¥ÃÂ×¨½14¾FµØ±dµó249«Ñ21¸¹","121.270143","24.969164"
"®ç¶é¥«¤K¼w°ÏµØ±dµó¤G¥|¤E«Ñ¤G¤­¸¹","®ç¶é¥«¤K¼w°Ï¥ÃÂ×¨½14¾FµØ±dµó249«Ñ25¸¹","121.270720","24.969200"
"®ç¶é¥«¤K¼w°Ï¶}¶©µó¢°¢±¸¹¢°¼Ó","®ç¶é¥«¤K¼w°Ï¥ÃÂ×¨½9¾F¶}¶©µó12¸¹","121.274484","24.973640"
"®ç¶é¥«¤K¼w°Ï¶}¶©µó¢±¢±«Ñ¤G¸¹","®ç¶é¥«¤K¼w°Ï¥ÃÂ×¨½11¾F¶}¶©µó22«Ñ2¸¹","121.274711","24.973588"
"®ç¶é¥«¤K¼w°Ï¶}¶©µó¢²¢²¸¹","®ç¶é¥«¤K¼w°Ï¥ÃÂ×¨½9¾F¶}¶©µó33¸¹","121.275051","24.974131"
"®ç¶é¥«¤K¼w°Ï¶}¶©µó40¸¹","®ç¶é¥«¤K¼w°Ï¥ÃÂ×¨½9¾F¶}¶©µó40¸¹","121.275288","24.973943"
"®ç¶é¥«¤K¼w°Ï¶}¶©µó¢³¢°«Ñ¢°¢±¸¹","®ç¶é¥«¤K¼w°Ï¥ÃÂ×¨½9¾F¶}¶©µó41«Ñ12¸¹","121.275127","24.974834"
"®ç¶é¥«¤K¼w°Ï¶}¶©µó41«Ñ9-3¡B9-4¡B9-5¸¹","®ç¶é¥«¤K¼w°Ï¥ÃÂ×¨½9¾F¶}¶©µó41«Ñ9¤§1¸¹","121.274768","24.974796"
"®ç¶é¥«¤K¼w°Ï¶}¶©µó¢³¢°«Ñ¢¸¤§¢±¸¹","®ç¶é¥«¤K¼w°Ï¥ÃÂ×¨½9¾F¶}¶©µó41«Ñ9¤§2¸¹","121.274837","24.974942"
"®ç¶é¥«¤K¼w°Ï¶}¶©µó¢³¢°«Ñ¢¸¸¹¡B¢¸¤§¢°¸¹","®ç¶é¥«¤K¼w°Ï¥ÃÂ×¨½9¾F¶}¶©µó41«Ñ9¸¹","121.274833","24.974702"
"®ç¶é¥«¤K¼w°Ï¶}¶©µó42¸¹","®ç¶é¥«¤K¼w°Ï¥ÃÂ×¨½9¾F¶}¶©µó42¸¹","121.275394","24.973960"
"®ç¶é¥«¤K¼w°Ï¶}¶©µó¢³¢´¸¹¢²¼Ó","®ç¶é¥«¤K¼w°Ï¥ÃÂ×¨½9¾F¶}¶©µó45¸¹","121.275323","24.974195"
"®ç¶é¥«¤K¼w°Ï¶}¶©µó¢³¢µ¸¹","®ç¶é¥«¤K¼w°Ï¥ÃÂ×¨½9¾F¶}¶©µó46¸¹","121.275469","24.973997"
"®ç¶é¥«¤K¼w°Ï¶}¶©µó¢³¢·¸¹","®ç¶é¥«¤K¼w°Ï¥ÃÂ×¨½9¾F¶}¶©µó48¸¹","121.275566","24.974030"
"®ç¶é¥«¤K¼w°Ï¶}¶©µó55.55¤§1¸¹2.3¼Ó","®ç¶é¥«¤K¼w°Ï¥ÃÂ×¨½9¾F¶}¶©µó29¤§3¸¹","121.274725","24.974226"
"®ç¶é¥«¤K¼w°Ï¶}¶©µó¢´¢µ«Ñ¢·¸¹","®ç¶é¥«¤K¼w°Ï¥ÃÂ×¨½9¾F¶}¶©µó56«Ñ8¸¹","121.275694","24.973759"
"®ç¶é¥«¤K¼w°Ï¶}¶©µó60¸¹","®ç¶é¥«¤K¼w°Ï¥ÃÂ×¨½9¾F¶}¶©µó60¸¹","121.275893","24.974023"
"®ç¶é¥«¤K¼w°Ï¶}¶©µó¢¶¢µ«Ñ¢°¢±§Ë¢°¢°¸¹","®ç¶é¥«¤K¼w°Ï¥ÃÂ×¨½10¾F¶}¶©µó76«Ñ12§Ë11¸¹","121.275850","24.973556"
"®ç¶é¥«¤K¼w°Ï¶}¶©µó¢¶¢µ«Ñ¢°¢±§Ë¢¶¸¹","®ç¶é¥«¤K¼w°Ï¥ÃÂ×¨½10¾F¶}¶©µó76«Ñ12§Ë7¸¹","121.275991","24.973516"
"®ç¶é¥«¤K¼w°Ï¶}¶©µó¢¶¢µ«Ñ¢°¢³¸¹¢°¼Ó","®ç¶é¥«¤K¼w°Ï¥ÃÂ×¨½10¾F¶}¶©µó76«Ñ14¸¹","121.276375","24.973469"
"®ç¶é¥«¤K¼w°Ï¶}¶©µó76«Ñ8¡B10¸¹","®ç¶é¥«¤K¼w°Ï¥ÃÂ×¨½10¾F¶}¶©µó76«Ñ76¸¹","121.276424","24.973087"
"®ç¶é¥«¤K¼w°Ï¶}¶©µó82¸¹","®ç¶é¥«¤K¼w°Ï¥ÃÂ×¨½10¾F¶}¶©µó82¸¹","121.276809","24.973836"
"®ç¶é¥«¤K¼w°Ï¶}¶©µó¤C¤K¸¹","®ç¶é¥«¤K¼w°Ï¥ÃÂ×¨½10¾F¶}¶©µó78¸¹","121.276648","24.973853"
"®ç¶é¥«¤K¼w°Ï¶}¶©µó¤C¤»«Ñ¤@¤G§Ë¤@¤­¸¹","®ç¶é¥«¤K¼w°Ï¥ÃÂ×¨½10¾F¶}¶©µó76«Ñ12§Ë15¸¹","121.275714","24.973645"
"®ç¶é¥«¤K¼w°Ï¶}¶©µó¤C¤»«Ñ¤@¤G§Ë¤@¸¹","®ç¶é¥«¤K¼w°Ï¥ÃÂ×¨½10¾F¶}¶©µó76«Ñ12§Ë1¸¹","121.276207","24.973475"
"®ç¶é¥«¤K¼w°Ï¶}¶©µó¤C¤»«Ñ¤@¤G§Ë¤T¸¹¤@¼Ó","®ç¶é¥«¤K¼w°Ï¥ÃÂ×¨½10¾F¶}¶©µó76«Ñ12§Ë3¸¹","121.276127","24.973490"
"®ç¶é¥«¤K¼w°Ï¶}¶©µó¤C¤»«Ñ¤@¤»¸¹","®ç¶é¥«¤K¼w°Ï¥ÃÂ×¨½10¾F¶}¶©µó76«Ñ16¸¹","121.276365","24.973406"
"®ç¶é¥«¤K¼w°Ï¶}¶©µó¤C¤»«Ñ¤C¢¯¸¹","®ç¶é¥«¤K¼w°Ï¥ÃÂ×¨½10¾F¶}¶©µó76«Ñ70¸¹","121.276389","24.973253"
"®ç¶é¥«¤K¼w°Ï¶}¶©µó¤C¤»«Ñ¤C¸¹","®ç¶é¥«¤K¼w°Ï¥ÃÂ×¨½10¾F¶}¶©µó76«Ñ7¸¹","121.276562","24.973769"
"®ç¶é¥«¤K¼w°Ï¶}¶©µó¤C¤»«Ñ¤E¸¹","®ç¶é¥«¤K¼w°Ï¥ÃÂ×¨½10¾F¶}¶©µó76«Ñ9¸¹","121.276567","24.973655"
"®ç¶é¥«¤K¼w°Ï¶}¶©µó¤C¤»«Ñ¤»¤»¸¹","®ç¶é¥«¤K¼w°Ï¥ÃÂ×¨½10¾F¶}¶©µó76«Ñ66¸¹","121.276401","24.973334"
"®ç¶é¥«¤K¼w°Ï¶}¶©µó¤C¤»«Ñ¤»¸¹","®ç¶é¥«¤K¼w°Ï¥ÃÂ×¨½10¾F¶}¶©µó76«Ñ6¸¹","121.276280","24.973743"
"®ç¶é¥«¤K¼w°Ï¶}¶©µó¤C¥|¸¹","®ç¶é¥«¤K¼w°Ï¥ÃÂ×¨½9¾F¶}¶©µó74¸¹","121.276360","24.973901"
"®ç¶é¥«¤K¼w°Ï¶}¶©µó¤E¢¯¸¹¤@¼Ó","®ç¶é¥«¤K¼w°Ï¥ÃÂ×¨½10¾F¶}¶©µó90¸¹","121.277056","24.973916"
"®ç¶é¥«¤K¼w°Ï¶}¶©µó¤E¤G¸¹","®ç¶é¥«¤K¼w°Ï¥ÃÂ×¨½10¾F¶}¶©µó92¸¹","121.277113","24.973935"
"®ç¶é¥«¤K¼w°Ï¶}¶©µó¤G¤C¸¹","®ç¶é¥«¤K¼w°Ï¥ÃÂ×¨½9¾F¶}¶©µó27¸¹","121.274756","24.974019"
"®ç¶é¥«¤K¼w°Ï¶}¶©µó¤G¸¹","®ç¶é¥«¤K¼w°Ï¥ÃÂ×¨½9¾F¶}¶©µó2¸¹","121.274249","24.973499"
"®ç¶é¥«¤K¼w°Ï¶}¶©µó¤K¤K¸¹","®ç¶é¥«¤K¼w°Ï¥ÃÂ×¨½10¾F¶}¶©µó88¸¹","121.276967","24.973891"
"®ç¶é¥«¤K¼w°Ï¶}¶©µó¤T¡³¸¹¤G¼Ó","®ç¶é¥«¤K¼w°Ï¥ÃÂ×¨½9¾F¶}¶©µó29¤§1¸¹","121.274836","24.974141"
"®ç¶é¥«¤K¼w°Ï¶}¶©µó¤­¤G¸¹","®ç¶é¥«¤K¼w°Ï¥ÃÂ×¨½9¾F¶}¶©µó52¸¹","121.275682","24.974025"
"®ç¶é¥«¤K¼w°Ï¶}¶©µó¤­¤»«Ñ¤»¸¹","®ç¶é¥«¤K¼w°Ï¥ÃÂ×¨½9¾F¶}¶©µó56«Ñ6¸¹","121.275704","24.973811"
"®ç¶é¥«¤K¼w°Ï¶}¶©µó¤»¤K¸¹","®ç¶é¥«¤K¼w°Ï¥ÃÂ×¨½9¾F¶}¶©µó68¸¹","121.276095","24.973786"
"®ç¶é¥«¤K¼w°Ï¶}¶©¸ô¢³¢´¸¹¢°¡B¢±¼Ó","®ç¶é¥«¤K¼w°Ï¥ÃÂ×¨½9¾F¶}¶©µó45¸¹","121.275323","24.974195"
"®ç¶é¥«¤K¼w°Ï¼sºÖ¸ô¤K¤C¤E«Ñ¤@¤C¤C§Ë¤@¤K¸¹","®ç¶é¥«¤K¼w°Ï¥ÕÆO¨½25¾F¼sºÖ¸ô879«Ñ177§Ë18¸¹","121.275110","24.956694"
"®ç¶é¥«¤K¼w°ÏÄ_Â×µó¤@¤­«Ñ¤@¸¹","®ç¶é¥«¤K¼w°Ï­XÐ¤¨½13¾FÄ_Â×µó15«Ñ1¸¹","121.276311","24.966286"
"®ç¶é¥«¤K¼w°Ï16¾F¤¶¹Ø¸ô2¬q252«Ñ71§Ë70¸¹","®ç¶é¥«¤K¼w°Ï·ç¿³¨½16¾F¤¶¹Ø¸ô¤G¬q252«Ñ71§Ë70¸¹","121.295151","24.950161"
"®ç¶é¥«¤K¼w°Ï¤¶¹Ø¸ô¤G¬q252«Ñ71§Ë75¸¹1¼Ó","®ç¶é¥«¤K¼w°Ï·ç¿³¨½16¾F¤¶¹Ø¸ô¤G¬q252«Ñ71§Ë75¸¹","121.295363","24.949903"
"®ç¶é¥«¤K¼w°Ï¤¶¹Ø¸ô¤G¬q252«Ñ71§Ë77¸¹1¼Ó","®ç¶é¥«¤K¼w°Ï·ç¿³¨½16¾F¤¶¹Ø¸ô¤G¬q252«Ñ71§Ë77¸¹","121.295134","24.949318"
"®ç¶é¥«¤K¼w°Ï¤¶¹Ø¸ô¤G¬q¤G¤­¤G«Ñ¤C¤@§Ë¤C¤E¸¹","®ç¶é¥«¤K¼w°Ï·ç¿³¨½16¾F¤¶¹Ø¸ô¤G¬q252«Ñ71§Ë79¸¹","121.294845","24.949026"
"®ç¶é¥«¤K¼w°Ï¤¶¹Ø¸ô¤G¬q¤G¤­¤G«Ñ¤C¤@§Ë¤C¤T¸¹","®ç¶é¥«¤K¼w°Ï·ç¿³¨½16¾F¤¶¹Ø¸ô¤G¬q252«Ñ71§Ë55¤§1¸¹","121.295770","24.950848"
"®ç¶é¥«¤K¼w°Ï¤¶¹Ø¸ô¤G¬q¤G¤­¤G«Ñ¤C¤@§Ë¤C¤­¤§¤@¸¹","®ç¶é¥«¤K¼w°Ï·ç¿³¨½16¾F¤¶¹Ø¸ô¤G¬q252«Ñ71§Ë55¤§1¸¹","121.295770","24.950848"
"®ç¶é¥«¤K¼w°Ï«Ø°ê¸ô¢²¢¯¢µ«Ñ¢¸¢µ¸¹¢°¼Ó","®ç¶é¥«¤K¼w°Ï·ç¿³¨½2¾F«Ø°ê¸ô306«Ñ96¸¹","121.290755","24.938583"
"®ç¶é¥«¤K¼w°Ï«Ø°ê¸ô386¸¹","®ç¶é¥«¤K¼w°Ï·ç¿³¨½4¾F«Ø°ê¸ô386¸¹","121.288203","24.940054"
"®ç¶é¥«¤K¼w°Ï«Ø°ê¸ô¢³¢³¢±«Ñ¢¶¢¯¸¹","®ç¶é¥«¤K¼w°Ï·ç¿³¨½6¾F«Ø°ê¸ô442«Ñ70¸¹","121.289594","24.942451"
"®ç¶é¥«¤K¼w°Ï«Ø°ê¸ô772«Ñ160§Ë22¸¹","®ç¶é¥«¤K¼w°Ï·ç¿³¨½14¾F«Ø°ê¸ô772«Ñ160§Ë22¸¹","121.293847","24.949288"
"®ç¶é¥«¤K¼w°Ï«Ø°ê¸ô772«Ñ160§Ë28¸¹1¼Ó","®ç¶é¥«¤K¼w°Ï·ç¿³¨½14¾F«Ø°ê¸ô772«Ñ160§Ë28¸¹","121.293760","24.949192"
"®ç¶é¥«¤K¼w°Ï«Ø°ê¸ô¤C¤C¤G«Ñ¤@¤»¢¯§Ë¤G¸¹","®ç¶é¥«¤K¼w°Ï·ç¿³¨½14¾F«Ø°ê¸ô772«Ñ160§Ë2¸¹","121.294219","24.949763"
"®ç¶é¥«¤K¼w°Ï«Ø°ê¸ô¥|¢¯¥|«Ñ¤E¸¹¤@¼Ó","®ç¶é¥«¤K¼w°Ï·ç¿³¨½4¾F«Ø°ê¸ô404«Ñ9¸¹","121.288434","24.940937"
"®ç¶é¥«¤K¼w°Ï·çµoµó¤@¤@¤K¸¹¤@¼Ó","®ç¶é¥«¤K¼w°Ï·çµo¨½22¾F·çµoµó118¸¹","121.300617","24.933898"
"®ç¶é¥«¤K¼w°Ï«Ø°ê¸ô¤C¤C¤G«Ñ¤@¤G¡³§Ë¤@ÛÁ¤G¤@¸¹","®ç¶é¥«¤K¼w°Ï·ç¿³¨½15¾F«Ø°ê¸ô772«Ñ160§Ë21¸¹","121.294091","24.949281"
"®ç¶é¥«¤K¼w°Ï«Ø°ê¸ô¤C¤C¤G«Ñ¤@¤G¡³§Ë¤TÛÁ¤@¥|¸¹¤@¼Ó","®ç¶é¥«¤K¼w°Ï¼s¼w¨½13¾F«Ø°ê¸ô772«Ñ120§Ë14¸¹","121.293650","24.949370"
"®ç¶é¥«¤K¼w°Ï·s¿³¸ô¢µ¢´¤§¢±¸¹","®ç¶é¥«¤K¼w°Ï¼s¼w¨½15¾F·s¿³¸ô65¤§2¸¹","121.289621","24.951888"
"®ç¶é¥«¤K¼w°ÏÀs®cµó¢²¢²«Ñ¢²¢·¸¹¢°¼Ó","®ç¶é¥«¤K¼w°ÏÀs¤Í¨½13¾FÀs®cµó33«Ñ38¸¹","121.257783","24.925866"
"®ç¶é¥«¤j¶é°Ï?ªL¸ô215¸¹","®ç¶é¥«¤j¶é°Ï¤T¥Û¨½8¾F?ªL¸ô19¸¹","121.259431","25.073976"
"®ç¶é¥«¤j¶é°Ï¤T¥Á¸ô¤G¬q¢·¢²¢°¸¹¢°¼Ó","®ç¶é¥«¤j¶é°Ï?ªL¨½1¾F¤T¥Á¸ô¤G¬q831¸¹","121.261398","25.069776"
"®ç¶é¥«¤j¶é°Ï¤T¥Á¸ô¤G¬q¤K¤G¤C¸¹","®ç¶é¥«¤j¶é°Ï?ªL¨½1¾F¤T¥Á¸ô¤G¬q827¸¹","121.261229","25.070047"
"®ç¶é¥«¤j¶é°Ï¤T¥Á¸ô¤G¬q¤T¤T¤C«Ñ¤T¤Q§Ë¤K¸¹","®ç¶é¥«¤j¶é°Ï?ªL¨½18¾F¤T¥Á¸ô¤G¬q337«Ñ30§Ë8¸¹","121.258606","25.081678"
"®ç¶é¥«¤j¶é°Ï¤­¡³¤§¤T¡D¤­¡³¤§¥|¸¹","®ç¶é¥«¤j¶é°Ï?ªL¨½1¾F©Þ¤lªL1¤§1¸¹","121.260544","25.069553"
"®ç¶é¥«¤j¶é°Ï´_¿³µó18¸¹1¼Ó","®ç¶é¥«¤j¶é°Ï?ªL¨½21¾F´_¿³µó18¸¹","121.255176","25.086991"
"®ç¶é¥«¤j¶é°ÏºÖ¼w¸ô68«Ñ1§Ë10¸¹1¼Ó","®ç¶é¥«¤j¶é°Ï?ªL¨½6¾FºÖ¼w¸ô68«Ñ1§Ë10¸¹","121.257776","25.074976"
"®ç¶é¥«¤j·Ë°Ï¤G¥|¾F«H¸q¸ô¤G¤­¢¯¸¹","®ç¶é¥«¤j·Ë°Ï¥Ð¤ß¨½1¾F«H¸q¸ô250¸¹","121.296382","24.887086"
"®ç¶é¥«¤j·Ë°Ï¤K¾FªF¤@¸ô¤K¤T¸¹","®ç¶é¥«¤j·Ë°Ï¥Ð¤ß¨½37¾FªF¤@¸ô79¤§1¸¹","121.292108","24.882906"
"®ç¶é¥«¤j·Ë°Ï«H¸q¸ô230¸¹","®ç¶é¥«¤j·Ë°Ï¥Ð¤ß¨½1¾F«H¸q¸ô230¸¹","121.295652","24.886146"
"®ç¶é¥«¤j·Ë°Ï«H¸q¸ô¢±¢³¢¯¤§¢°¸¹","®ç¶é¥«¤j·Ë°Ï¥Ð¤ß¨½1¾F«H¸q¸ô240¤§1¸¹","121.295951","24.886777"
"®ç¶é¥«¤j·Ë°Ï«H¸q¸ô¢±¢³¢¯¸¹","®ç¶é¥«¤j·Ë°Ï¥Ð¤ß¨½1¾F«H¸q¸ô240¸¹","121.295796","24.886639"
"®ç¶é¥«¤j·Ë°Ï«H¸q¸ô¢±¢·¢±¸¹","®ç¶é¥«¤j·Ë°Ï¥Ð¤ß¨½1¾F«H¸q¸ô282¸¹","121.297672","24.887871"
"®ç¶é¥«¤j·Ë°Ï«H¸q¸ô¤@¤E¢¯¸¹","®ç¶é¥«¤j·Ë°Ï¥Ð¤ß¨½3¾F«H¸q¸ô190¸¹","121.294071","24.885596"
"®ç¶é¥«¤j·Ë°Ï«H¸q¸ô¤G¤@¤»¸¹","®ç¶é¥«¤j·Ë°Ï¥Ð¤ß¨½1¾F«H¸q¸ô216¸¹","121.294418","24.885688"
"®ç¶é¥«¤j·Ë°Ï«H¸q¸ô¤G¤K¤G¸¹","®ç¶é¥«¤j·Ë°Ï¥Ð¤ß¨½1¾F«H¸q¸ô282¸¹","121.297672","24.887871"
"®ç¶é¥«¤j·Ë°Ï¤¤µØ¸ô¢¶¢¶«Ñ¢±¢´§Ë¢²¢·¸¹¢°¼Ó","®ç¶é¥«¤j·Ë°Ï¥Ð¤ß¨½5¾F¤¤µØ¸ô77«Ñ25§Ë38¸¹","121.294884","24.884697"
"®ç¶é¥«¤j·Ë°Ï¤¤µØ¸ô¤@¤G¤@«Ñ¤G¤@§Ë¤C¡B¤E¸¹","®ç¶é¥«¤j·Ë°Ï¥Ð¤ß¨½6¾F¤¤µØ¸ô121«Ñ21§Ë1¸¹","121.295948","24.883149"
"®ç¶é¥«¤j·Ë°Ï«H¸q¸ô¤G¤G¤»¸¹","®ç¶é¥«¤j·Ë°Ï¥Ð¤ß¨½1¾F«H¸q¸ô226¸¹","121.295037","24.885263"
"®ç¶é¥«¤j·Ë°Ï¤¯©M¸ô¤@¬q¤@¤C¤­¸¹¤@¼Ó","®ç¶é¥«¤j·Ë°Ï¤¯©M¨½9¾F¤¯©M¸ô¤@¬q175¸¹","121.275803","24.900801"
"®ç¶é¥«¤j·Ë°Ï¦Û±jµó¤G¤K«Ñ¤@§Ë¥|¸¹¤@¼Ó","®ç¶é¥«¤j·Ë°Ï¤¯¤å¨½10¾F¦Û±jµó28«Ñ1§Ë4¸¹","121.285816","24.901138"
"®ç¶é¥«¤j·Ë°Ï¤­¾F³»¤s?¤T¤»¤§¤@¸¹","®ç¶é¥«¤j·Ë°Ï«n¿³¨½13¾F¥Ã©÷¸ô1¤§1¸¹","121.265205","24.903410"
"®ç¶é¥«¤¤Ãc°Ï¦NªL¸ô9¸¹","®ç¶é¥«¤¤Ãc°Ï¥ÃºÖ¨½7¾F¦NªL¸ô9¸¹","121.239164","24.979898"
"®ç¶é¥«¤¤Ãc°Ï¤¤¤sªF¸ô¤@¬q¤G¤T¥|¤§¤­¸¹","®ç¶é¥«¤¤Ãc°Ï¼w¸q¨½5¾F¤¤¤sªF¸ô¤@¬q3¤§1¸¹","121.229039","24.955856"
"®ç¶é¥«¤¤Ãc°Ï¤¤¤sªF¸ô¤@¬q¤G¤T¥|¤§¤»¸¹","®ç¶é¥«¤¤Ãc°Ï¼w¸q¨½5¾F¤¤¤sªF¸ô¤@¬q3¤§1¸¹","121.229039","24.955856"
"®ç¶é¥«¤¤Ãc°Ï¤¤¥_¸ô¢±¬q¢²¢¶¢²«Ñ¢°¢±¸¹¢°¼Ó","®ç¶é¥«¤¤Ãc°Ï¥¿¸q¨½6¾F¤¤¥_¸ô¤G¬q373«Ñ12¸¹","121.230955","24.954596"
"®ç¶é¥«¤¤Ãc°Ï¤¤¥_¸ô¢±¬q¢³¢´¢°«Ñ¢°¸¹","®ç¶é¥«¤¤Ãc°Ï¥¿¸q¨½7¾F¤¤¥_¸ô¤G¬q451«Ñ1¸¹","121.232356","24.954540"
"®ç¶é¥«¤¤Ãc°Ï·s¿³¥_µó¤@«Ñ¤G¤C¸¹","®ç¶é¥«¤¤Ãc°Ï¥¿¸q¨½1¾F·s¿³¥_µó1«Ñ27¸¹","121.230394","24.955058"
"®ç¶é¥«¤¤Ãc°Ï·s¿³¥_µó¤G¥|«Ñ¤­¸¹","®ç¶é¥«¤¤Ãc°Ï¥¿¸q¨½1¾F·s¿³¥_µó24«Ñ5¸¹","121.230565","24.954367"
"®ç¶é¥«¤¤Ãc°Ï·s¿³¥_¸ô¤@«Ñ¥|¤C¸¹","®ç¶é¥«¤¤Ãc°Ï¥¿¸q¨½1¾F·s¿³¥_µó1«Ñ47¸¹","121.230909","24.955285"
"®ç¶é¥«¤¤Ãc°Ï´¶©¾¸ô¢±¢°¢°«Ñ¢°¢³¸¹","®ç¶é¥«¤¤Ãc°Ï´¶©¾¨½20¾F´¶©¾¸ô211«Ñ14¸¹","121.246594","24.961232"
"®ç¶é¥«¤¤Ãc°Ï´¶©¾¸ô¢±¢°¢°«Ñ¢·§Ë¢±¢¯¡B¢±¢±¸¹¢±¼Ó","®ç¶é¥«¤¤Ãc°Ï´¶©¾¨½20¾F´¶©¾¸ô211«Ñ8§Ë8¸¹","121.246905","24.961036"
"®ç¶é¥«¤¤Ãc°Ï´¶©¾¸ô¢±¢²¢°«Ñ¢±¢°¸¹","®ç¶é¥«¤¤Ãc°Ï´¶©¾¨½20¾F´¶©¾¸ô231«Ñ21¸¹","121.247134","24.961095"
"®ç¶é¥«¤¤Ãc°Ï´¶©¾¸ô¢±¢³¢²¸¹¢°¼Ó","®ç¶é¥«¤¤Ãc°Ï´¶©¾¨½20¾F´¶©¾¸ô243¸¹","121.246883","24.960235"
"®ç¶é¥«¤¤Ãc°Ï´¶©¾¸ô¢±¢³¢´¸¹¢±¼Ó","®ç¶é¥«¤¤Ãc°Ï´¶©¾¨½20¾F´¶©¾¸ô245¸¹","121.246969","24.960167"
"®ç¶é¥«¤¤Ãc°Ï´¶©¾¸ô¤G¤@¤@«Ñ¤C§Ë¤G¸¹¤@¼Ó","®ç¶é¥«¤¤Ãc°Ï´¶©¾¨½20¾F´¶©¾¸ô211«Ñ7§Ë2¸¹","121.246329","24.961300"
"®ç¶é¥«¤¤Ãc°Ï´¶©¾¸ô¤G¤@¤@«Ñ¤K§Ë¤@¢¯¸¹¤@¼Ó","®ç¶é¥«¤¤Ãc°Ï´¶©¾¨½20¾F´¶©¾¸ô211«Ñ8§Ë10¸¹","121.246477","24.960817"
"®ç¶é¥«¤¤Ãc°Ï´¶©¾¸ô¤G¤@¤­¸¹","®ç¶é¥«¤¤Ãc°Ï´¶©¾¨½20¾F´¶©¾¸ô215¸¹","121.246212","24.960870"
"®ç¶é¥«¤¤Ãc°Ï´¶©¾¸ô¤G¤T¤@«Ñ¤@¤K¤§¤G¸¹","®ç¶é¥«¤¤Ãc°Ï´¶©¾¨½20¾F´¶©¾¸ô231«Ñ18¤§2¸¹","121.247271","24.960724"
"®ç¶é¥«¤¤Ãc°Ï´¶©¾¸ô¤T¤­¤@¸¹","®ç¶é¥«¤¤Ãc°Ï´¶©¾¨½20¾F´¶©¾¸ô351¸¹","121.248688","24.958433"
"®ç¶é¥«¤¤Ãc°Ï´¶©¾¸ô¤T¥|¤­¸¹","®ç¶é¥«¤¤Ãc°Ï´¶©¾¨½20¾F´¶©¾¸ô345¸¹","121.248527","24.958595"
"®ç¶é¥«¤¤Ãc°ÏÀô¤¤ªF¸ô¢´¢µ¢±¸¹","®ç¶é¥«¤¤Ãc°Ï´¶©¾¨½20¾FÀô¤¤ªF¸ô562¸¹","121.249303","24.958270"
"®ç¶é¥«¤¤Ãc°ÏªQ¬f¸ô¤@¡³¸¹","®ç¶é¥«¤¤Ãc°Ï¤å¤Æ¨½6¾FªQ¬f¸ô3¸¹","121.247362","24.984788"
"®ç¶é¥«¤¤Ãc°Ï¤»¾FÀs¿³¸ô¥|¤@¤­«Ñ¤­¤§¤@¸¹","®ç¶é¥«¤¤Ãc°ÏÀs¼w¨½4¾FÀs¿³¸ô415«Ñ1¤§1¸¹","121.241908","24.940390"
"®ç¶é¥«¤¤Ãc°ÏÀs¿³¸ô¢³¢¯¢°«Ñ¢±¤§¢°¸¹¢°¼Ó","®ç¶é¥«¤¤Ãc°ÏÀs¼w¨½4¾FÀs¿³¸ô401«Ñ2¤§1¸¹","121.241873","24.940246"
"®ç¶é¥«¤¤Ãc°ÏÀs¿³¸ô¢³¢°¢´«Ñ¢°¸¹¢°¼Ó","®ç¶é¥«¤¤Ãc°ÏÀs¼w¨½4¾FÀs¿³¸ô415«Ñ1¸¹","121.241957","24.940378"
"®ç¶é¥«¤¤Ãc°ÏÀs¿³¸ô¢³¢°¢´«Ñ¢µ¸¹¢°¼Ó","®ç¶é¥«¤¤Ãc°ÏÀs¼w¨½4¾FÀs¿³¸ô415«Ñ6¸¹","121.241931","24.940614"
"®ç¶é¥«¤¤Ãc°ÏÀs¿³¸ô¢³¢°¢´«Ñ¢µ¸¹¢±¼Ó","®ç¶é¥«¤¤Ãc°ÏÀs¼w¨½4¾FÀs¿³¸ô415«Ñ6¸¹","121.241931","24.940614"
"®ç¶é¥«¤¤Ãc°ÏÀs¿³¸ô¥|¢¯¤@«Ñ¤G¤G¤§¤@¸¹¤@¼Ó","®ç¶é¥«¤¤Ãc°ÏÀs¼w¨½4¾FÀs¿³¸ô401«Ñ2¤§1¸¹","121.241873","24.940246"
"®ç¶é¥«¤¤Ãc°ÏÀs¿³¸ô¥|¤@¤­«Ñ¤@¤T¤§¤@¸¹","®ç¶é¥«¤¤Ãc°ÏÀs¼w¨½4¾FÀs¿³¸ô415«Ñ1¤§1¸¹","121.241908","24.940390"
"®ç¶é¥«¤¤Ãc°ÏÀs¿³¸ô¥|¤@¤­«Ñ¤T¢¯¸¹¤@¼Ó","®ç¶é¥«¤¤Ãc°ÏÀs¼w¨½4¾FÀs¿³¸ô415«Ñ30¸¹","121.241332","24.940783"
"®ç¶é¥«¤¤Ãc°Ï²ø·q¸ô¤K¤T¤K«Ñ¤T¤»¸¹","®ç¶é¥«¤¤Ãc°Ï¦Û«H¨½15¾F²ø·q¸ô838«Ñ36¸¹","121.254118","24.964588"
"®ç¶é¥«¤¤Ãc°Ï¤¤¥¿¸ô¤@¤G¤C¥|«Ñ¤T¤E¸¹","®ç¶é¥«¤¤Ãc°Ï¤T¥Á¨½18¾F¤¤¥¿¸ô1274«Ñ39¸¹","121.201550","24.973216"
"®ç¶é¥«¤¤Ãc°Ï¦Û±j¤@¸ô¤C¤T¸¹","®ç¶é¥«¤¤Ãc°Ï´_¿³¨½25¾F¦Û±j¤@¸ô73¸¹","121.244294","24.975940"
"®ç¶é¥«¤¤Ãc°Ï¤G¾F¦è¶é¸ô¤@¥|¤K¸¹","®ç¶é¥«¤¤Ãc°Ï¥ÃºÖ¨½6¾F¦è¶é¸ô148¸¹","121.234139","24.982126"
"®ç¶é¥«¤¤Ãc°Ï¤¤¶é¸ô190¸¹2¼Ó","®ç¶é¥«¤¤Ãc°Ï¥ÃºÖ¨½7¾F¤¤¶é¸ô190¸¹","121.237537","24.983164"
"®ç¶é¥«¤¤Ãc°Ï¤¤¶é¸ô¤@¤E¡³¸¹","®ç¶é¥«¤¤Ãc°Ï©¾¸q¨½1¾F¤¤¶é¸ô20¤§10¸¹","121.236738","24.964776"
"®ç¶é¥«¤¤Ãc°Ï¤¤¶é¸ô¤@¤E¤G¤§¤T¸¹","®ç¶é¥«¤¤Ãc°Ï©¾¸q¨½1¾F¤¤¶é¸ô20¤§1¸¹","121.236564","24.965054"
"®ç¶é¥«¤¤Ãc°Ï¥_¶é¸ô¢±¢±¤§¤@¸¹","®ç¶é¥«¤¤Ãc°Ï¤å¤Æ¨½6¾F¥_¶é¸ô14¸¹","121.242603","24.984377"
"®ç¶é¥«¤¤Ãc°Ï¥_¶é¸ô¤G¤@¸¹","®ç¶é¥«¤¤Ãc°Ï¤å¤Æ¨½6¾F¥_¶é¸ô31¤§1¸¹","121.241966","24.982607"
"®ç¶é¥«¤¤Ãc°ÏªF¶é¤G¸ô14¸¹¤Î16¸¹","®ç¶é¥«¤¤Ãc°Ï¥ÃºÖ¨½7¾FªF¶é¤G¸ô14¸¹","121.238744","24.975779"
"®ç¶é¥«¤¤Ãc°ÏªF¶é¤G¸ô¤Q¤K¸¹","®ç¶é¥«¤¤Ãc°Ï¥ÃºÖ¨½7¾FªF¶é¤G¸ô18¸¹","121.238324","24.976283"
"®ç¶é¥«¤¤Ãc°ÏªF¶é¤G¸ô¤­¤§¤@¸¹","®ç¶é¥«¤¤Ãc°Ï¥ÃºÖ¨½7¾FªF¶é¤G¸ô5¤§1¸¹","121.237594","24.975458"
"®ç¶é¥«¤¤Ãc°ÏªF¶é¤G¸ô¥|¸¹","®ç¶é¥«¤¤Ãc°Ï¥ÃºÖ¨½7¾FªF¶é¤G¸ô4¸¹","121.238567","24.974436"
"®ç¶é¥«¤¤Ãc°ÏªF¶é¸ô17¸¹","®ç¶é¥«¤¤Ãc°Ï¥ÃºÖ¨½7¾FªF¶é¸ô17¸¹","121.239277","24.970054"
"®ç¶é¥«¤¤Ãc°ÏªF¶é¸ô38-1¸¹","®ç¶é¥«¤¤Ãc°Ï¥ÃºÖ¨½7¾FªF¶é¸ô38¤§1¸¹","121.240088","24.976529"
"®ç¶é¥«¤¤Ãc°ÏªF¶é¸ô38¤§2¸¹1¼Ó","®ç¶é¥«¤¤Ãc°Ï¥ÃºÖ¨½7¾FªF¶é¸ô38¤§2¸¹","121.240102","24.976056"
"®ç¶é¥«¤¤Ãc°ÏªF¶é¸ô40¸¹","®ç¶é¥«¤¤Ãc°Ï¥ÃºÖ¨½7¾FªF¶é¸ô40¸¹","121.240041","24.977747"
"®ç¶é¥«¤¤Ãc°ÏªF¶é¸ô61¸¹1¼Ó","®ç¶é¥«¤¤Ãc°Ï¥ÃºÖ¨½7¾FªF¶é¸ô61¸¹","121.239267","24.980180"
"®ç¶é¥«¤¤Ãc°ÏªF¶é¸ô61¸¹4¼Ó","®ç¶é¥«¤¤Ãc°Ï¥ÃºÖ¨½7¾FªF¶é¸ô61¸¹","121.239267","24.980180"
"®ç¶é¥«¤¤Ãc°ÏªF¶é¸ô¢µ¢¶¸¹","®ç¶é¥«¤¤Ãc°Ï¥ÃºÖ¨½7¾FªF¶é¸ô67¸¹","121.239309","24.981296"
"®ç¶é¥«¤¤Ãc°ÏªF¶é¸ô¢µ¢¸¤§¢°¸¹","®ç¶é¥«¤¤Ãc°Ï¥ÃºÖ¨½7¾FªF¶é¸ô69¤§1¸¹","121.239315","24.982559"
"®ç¶é¥«¤¤Ãc°ÏªF¶é¸ô¢µ¢¸¸¹","®ç¶é¥«¤¤Ãc°Ï¥ÃºÖ¨½7¾FªF¶é¸ô69¸¹","121.239259","24.982140"
"®ç¶é¥«¤¤Ãc°ÏªF¶é¸ô¤@¤@¸¹","®ç¶é¥«¤¤Ãc°Ï¥ÃºÖ¨½7¾FªF¶é¸ô11¸¹","121.239300","24.969048"
"®ç¶é¥«¤¤Ãc°ÏªF¶é¸ô¤C¸¹","®ç¶é¥«¤¤Ãc°Ï©¾¸q¨½2¾FªF¶é¸ô7¸¹","121.239319","24.968387"
"®ç¶é¥«¤¤Ãc°ÏªF¶é¸ô¤G¥|¸¹","®ç¶é¥«¤¤Ãc°Ï¥ÃºÖ¨½7¾FªF¶é¸ô24¸¹","121.240066","24.973872"
"®ç¶é¥«¤¤Ãc°ÏªF¶é¸ô¤­¤@¸¹","®ç¶é¥«¤¤Ãc°Ï¥ÃºÖ¨½7¾FªF¶é¸ô51¸¹","121.239200","24.977113"
"®ç¶é¥«¤¤Ãc°ÏªF¶é¸ô¤­¸¹","®ç¶é¥«¤¤Ãc°Ï¥ÃºÖ¨½7¾FªF¶é¸ô9¤§1¸¹","121.239127","24.968796"
"®ç¶é¥«¤¤Ãc°ÏªF¶é¸ô¤»¤T¸¹","®ç¶é¥«¤¤Ãc°Ï¥ÃºÖ¨½7¾FªF¶é¸ô63¸¹","121.239202","24.980699"
"®ç¶é¥«¤¤Ãc°Ï«n¶é¸ô16¸¹","®ç¶é¥«¤¤Ãc°Ï¥ÃºÖ¨½7¾F«n¶é¸ô16¸¹","121.238536","24.970971"
"®ç¶é¥«¤¤Ãc°Ï«n¶é¸ô¢°¤§¢°¸¹","®ç¶é¥«¤¤Ãc°Ï¥ÃºÖ¨½7¾F«n¶é¸ô1¤§1¸¹","121.237747","24.969090"
"®ç¶é¥«¤¤Ãc°Ï«n¶é¸ô¢±¤§¢¶¸¹","®ç¶é¥«¤¤Ãc°Ï©¾¸q¨½2¾F«n¶é¸ô2¤§7¸¹","121.240609","24.967574"
"®ç¶é¥«¤¤Ãc°Ï«n¶é¸ô¤@¸¹","®ç¶é¥«¤¤Ãc°Ï¥ÃºÖ¨½7¾F«n¶é¸ô1¸¹","121.237840","24.968771"
"®ç¶é¥«¤¤Ãc°Ï«n¶é¸ô¤»¡V¤@¸¹","®ç¶é¥«¤¤Ãc°Ï¥ÃºÖ¨½7¾F«n¶é¸ô1¤§1¸¹","121.237747","24.969090"
"®ç¶é¥«¤¤Ãc°Ï«n¶é¸ô¤»¸¹","®ç¶é¥«¤¤Ãc°Ï¥ÃºÖ¨½7¾F«n¶é¸ô6¸¹","121.238473","24.969003"
"®ç¶é¥«¤¤Ãc°ÏÀô¥_¸ô¢µ¢¯¢±¸¹¢°¼Ó","®ç¶é¥«¤¤Ãc°Ï©¯ºÖ¨½1¾FÀô¥_¸ô602¸¹","121.229308","24.963545"
"®ç¶é¥«¤¤Ãc°Ï¤¤¤sªF¸ô¤@¬q¤G¤T¤G¸¹","®ç¶é¥«¤¤Ãc°Ï¥¿¸q¨½18¾F¤¤¤sªF¸ô¤@¬q232¸¹","121.234249","24.956684"
"®ç¶é¥«¤¤Ãc°Ï¤¤¤sªF¸ô¤@¬q¤G¤T¤K¤§¤@¸¹","®ç¶é¥«¤¤Ãc°Ï¼w¸q¨½5¾F¤¤¤sªF¸ô¤@¬q3¤§1¸¹","121.229039","24.955856"
"®ç¶é¥«¤¤Ãc°Ï¤¤¤sªF¸ô¤@¬q¤G¤T¤»¡B¤G¤T¤K¸¹","®ç¶é¥«¤¤Ãc°Ï¼w¸q¨½5¾F¤¤¤sªF¸ô¤@¬q3¤§1¸¹","121.229039","24.955856"
"®ç¶é¥«¤¤Ãc°Ï·s¿³¥_µó¤T¤@¸¹","®ç¶é¥«¤¤Ãc°Ï¥¿¸q¨½1¾F·s¿³¥_µó31¸¹","121.230683","24.954957"
"®ç¶é¥«¤¤Ãc°Ï·s¿³¥_µó¤T¥|¸¹¤@¼Ó","®ç¶é¥«¤¤Ãc°Ï¥¿¸q¨½1¾F·s¿³¥_µó34¸¹","121.230614","24.954710"
"®ç¶é¥«¤¤Ãc°Ï¹Å¿³¤Gµó¤G¥|«Ñ¤@¤­¸¹","®ç¶é¥«¤¤Ãc°Ï¥¿¸q¨½17¾F¹Å¿³¤Gµó24«Ñ15¸¹","121.233726","24.954017"
"®ç¶é¥«¤¤Ãc°ÏªL´Ë¸ô¢¸¢µ¸¹¢°¼Ó","®ç¶é¥«¤¤Ãc°Ï·s¿³¨½22¾FªL´Ë¸ô96¸¹","121.226191","24.945129"
"®ç¶é¥«¤¤Ãc°Ï¥ÃºÖ¸ô¢µ¢²¢³¸¹","®ç¶é¥«¤¤Ãc°Ï¤¤¤s¨½4¾F¥ÃºÖ¸ô634¸¹","121.259026","24.959743"
"®ç¶é¥«¤¤Ãc°Ï¤¤µØ¸ô1¬q550-5¸¹¦a¤U¼h¡B1¼Ó¡B6¼Ó¡B7¼Ó¡B8¼Ó¡B9¼Ó¡B10¼Ó¡B11¼Ó","556¸¹9¡B10¡B11¼Ó","®ç¶é¥«¤¤Ãc°Ï´_µØ¨½3¾F¤¤µØ¸ô¤@¬q550¤§5¸¹","121.251173"
"","","",""
"®ç¶é¥«¤¤Ãc°Ï¤@¤T¾FªQ¬f¸ô¤»¸¹","®ç¶é¥«¤¤Ãc°Ï¤å¤Æ¨½6¾FªQ¬f¸ô6¸¹","121.247799","24.984989"
"®ç¶é¥«¤¤Ãc°Ï¥_¶é¤G¸ô1¸¹1¼Ó","®ç¶é¥«¤¤Ãc°Ï¤å¤Æ¨½6¾F¥_¶é¤G¸ô7¸¹","121.242910","24.986280"
"®ç¶é¥«¤¤Ãc°Ï¥_¶é¤G¸ô¢°¸¹¢°¼Ó","®ç¶é¥«¤¤Ãc°Ï¤å¤Æ¨½6¾F¥_¶é¤G¸ô7¸¹","121.242910","24.986280"
"®ç¶é¥«¤¤Ãc°Ï¥_¶é¤G¸ô3¸¹","®ç¶é¥«¤¤Ãc°Ï¤å¤Æ¨½6¾F¥_¶é¤G¸ô7¸¹","121.242910","24.986280"
"®ç¶é¥«¤¤Ãc°Ï¥_¶é¤G¸ô¢²¸¹¢°¼Ó","®ç¶é¥«¤¤Ãc°Ï¤å¤Æ¨½6¾F¥_¶é¤G¸ô7¸¹","121.242910","24.986280"
"®ç¶é¥«¤¤Ãc°Ï¥_¶é¸ô18¸¹","®ç¶é¥«¤¤Ãc°Ï¤å¤Æ¨½6¾F¥_¶é¸ô14¸¹","121.242603","24.984377"
"®ç¶é¥«¤¤Ãc°Ï¥_¶é¸ô19¸¹","®ç¶é¥«¤¤Ãc°Ï¤å¤Æ¨½6¾F¥_¶é¸ô31¤§1¸¹","121.241966","24.982607"
"®ç¶é¥«¤¤Ãc°Ï¥_¶é¸ô22¸¹1¼Ó¤Î2¼Ó","®ç¶é¥«¤¤Ãc°Ï¤å¤Æ¨½6¾F¥_¶é¸ô14¸¹","121.242603","24.984377"
"®ç¶é¥«¤¤Ãc°Ï¥_¶é¸ô22¸¹3¡B4¼Ó","®ç¶é¥«¤¤Ãc°Ï¤å¤Æ¨½6¾F¥_¶é¸ô14¸¹","121.242603","24.984377"
"®ç¶é¥«¤¤Ãc°Ï¥_¶é¸ô¢±¢³¸¹","®ç¶é¥«¤¤Ãc°Ï¤å¤Æ¨½6¾F¥_¶é¸ô14¸¹","121.242603","24.984377"
"®ç¶é¥«¤¤Ãc°Ï¥_¶é¸ô¢²¢¯¸¹","®ç¶é¥«¤¤Ãc°Ï¤å¤Æ¨½6¾F¥_¶é¸ô14¸¹","121.242603","24.984377"
"®ç¶é¥«¤¤Ãc°Ï¥_¶é¸ô38¸¹","®ç¶é¥«¤¤Ãc°Ï¤å¤Æ¨½6¾F¥_¶é¸ô14¸¹","121.242603","24.984377"
"®ç¶é¥«¤¤Ãc°Ï¥_¶é¸ô¤@¤C¸¹","®ç¶é¥«¤¤Ãc°Ï¤å¤Æ¨½6¾F¥_¶é¸ô31¤§1¸¹","121.241966","24.982607"
"®ç¶é¥«¤¤Ãc°Ï¥_¶é¸ô¤T¤E¸¹","®ç¶é¥«¤¤Ãc°Ï¤å¤Æ¨½6¾F¥_¶é¸ô31¤§1¸¹","121.241966","24.982607"
"®ç¶é¥«¤¤Ãc°Ï¦X¦`«n¸ô¤­¸¹","®ç¶é¥«¤¤Ãc°Ï¤å¤Æ¨½6¾F¦X¦`«n¸ô11¸¹","121.245998","24.986888"
"®ç¶é¥«¤¤Ãc°Ï¦X¦¿¤G¸ô¤Q¤­¸¹","®ç¶é¥«¤¤Ãc°Ï¤å¤Æ¨½6¾F¦X¦¿¤G¸ô15¸¹","121.245630","24.986318"
"®ç¶é¥«¤¤Ãc°Ï¦X¦¿¤G¸ô¥|¸¹","®ç¶é¥«¤¤Ãc°Ï¤å¤Æ¨½6¾F¦X¦¿¤G¸ô4¸¹","121.244309","24.985117"
"®ç¶é¥«¤¤Ãc°Ï¦NªL¸ô¤@¤K¸¹","®ç¶é¥«¤¤Ãc°Ï¤å¤Æ¨½20¾F¦NªL¸ô20¤§1¸¹","121.243118","24.978840"
"®ç¶é¥«¤¤Ãc°Ï¦NªL¸ô¤G¤G¸¹","®ç¶é¥«¤¤Ãc°Ï¤å¤Æ¨½20¾F¦NªL¸ô20¤§1¸¹","121.243118","24.978840"
"®ç¶é¥«¤¤Ãc°Ï¦wªF¸ô¤Q¤@¸¹","®ç¶é¥«¤¤Ãc°Ï¤å¤Æ¨½6¾F¦wªF¸ô11¸¹","121.244140","24.982260"
"®ç¶é¥«¤¤Ãc°Ï¦Û±j¤G¸ô¢·¸¹","®ç¶é¥«¤¤Ãc°Ï´_µØ¨½11¾F¦Û±j¤G¸ô8¸¹","121.245913","24.971200"
"®ç¶é¥«¤¤Ãc°Ï¦Û±j¤G¸ô¤G¸¹","®ç¶é¥«¤¤Ãc°Ï´_µØ¨½11¾F¦Û±j¤G¸ô2¸¹","121.245980","24.970052"
"®ç¶é¥«¤¤Ãc°Ï¦Û±j¥|¸ô¢´¸¹","®ç¶é¥«¤¤Ãc°Ï´_µØ¨½11¾F¦Û±j¥|¸ô5¸¹","121.241436","24.972415"
"®ç¶é¥«¤¤Ãc°Ï¦Û±j¥|¸ô9¸¹1¼Ó.2¼Ó","®ç¶é¥«¤¤Ãc°Ï´_µØ¨½11¾F¦Û±j¥|¸ô9¸¹","121.240667","24.972420"
"®ç¶é¥«¤¤Ãc°Ï¦Û±j¥|¸ô¤T¤§¤@¸¹","®ç¶é¥«¤¤Ãc°Ï´_µØ¨½11¾F¦Û±j¥|¸ô3¤§1¸¹","121.242767","24.972340"
"®ç¶é¥«¤¤Ãc°ÏªQ¦¿«n¸ô¤Q¤@¸¹","®ç¶é¥«¤¤Ãc°Ï¤å¤Æ¨½6¾FªQ¦¿«n¸ô11¸¹","121.247643","24.984438"
"®ç¶é¥«¤¤Ãc°ÏªQ¬f¸ô¤@¤T¸¹","®ç¶é¥«¤¤Ãc°Ï¤å¤Æ¨½6¾FªQ¬f¸ô13¸¹","121.246004","24.985596"
"®ç¶é¥«¤¤Ãc°Ï¤¤¤sªF¸ô¤G¬q¤@¤»¤»¸¹","®ç¶é¥«¤¤Ãc°Ï´¶±j¨½23¾F¤¤¤sªF¸ô¤G¬q166¸¹","121.239565","24.952476"
"®ç¶é¥«¤¤Ãc°Ï´¶©¾¸ô¢±¢°¢°«Ñ¢·§Ë¢´ÛÁ¢°¸¹¢°¼Ó","®ç¶é¥«¤¤Ãc°Ï´¶©¾¨½20¾F´¶©¾¸ô211«Ñ8§Ë1¸¹","121.246581","24.961041"
"®ç¶é¥«¤¤Ãc°Ï´¶©¾¸ô¢²¢´¢²¸¹","®ç¶é¥«¤¤Ãc°Ï´¶©¾¨½20¾F´¶©¾¸ô353¸¹","121.248941","24.958457"
"®ç¶é¥«¤¤Ãc°Ï´¶©¾¸ô¤G¤@¤@«Ñ¤@¡³¸¹","®ç¶é¥«¤¤Ãc°Ï´¶©¾¨½20¾F´¶©¾¸ô211«Ñ9¸¹","121.246390","24.961421"
"®ç¶é¥«¤¤Ãc°Ï´¶©¾¸ô¤G¤@¤@«Ñ¤C§Ë¤»¸¹","®ç¶é¥«¤¤Ãc°Ï´¶©¾¨½20¾F´¶©¾¸ô211«Ñ7§Ë6¸¹","121.246218","24.961406"
"®ç¶é¥«¤¤Ãc°Ï´¶©¾¸ô¤G¤@¤@«Ñ¤K§Ë¤G¤»¸¹","®ç¶é¥«¤¤Ãc°Ï´¶©¾¨½20¾F´¶©¾¸ô211«Ñ8§Ë26¸¹","121.246891","24.960422"
"®ç¶é¥«¤¤Ãc°Ï´¶©¾¸ô¤G¤@¤@«Ñ¤K§Ë¤K¸¹","®ç¶é¥«¤¤Ãc°Ï´¶©¾¨½20¾F´¶©¾¸ô211«Ñ8§Ë8¸¹","121.246905","24.961036"
"®ç¶é¥«¤¤Ãc°Ï´¶©¾¸ô¤G¤@¤@«Ñ¤K§Ë¤­ÛÁ¤C¸¹","®ç¶é¥«¤¤Ãc°Ï´¶©¾¨½20¾F´¶©¾¸ô211«Ñ8§Ë7¸¹","121.246753","24.961190"
"®ç¶é¥«¤¤Ãc°Ï´¶©¾¸ô¤G¤@¤@«Ñ¤K§Ë¤­ÛÁ¤K¸¹","®ç¶é¥«¤¤Ãc°Ï´¶©¾¨½20¾F´¶©¾¸ô211«Ñ8§Ë8¸¹","121.246905","24.961036"
"®ç¶é¥«¤¤Ãc°Ï´¶©¾¸ô¤G¤@¤@«Ñ¤K§Ë¤­ÛÁ¤­¸¹","®ç¶é¥«¤¤Ãc°Ï´¶©¾¨½20¾F´¶©¾¸ô211«Ñ8§Ë5¸¹","121.246684","24.961141"
"®ç¶é¥«¤¤Ãc°Ï´¶©¾¸ô¤G¤@¤@«Ñ¤K§Ë¤­ÛÁ¥|¸¹","®ç¶é¥«¤¤Ãc°Ï´¶©¾¨½20¾F´¶©¾¸ô211«Ñ8§Ë4¸¹","121.246339","24.960986"
"®ç¶é¥«¤¤Ãc°Ï´¶©¾¸ô¤G¤G¤@¸¹","®ç¶é¥«¤¤Ãc°Ï´¶©¾¨½20¾F´¶©¾¸ô221¸¹","121.246330","24.960752"
"®ç¶é¥«¤¤Ãc°Ï´¶©¾¸ô¤G¤T¤@«Ñ¤@¤T¤§¤­¸¹","®ç¶é¥«¤¤Ãc°Ï´¶©¾¨½20¾F´¶©¾¸ô231«Ñ18¤§2¸¹","121.247271","24.960724"
"®ç¶é¥«¤¤Ãc°Ï´¶©¾¸ô¤G¤T¤@«Ñ¤@¤T¸¹","®ç¶é¥«¤¤Ãc°Ï´¶©¾¨½20¾F´¶©¾¸ô231«Ñ13¸¹","121.246993","24.960938"
"®ç¶é¥«¤¤Ãc°Ï´¶©¾¸ô¤G¤T¤@«Ñ¤G¤T¸¹","®ç¶é¥«¤¤Ãc°Ï´¶©¾¨½20¾F´¶©¾¸ô231«Ñ23¸¹","121.247179","24.961132"
"®ç¶é¥«¤¤Ãc°Ï´¶©¾¸ô¤T¤T¤E¸¹","®ç¶é¥«¤¤Ãc°Ï´¶©¾¨½20¾F´¶©¾¸ô339¸¹","121.248310","24.958730"
"®ç¶é¥«¤¤Ãc°Ïºa¦w¤Eµó40¸¹","®ç¶é¥«¤¤Ãc°Ï¤¤¿³¨½5¾Fºa¦w¤Eµó40¸¹","121.257276","24.962395"
"®ç¶é¥«¤¤Ãc°Ï13¾F©µ¥­¸ô69¸¹","®ç¶é¥«¤¤Ãc°Ï¤¯¸q¨½13¾F©µ¥­¸ô69¸¹","121.231737","24.963319"
"®ç¶é¥«¤¤Ãc°Ï¤¤¤sªF¸ô¤@¬q¤@¤E¤@¸¹","®ç¶é¥«¤¤Ãc°Ï¼w¸q¨½7¾F¤¤¤sªF¸ô¤@¬q191¸¹","121.232787","24.956893"
"®ç¶é¥«¤¤Ãc°Ï¤¤µØ¸ô¢±¬q¢²¢µ¢¶«Ñ¢³¢¸¸¹","®ç¶é¥«¤¤Ãc°Ï©¾¸q¨½12¾F¤¤µØ¸ô¤G¬q367«Ñ49¸¹","121.236390","24.962703"
"®ç¶é¥«¤¤Ãc°Ï¤¤µØ¸ô¤@¬q¤K¤C¤E«Ñ¤­¸¹","®ç¶é¥«¤¤Ãc°Ï©¾¸q¨½10¾F¤¤µØ¸ô¤@¬q879«Ñ5¸¹","121.244682","24.966748"
"®ç¶é¥«¤¤Ãc°Ï¤¤µØ¸ô¤G¬q¤T¤»¤E¸¹","®ç¶é¥«¤¤Ãc°Ï¤¯¸q¨½9¾F¤¤µØ¸ô¤G¬q369¸¹","121.234397","24.958987"
"®ç¶é¥«¤¤Ãc°Ï¤¤µØ¸ô¤G¬q¤­¡³¥|¸¹","®ç¶é¥«¤¤Ãc°Ï©¾¸q¨½2¾F¤¤µØ¸ô¤G¬q102¤§1¸¹","121.241457","24.966487"
"®ç¶é¥«¤¤Ãc°Ï¨|¼Ö¸ô¤»¤­¸¹¤@¼Ó","®ç¶é¥«¤¤Ãc°Ï¤¯¸q¨½19¾F¨|¼Ö¸ô65¸¹","121.234937","24.965603"
"®ç¶é¥«¤¤Ãc°Ï©µ¥­¸ô¤@¥|¸¹","®ç¶é¥«¤¤Ãc°Ï¤¯¸q¨½14¾F©µ¥­¸ô6¤§1¸¹","121.233456","24.963685"
"®ç¶é¥«¤¤Ãc°Ï©µ¥­¸ô¤­¤­¸¹","®ç¶é¥«¤¤Ãc°Ï¤¯¸q¨½13¾F©µ¥­¸ô55¸¹","121.232210","24.963358"
"®ç¶é¥«¤¤Ãc°Ï´¶¸q¸ô¤G¤G¤G¸¹","®ç¶é¥«¤¤Ãc°Ï¤¯¸q¨½12¾F´¶¸q¸ô222¸¹","121.231220","24.961772"
"®ç¶é¥«¤¤Ãc°Ï´¶¸q¸ô¤K¤G¸¹","®ç¶é¥«¤¤Ãc°Ï¤¯¸q¨½9¾F´¶¸q¸ô82¸¹","121.233071","24.958808"
"®ç¶é¥«¤¤Ãc°Ï´¶¸q¸ô¤­¥|¸¹¤@¼Ó","®ç¶é¥«¤¤Ãc°Ï¤¯¸q¨½9¾F´¶¸q¸ô54¸¹","121.233536","24.958239"
"®ç¶é¥«¤¤Ãc°Ï¦ÊÃü¤@µó¤G¡³¸¹¤@¼Ó","®ç¶é¥«¤¤Ãc°ÏªL´Ë¨½8¾F¦ÊÃü¤@µó16¤§1¸¹","121.228791","24.944801"
"®ç¶é¥«¤¤Ãc°Ï·s¥Í¸ô¤@¤»¤­¸¹","®ç¶é¥«¤¤Ãc°Ï¿³°ê¨½12¾F·s¥Í¸ô165¸¹","121.222810","24.961221"
"®ç¶é¥«¤¤Ãc°Ï¦Û±j¤@¸ô¢°¢µ¡Ð¢±¸¹","®ç¶é¥«¤¤Ãc°Ï´_µØ¨½11¾F¦Û±j¤@¸ô16¤§6¸¹","121.245022","24.973292"
"®ç¶é¥«¤¤Ãc°Ï¦Û±j¥|¸ô¤T¤§¤G¸¹¤@¼Ó","®ç¶é¥«¤¤Ãc°Ï´_µØ¨½11¾F¦Û±j¥|¸ô3¤§1¸¹","121.242767","24.972340"
"®ç¶é¥«¤¤Ãc°Ï¦Û±j¥|¸ô¤T¤§¤G¸¹¤G¡B¤T¡B¥|¼Ó","®ç¶é¥«¤¤Ãc°Ï´_µØ¨½11¾F¦Û±j¥|¸ô3¤§1¸¹","121.242767","24.972340"
"®ç¶é¥«¤¤Ãc°Ï¤¤ºÖ¸ô¢±¬q¢°¢¯«Ñ¢¸¸¹","®ç¶é¥«¤¤Ãc°Ï¥ÃºÖ¨½5¾F¤¤ºÖ¸ô¤G¬q10«Ñ9¸¹","121.233706","24.979626"
"®ç¶é¥«¤¤Ãc°Ï¦è¶é¸ô¢°¢²¢¯¤§¢°¸¹","®ç¶é¥«¤¤Ãc°Ï¥ÃºÖ¨½6¾F¦è¶é¸ô130¤§1¸¹","121.234283","24.979779"
"®ç¶é¥«¤¤Ãc°Ï¦è¶é¸ô¢°¢²¢¯¸¹¢°¼Ó¤Î¢±¼Ó","®ç¶é¥«¤¤Ãc°Ï¥ÃºÖ¨½6¾F¦è¶é¸ô130¸¹","121.234283","24.979782"
"®ç¶é¥«¤¤Ãc°ÏªF¶é¤G¸ô¢±¢°¸¹","®ç¶é¥«¤¤Ãc°Ï¥ÃºÖ¨½7¾FªF¶é¤G¸ô21¸¹","121.237836","24.976784"
"®ç¶é¥«¤¤Ãc°ÏªF¶é¤G¸ô¤@¢¯¸¹","®ç¶é¥«¤¤Ãc°Ï¥ÃºÖ¨½7¾FªF¶é¤G¸ô10¸¹","121.238419","24.975204"
"®ç¶é¥«¤¤Ãc°ÏªF¶é¤G¸ô¤­¸¹","®ç¶é¥«¤¤Ãc°Ï¥ÃºÖ¨½7¾FªF¶é¤G¸ô5¸¹","121.237826","24.974640"
"®ç¶é¥«¤¤Ãc°ÏªF¶é¸ô¤C¤E¸¹¥|¼Ó","®ç¶é¥«¤¤Ãc°Ï¥ÃºÖ¨½7¾FªF¶é¸ô9¤§1¸¹","121.239127","24.968796"
"®ç¶é¥«¤¤Ãc°Ï«n¶é¸ô¢°¢°¸¹¢°¼Ó","®ç¶é¥«¤¤Ãc°Ï¥ÃºÖ¨½7¾F«n¶é¸ô11¸¹","121.237712","24.970347"
"®ç¶é¥«¤¤Ãc°Ï¢³¾FÀs¿³¸ô¢³¢¯¢°«Ñ¢±¤§¢°¸¹¢±¼Ó","®ç¶é¥«¤¤Ãc°ÏÀs¼w¨½4¾FÀs¿³¸ô401«Ñ2¤§1¸¹","121.241873","24.940246"
"®ç¶é¥«¤¤Ãc°Ï¢µ¾FÀs¿³¸ô¢³¢°¢´«Ñ¢±¢µ¸¹¢°¼Ó","®ç¶é¥«¤¤Ãc°ÏÀs¼w¨½4¾FÀs¿³¸ô415«Ñ26¸¹","121.241428","24.940756"
"®ç¶é¥«¤¤Ãc°Ï¦NªL¸ô¢±¢¯¸¹","®ç¶é¥«¤¤Ãc°Ï¤å¤Æ¨½20¾F¦NªL¸ô20¤§2¸¹","121.243634","24.978932"
"®ç¶é¥«¤¤Ãc°ÏÀs¿³¸ô415«Ñ21¤§1¸¹1¼Ó","®ç¶é¥«¤¤Ãc°ÏÀs¼w¨½4¾FÀs¿³¸ô415«Ñ21¤§1¸¹","121.241397","24.940510"
"®ç¶é¥«¤¤Ãc°ÏÀs¿³¸ô415«Ñ21¤§1¸¹2¼Ó","®ç¶é¥«¤¤Ãc°ÏÀs¼w¨½4¾FÀs¿³¸ô415«Ñ21¤§1¸¹","121.241397","24.940510"
"®ç¶é¥«¤¤Ãc°ÏÀs¿³¸ô¥|¤@¤­«Ñ¤@¡³¸¹","®ç¶é¥«¤¤Ãc°ÏÀs¼w¨½4¾FÀs¿³¸ô415«Ñ1¤§1¸¹","121.241908","24.940390"
"®ç¶é¥«¤¤Ãc°ÏÀs¿³¸ô¥|¤@¤­«Ñ¤G¤G¸¹","®ç¶é¥«¤¤Ãc°ÏÀs¼w¨½4¾FÀs¿³¸ô415«Ñ22¸¹","121.241533","24.940726"
"®ç¶é¥«¤¤Ãc°ÏÀs¿³¸ô¥|¤G¤@¸¹¤@¼Ó","®ç¶é¥«¤¤Ãc°ÏÀs¼w¨½4¾FÀs¿³¸ô421¸¹","121.242157","24.940611"
"®ç¶é¥«¤¤Ãc°Ï¤¤Â×¸ô180¸¹1¼Ó","®ç¶é¥«¤¤Ãc°Ï¿³¥­¨½10¾F¤¤Â×¸ô180¸¹","121.219637","24.961185"
"®ç¶é¥«¥­Âí°Ï¤¤Â×¸ô«n¶Õ¤G¬q¥|¤»¡³«Ñ¤@¡³¤K¸¹","®ç¶é¥«¥­Âí°Ï«n¶Õ¨½6¾F¤¤Â×¸ô«n¶Õ¤G¬q1¤§1¸¹","121.211646","24.919786"
"®ç¶é¥«¥­Âí°ÏÃö·Ý¥_¸ô¤@¤@¤C¸¹","®ç¶é¥«¥­Âí°Ï¥_¿³¨½31¾FÃö·Ý¥_¸ô117¸¹","121.217782","24.932762"
"®ç¶é¥«¥­Âí°ÏÃö·ÝªF¸ô¢±¢±¸¹","®ç¶é¥«¥­Âí°Ï¥_¶Q¨½18¾FÃö·ÝªF¸ô2¤§1¸¹","121.219917","24.929133"
"®ç¶é¥«¥­Âí°ÏÃö·ÝªF¸ô37«Ñ1¸¹2¼Ó","®ç¶é¥«¥­Âí°Ï¥_¶Q¨½20¾FÃö·ÝªF¸ô37«Ñ1¸¹","121.221357","24.928779"
"®ç¶é¥«¥­Âí°ÏÃö·ÝªF¸ô¤@¤G¸¹","®ç¶é¥«¥­Âí°Ï¥_¶Q¨½18¾FÃö·ÝªF¸ô12¸¹","121.220682","24.928572"
"®ç¶é¥«¥­Âí°Ï¤¤±e¸ô¤@¬q¤@¤G¤E¤§¤T¸¹","®ç¶é¥«¥­Âí°ÏÂí¿³¨½22¾F¤¤±e¸ô¤@¬q129¤§1¸¹","121.200503","24.908567"
"®ç¶é¥«¥­Âí°Ï¤¤¿³¸ô¥|¤E¤T¡D¥|¤E¤­¸¹","®ç¶é¥«¥­Âí°ÏÂí¿³¨½13¾F¤¤¿³¸ô¥­Âí¬q263¤§1¸¹","121.191058","24.904353"
"®ç¶é¥«¥­Âí°Ï¤¤¿³¸ô¥­Âí¬q¤­¤G¤C¸¹","®ç¶é¥«¥­Âí°ÏÂí¿³¨½18¾F¤¤¿³¸ô¥­Âí¬q527¸¹","121.194002","24.897129"
"®ç¶é¥«¥­Âí°Ï«n¥­¸ô¤G¬q¥|¤K¤C¸¹¤@¼Ó","®ç¶é¥«¥­Âí°ÏÂí¿³¨½3¾F«n¥­¸ô¤G¬q487¸¹","121.192033","24.921649"
"®ç¶é¥«¥­Âí°Ï¿³¶©¸ô¢¸¢°¸¹","®ç¶é¥«¥­Âí°ÏÂí¿³¨½16¾F¿³¶©¸ô91¸¹","121.190062","24.899314"
"®ç¶é¥«¥­Âí°Ï¿³¶©¸ô¤G¤T¡³¸¹","®ç¶é¥«¥­Âí°ÏÂí¿³¨½16¾F¿³¶©¸ô2¤§1¸¹","121.189542","24.905682"
"®ç¶é¥«¥­Âí°Ï±R¸q¤­µó¤»«Ñ¤T¸¹¤@¼Ó","®ç¶é¥«¥­Âí°Ï¥­¿³¨½10¾F±R¸q¤­µó6«Ñ3¸¹","121.205141","24.943848"
"®ç¶é¥«¥­Âí°Ï·s¥ú¸ô¤G¬q¤K¤T¸¹","®ç¶é¥«¥­Âí°Ï¼s¤¯¨½1¾F·s¥ú¸ô¤G¬q83¸¹","121.204851","24.931195"
"®ç¶é¥«¥­Âí°Ï¼s¸qµó¤@¤K¸¹¤@¼Ó","®ç¶é¥«¥­Âí°Ï¥­¿³¨½14¾F¼s¸qµó18¸¹","121.203509","24.945442"
"®ç¶é¥«¥­Âí°Ï¤Ó¥­ªF¸ô¤T¸¹","®ç¶é¥«¥­Âí°Ï·s¦w¨½1¾F¤Ó¥­ªF¸ô1¤§20¸¹","121.250242","24.904105"
"®ç¶é¥«¥­Âí°ÏªF¥ú¸ô¤@¤­¸¹","®ç¶é¥«¥­Âí°Ï·s¦w¨½19¾FªF¥ú¸ô15¸¹","121.254011","24.918219"
"®ç¶é¥«¥­Âí°Ïª÷?´ò¤­¤­¤§¤G¸¹","®ç¶é¥«¥­Âí°Ï¥_¶Q¨½13¾F¤j´¼µó1¤§1¸¹","121.227058","24.928842"
"®ç¶é¥«¥­Âí°Ï¤¤Â×¸ô«n¶Õ¤G¬q¥|¤»¡³«Ñ¤@¤@¤C¸¹","®ç¶é¥«¥­Âí°Ï«n¶Õ¨½35¾F¤¤Â×¸ô«n¶Õ¤G¬q117¸¹","121.210882","24.915978"
"®ç¶é¥«¥­Âí°Ï¤¤Â×¸ô«n¶Õ¤G¬q¥|¤»¡³«Ñ¤@¤@¤E¸¹","®ç¶é¥«¥­Âí°Ï«n¶Õ¨½35¾F¤¤Â×¸ô«n¶Õ¤G¬q119¸¹","121.210874","24.915875"
"®ç¶é¥«¥­Âí°Ï¤Ñ¬zµó¢°¢¶¢°¸¹","®ç¶é¥«¥­Âí°Ï¥­«n¨½40¾F¤Ñ¬zµó171¸¹","121.207396","24.908529"
"®ç¶é¥«¥­Âí°Ï¤¤Â×¸ô¤G¬q¤»¸¹¤@¼Ó","®ç¶é¥«¥­Âí°Ï¥­¦w¨½1¾F¤¤Â×¸ô«n¶Õ¤@¬q6¸¹","121.211949","24.924733"
"®ç¶é¥«¥­Âí°Ï¤¤Â×¸ô¤G¬q¥|¤G¸¹","®ç¶é¥«¥­Âí°Ï¥­¦w¨½24¾F¤¤Â×¸ô«n¶Õ¤G¬q42¸¹","121.210957","24.918637"
"®ç¶é¥«¥­Âí°Ï¤Ó¥­ªF¸ô1-21¸¹3¼Ó","®ç¶é¥«¥­Âí°Ï·s¦w¨½1¾F¤Ó¥­ªF¸ô1¤§21¸¹","121.250553","24.904205"
"®ç¶é¥«¥­Âí°Ï¤Ó¥­ªF¸ô¢°¤§¢±¢°¸¹¡]¦a¤U¼h¡B1¡B2¡B3¡B4¡B5¼Ó¡^","®ç¶é¥«¥­Âí°Ï·s¦w¨½1¾F¤Ó¥­ªF¸ô1¤§21¸¹","121.250553","24.904205"
"®ç¶é¥«¥­Âí°Ï¬x¦`¸ô¤G¤T¡³¸¹","®ç¶é¥«¥­Âí°Ï·s¦w¨½1¾F¬x¦`¸ô326¤§1¸¹","121.249312","24.907149"
"®ç¶é¥«¥­Âí°Ï¬x¦`¸ô¤T¤C¤K¸¹","®ç¶é¥«¥­Âí°ÏªF¶Õ¨½16¾F¬x¦`¸ô378¤§16¸¹","121.247924","24.903298"
"®ç¶é¥«¥­Âí°Ï¤u·~¤@¸ô¢°¢³¤§¢±¸¹¢°¼Ó","®ç¶é¥«¥­Âí°Ï´éÂ×¨½15¾F¤u·~¤@¸ô14¤§2¸¹","121.204419","24.905456"
"®ç¶é¥«¥­Âí°Ï¤u·~¤@¸ô¤@¡³¸¹","®ç¶é¥«¥­Âí°Ï´éÂ×¨½15¾F¤u·~¤@¸ô1¤§1¸¹","121.204231","24.900555"
"®ç¶é¥«¥­Âí°Ï¤u·~¤@¸ô¤@¥|¤§¤G¡B¤@¥|¤§¤E¸¹¥|¼Ó","®ç¶é¥«¥­Âí°Ï´éÂ×¨½15¾F¤u·~¤@¸ô1¤§1¸¹","121.204231","24.900555"
"®ç¶é¥«¥­Âí°Ï¤u·~¤C¸ô8¸¹1¼Ó","®ç¶é¥«¥­Âí°Ï´é¦w¨½21¾F¤u·~¤C¸ô8¸¹","121.204630","24.898096"
"®ç¶é¥«¥­Âí°Ï¤u·~¤C¸ô¤K¸¹","®ç¶é¥«¥­Âí°Ï´é¦w¨½21¾F¤u·~¤C¸ô8¸¹","121.204630","24.898096"
"®ç¶é¥«¥­Âí°Ï¤u·~¤C¸ô¤»¸¹","®ç¶é¥«¥­Âí°Ï´é¦w¨½21¾F¤u·~¤C¸ô6¸¹","121.204562","24.898649"
"®ç¶é¥«¥­Âí°Ï¤u·~¤G¸ô7¸¹","®ç¶é¥«¥­Âí°Ï´éÂ×¨½15¾F¤u·~¤G¸ô7¸¹","121.201598","24.902529"
"®ç¶é¥«¥­Âí°Ï¤u·~¤G¸ô¤@¤C¸¹","®ç¶é¥«¥­Âí°Ï´éÂ×¨½15¾F¤u·~¤G¸ô17¸¹","121.201044","24.904974"
"®ç¶é¥«¥­Âí°Ï¤u·~¤G¸ô¤@¤­¸¹","®ç¶é¥«¥­Âí°Ï´éÂ×¨½15¾F¤u·~¤G¸ô15¸¹","121.201393","24.905026"
"®ç¶é¥«¥­Âí°Ï¤u·~¤G¸ô¤G¤§¤@¸¹","®ç¶é¥«¥­Âí°Ï´éÂ×¨½15¾F¤u·~¤G¸ô2¤§1¸¹","121.202738","24.901132"
"®ç¶é¥«¥­Âí°Ï¤u·~¤Q¤G¸ô¢°¸¹","®ç¶é¥«¥­Âí°Ï´é¦w¨½21¾F¤u·~¤Q¤G¸ô1¸¹","121.203882","24.897264"
"®ç¶é¥«¥­Âí°Ï¤u·~¤Q¤G¸ô¤G¸¹","®ç¶é¥«¥­Âí°Ï´é¦w¨½21¾F¤u·~¤Q¤G¸ô2¸¹","121.203064","24.897166"
"®ç¶é¥«¥­Âí°Ï¤u·~¤Q¤G¸ô¤­¸¹","®ç¶é¥«¥­Âí°Ï´é¦w¨½21¾F¤u·~¤Q¤G¸ô5¸¹","121.203696","24.896257"
"®ç¶é¥«¥­Âí°Ï¤u·~¤T¸ô¤@¤§¤@¸¹","®ç¶é¥«¥­Âí°Ï´éÂ×¨½15¾F¤u·~¤T¸ô1¤§1¸¹","121.199716","24.900714"
"®ç¶é¥«¥­Âí°Ï¤u·~¤T¸ô¤C¸¹","®ç¶é¥«¥­Âí°Ï´éÂ×¨½15¾F¤u·~¤T¸ô7¸¹","121.199533","24.902314"
"®ç¶é¥«¥­Âí°Ï¤u·~«n¸ô¤@¤­¤E¸¹¤@¼Ó","®ç¶é¥«¥­Âí°Ï´é¦w¨½15¾F¤u·~«n¸ô159¸¹","121.200930","24.896257"
"®ç¶é¥«¥­Âí°Ï¦Û¥Ñµó¤C«Ñ¥|¤»¡B¥|¤K¸¹¤@¼Ó","®ç¶é¥«¥­Âí°Ï´é¦w¨½5¾F¦Û¥Ñµó7«Ñ7¸¹","121.203726","24.890763"
"®ç¶é¥«¥­Âí°Ï¥­ªF¸ô¤@¬q¤@¤C¤K«Ñ¤G¤»§Ë¤@¡³¸¹","®ç¶é¥«¥­Âí°Ï«Ø¦w¨½25¾F¥­ªF¸ô¤@¬q178«Ñ26§Ë1¸¹","121.232886","24.913434"
"®ç¶é¥«¥­Âí°Ï¥­ªF¸ô¤@¬q¤@¤C¤K«Ñ¤G¤»§Ë¤@¸¹¡B¤T¸¹","®ç¶é¥«¥­Âí°Ï«Ø¦w¨½25¾F¥­ªF¸ô¤@¬q178«Ñ26§Ë1¸¹","121.232886","24.913434"
"®ç¶é¥«¥­Âí°Ï¥­ªF¸ô¤@¬q¤@¤C¤K«Ñ¤T¤K§Ë¤G¸¹","®ç¶é¥«¥­Âí°Ï«Ø¦w¨½25¾F¥­ªF¸ô¤@¬q178«Ñ38§Ë2¸¹","121.232934","24.913762"
"®ç¶é¥«¥­Âí°Ï¤u·~¤Q¸ô8¤§1¸¹","®ç¶é¥«¥­Âí°Ï´é¦w¨½21¾F¤u·~¤Q¸ô8¤§2¸¹","121.202680","24.897615"
"®ç¶é¥«¥­Âí°Ïª÷³®¸ô4¬q477«Ñ10¸¹","®ç¶é¥«¥­Âí°Ï«Ø¦w¨½29¾Fª÷³®¸ô¥|¬q477«Ñ10¸¹","121.231786","24.912145"
"®ç¶é¥«¥­Âí°ÏÃö·Ý¦è¸ô¤G¸¹","®ç¶é¥«¥­Âí°Ï·s¶Q¨½12¾FÃö·Ý¦è¸ô2¸¹","121.218110","24.930450"
"®ç¶é¥«¥­Âí°ÏÃö·Ý¦è¸ô¤T¤K«Ñ¤­¤G¸¹","®ç¶é¥«¥­Âí°Ï·s¶Q¨½11¾FÃö·Ý¦è¸ô38«Ñ52¸¹","121.216708","24.929063"
"®ç¶é¥«¥­Âí°Ï¨|¹F¸ô¤G¤@¤E«Ñ¤G§Ë¤@¸¹","®ç¶é¥«¥­Âí°Ï¸q¿³¨½9¾F¨|¹F¸ô219«Ñ2§Ë1¸¹","121.207840","24.951109"
"®ç¶é¥«¥­Âí°Ï·s¿³¸ô¤@¤C¤C«Ñ¤@¤»¸¹","®ç¶é¥«¥­Âí°Ï¸q¿³¨½5¾F·s¿³¸ô177«Ñ16¸¹","121.208463","24.949422"
"®ç¶é¥«¥­Âí°Ï·s¿³¸ô¤@¤C¤C«Ñ¤G¥|§Ë¤K¸¹¤@¼Ó","®ç¶é¥«¥­Âí°Ï¸q¿³¨½5¾F·s¿³¸ô177«Ñ24§Ë8¸¹","121.208828","24.949394"
"®ç¶é¥«¥­Âí°Ï¿³¶©¸ô¤G¥|¤»¸¹","®ç¶é¥«¥­Âí°ÏÂí¿³¨½16¾F¿³¶©¸ô246¸¹","121.189514","24.898759"
"®ç¶é¥«¥­Âí°Ï¥Á±Ú¸ô?³s¤G¬q¤@¤»¤T¸¹","®ç¶é¥«¥­Âí°ÏÂù³s¨½20¾F¥Á±Ú¸ôÂù³s¤G¬q163¸¹","121.181789","24.958144"
"®ç¶é¥«®ç¶é°Ï¤¤¤s¸ô¢°¢¯¢¯¢¯¤§¢´¸¹¢°¢³¼Ó¤§¢´","®ç¶é¥«®ç¶é°Ï¤¤«H¨½25¾F¤¤¤s¸ô1000¤§5¸¹","121.285283","24.989446"
"®ç¶é¥«®ç¶é°Ï¤¤¤s¸ô¢°¢¯¢¯¢¯¤§¢´¸¹¢°¢´¼Ó¤§¢³","®ç¶é¥«®ç¶é°Ï¤¤«H¨½25¾F¤¤¤s¸ô1000¤§5¸¹","121.285283","24.989446"
"®ç¶é¥«®ç¶é°Ï¤¤¤s¸ô956«Ñ121¸¹","®ç¶é¥«®ç¶é°Ï¤¤«H¨½21¾F¤¤¤s¸ô956«Ñ121¸¹","121.284933","24.991567"
"®ç¶é¥«®ç¶é°Ï¤¤¤s¸ô¢¸¢´¢µ«Ñ¢¶¢°¸¹","®ç¶é¥«®ç¶é°Ï¤¤«H¨½20¾F¤¤¤s¸ô956«Ñ71¸¹","121.286011","24.990375"
"®ç¶é¥«®ç¶é°Ï¤¤¤s¸ô¢¸¢´¢µ«Ñ¢¸¢µ¸¹¢°¼Ó","®ç¶é¥«®ç¶é°Ï¤¤«H¨½21¾F¤¤¤s¸ô956«Ñ96¸¹","121.285611","24.990923"
"®ç¶é¥«®ç¶é°Ï¤¤¤s¸ô¤E¤­¤»«Ñ¤@¡³¤G¸¹","®ç¶é¥«®ç¶é°Ï¤¤«H¨½20¾F¤¤¤s¸ô956«Ñ24¤§1¸¹","121.287336","24.990014"
"®ç¶é¥«®ç¶é°Ï¤¤¤s¸ô¤E¤­¤»«Ñ¤E¤G¸¹","®ç¶é¥«®ç¶é°Ï¤¤«H¨½21¾F¤¤¤s¸ô956«Ñ92¸¹","121.285645","24.990796"
"®ç¶é¥«®ç¶é°Ï¤¤¤s¸ô¤E¤­¤»«Ñ¤E¤T¸¹¥|¡B¤­¼Ó","®ç¶é¥«®ç¶é°Ï¤¤«H¨½21¾F¤¤¤s¸ô956«Ñ93¸¹","121.285236","24.990770"
"®ç¶é¥«®ç¶é°Ï¤¤¤s¸ô¤E¤­¤»«Ñ¤E¤»¸¹¤G¼Ó","®ç¶é¥«®ç¶é°Ï¤¤«H¨½21¾F¤¤¤s¸ô956«Ñ96¸¹","121.285611","24.990923"
"®ç¶é¥«®ç¶é°Ï¦N¦wµó¤@¥|¤T¸¹","®ç¶é¥«®ç¶é°Ï¤¤¦¨¨½10¾F¦N¦wµó143¸¹","121.290912","25.004083"
"®ç¶é¥«®ç¶é°Ï©µ¹Øµó¤K¤E¸¹¤@¼Ó","®ç¶é¥«®ç¶é°Ï¤¤¸ô¨½2¾F©µ¹Øµó7¤§1¸¹","121.293411","24.991765"
"®ç¶é¥«®ç¶é°Ï®ç¼w¸ô¢°¢°¢²«Ñ¢²¢¶¤§¢°¸¹","®ç¶é¥«®ç¶é°Ï¤¤¼w¨½13¾F®ç¼w¸ô113«Ñ37¤§1¸¹","121.293581","24.967614"
"®ç¶é¥«®ç¶é°Ï®ç¼w¸ô39«Ñ55¸¹","®ç¶é¥«®ç¶é°Ï¤¤¼w¨½®ç¼w¸ô39«Ñ55¸¹","121.292900","24.965673"
"®ç¶é¥«®ç¶é°Ï¤¤¤s¸ô¢°¢¯¢¯¢¯¡Ð¢°¸¹¢°¼Ó¤§¢±","®ç¶é¥«®ç¶é°Ï¤¤«H¨½23¾F¤¤¤s¸ô1000¤§1¸¹","121.285459","24.989048"
"®ç¶é¥«®ç¶é°Ï¤¤¤s¸ô¢°¢¯¢¯¢¯¤§¢°¸¹¢¶¼Ó¤§¢±","®ç¶é¥«®ç¶é°Ï¤¤«H¨½23¾F¤¤¤s¸ô1000¤§1¸¹","121.285459","24.989048"
"®ç¶é¥«®ç¶é°Ï¤¤¤s¸ô¢°¢¯¢¯¢¯¸¹¢°¢²¼Ó¤§¢°¢±","®ç¶é¥«®ç¶é°Ï¤¤«H¨½22¾F¤¤¤s¸ô1000¸¹","121.285375","24.988722"
"®ç¶é¥«®ç¶é°Ï¤¤¤s¸ô¢°¢¯¢¯¢¯¸¹¢²¼Ó¤§¢´","®ç¶é¥«®ç¶é°Ï¤¤«H¨½22¾F¤¤¤s¸ô1000¸¹","121.285375","24.988722"
"®ç¶é¥«®ç¶é°Ï¤¤¤s¸ô¢°¢¯¢¯¢¯¸¹¢·¼Ó¤§¢²","®ç¶é¥«®ç¶é°Ï¤¤«H¨½22¾F¤¤¤s¸ô1000¸¹","121.285375","24.988722"
"®ç¶é¥«®ç¶é°Ï¥Ã¦w¸ô¤­¤T¤­«Ñ¤@¤G¸¹","®ç¶é¥«®ç¶é°Ï¤¤¦¨¨½6¾F¥Ã¦w¸ô535«Ñ12¸¹","121.294985","25.003909"
"®ç¶é¥«®ç¶é°Ï²ø¤Gµó¤@¤»¤»«Ñ¤T¥|¸¹","®ç¶é¥«®ç¶é°Ï¥_®H¨½11¾F²ø¤Gµó166«Ñ34¸¹","121.293167","25.024137"
"®ç¶é¥«®ç¶é°Ï·ç¼y¸ô¤T¤C¤C«Ñ¤»¸¹¤@¼Ó","®ç¶é¥«®ç¶é°Ï·ç¼y¨½6¾F·ç¼y¸ô377«Ñ6¸¹","121.291383","25.019121"
"®ç¶é¥«®ç¶é°Ï·R¤Qµó¤T¤T¸¹","®ç¶é¥«®ç¶é°Ïªø¦w¨½19¾F·R¤Qµó33¸¹","121.302274","25.005273"
"®ç¶é¥«®ç¶é°Ï¥É¤sµó150¸¹","®ç¶é¥«®ç¶é°Ï®õ¤s¨½16¾F¥É¤sµó150¸¹","121.300518","24.987730"
"®ç¶é¥«®ç¶é°Ï¥É¤sµó¢°¢¶¢µ¸¹¢°¼Ó","®ç¶é¥«®ç¶é°Ï®õ¤s¨½16¾F¥É¤sµó176¸¹","121.300519","24.986687"
"®ç¶é¥«®ç¶é°Ï¥É¤sµó¢°¢¶¢µ¸¹¢±¼Ó","®ç¶é¥«®ç¶é°Ï®õ¤s¨½16¾F¥É¤sµó176¸¹","121.300519","24.986687"
"®ç¶é¥«®ç¶é°Ï¥É¤sµó¤@¤K¤»¸¹","®ç¶é¥«®ç¶é°Ï®õ¤s¨½1¾F¥É¤sµó186¸¹","121.300328","24.985960"
"®ç¶é¥«®ç¶é°Ï¥É¤sµó¤@¤­¥|¸¹","®ç¶é¥«®ç¶é°Ï®õ¤s¨½16¾F¥É¤sµó154¸¹","121.300529","24.987588"
"®ç¶é¥«®ç¶é°Ï¥É¤sµó¤@¥|¤K¸¹","®ç¶é¥«®ç¶é°Ï®õ¤s¨½16¾F¥É¤sµó148¸¹","121.300491","24.987887"
"®ç¶é¥«®ç¶é°Ï¥É¤sµó¤G¤@¥|¸¹","®ç¶é¥«®ç¶é°Ï®õ¤s¨½1¾F¥É¤sµó214¸¹","121.299917","24.985158"
"®ç¶é¥«®ç¶é°Ï®õ¦¨¸ô¤»¤G«Ñ¤­¤G¡B¤­¥|¡B¤­¤»¸¹¤@¼Ó","®ç¶é¥«®ç¶é°Ï®õ¤s¨½6¾F®õ¦¨¸ô62«Ñ62¸¹","121.297351","24.988893"
"®ç¶é¥«®ç¶é°Ï®õ¦¨¸ô¤»¤G«Ñ¤­¤­¸¹","®ç¶é¥«®ç¶é°Ï®õ¤s¨½6¾F®õ¦¨¸ô62«Ñ55¸¹","121.297660","24.988704"
"®ç¶é¥«®ç¶é°Ï®õ¦¨¸ô¤»¤G«Ñ¤­¥|¡B¤­¤»¸¹¤G¼Ó","®ç¶é¥«®ç¶é°Ï®õ¤s¨½6¾F®õ¦¨¸ô62«Ñ62¸¹","121.297351","24.988893"
"®ç¶é¥«®ç¶é°Ï®õ¦¨¸ô¤»¤G«Ñ¥|¤K¸¹","®ç¶é¥«®ç¶é°Ï®õ¤s¨½6¾F®õ¦¨¸ô62«Ñ48¸¹","121.297568","24.989109"
"®ç¶é¥«®ç¶é°Ï¼é¬wµó¤@¤K¡B¤G¡³¸¹","®ç¶é¥«®ç¶é°Ï®õ¤s¨½3¾F¼é¬wµó6¤§2¸¹","121.300324","24.987045"
"®ç¶é¥«®ç¶é°Ï¼é¬wµó¤K¡B¤@¡³¸¹","®ç¶é¥«®ç¶é°Ï®õ¤s¨½3¾F¼é¬wµó6¤§2¸¹","121.300324","24.987045"
"®ç¶é¥«®ç¶é°Ï¼é¬wµó¤»¤G¸¹","®ç¶é¥«®ç¶é°Ï®õ¤s¨½3¾F¼é¬wµó62¸¹","121.299518","24.987792"
"®ç¶é¥«®ç¶é°Ï¼é¬wµó¤»¤K¡B¤C¢¯¸¹","®ç¶é¥«®ç¶é°Ï®õ¤s¨½3¾F¼é¬wµó6¤§2¸¹","121.300324","24.987045"
"®ç¶é¥«®ç¶é°Ï¼é¬wµó¤»¤§¤T¸¹","®ç¶é¥«®ç¶é°Ï®õ¤s¨½3¾F¼é¬wµó10¤§1¸¹","121.300127","24.987016"
"®ç¶é¥«®ç¶é°Ï¼é¬wµó¥|¤G¸¹","®ç¶é¥«®ç¶é°Ï®õ¤s¨½3¾F¼é¬wµó42¸¹","121.299683","24.987325"
"®ç¶é¥«®ç¶é°Ï¤¤¤s¸ô¤G¤­¤G¤§¤G¸¹¤T¼Ó","®ç¶é¥«®ç¶é°Ï¥Á¥Í¨½5¾F¤¤¤s¸ô1¤§1¸¹","121.313096","24.995248"
"®ç¶é¥«®ç¶é°Ï¤j¦³¸ô¢µ¢°¸¹","®ç¶é¥«®ç¶é°Ï¤T¤¸¨½6¾F¤j¦³¸ô61¸¹","121.323077","25.003024"
"®ç¶é¥«®ç¶é°Ï¤j¦³¸ô¤»¤T¸¹","®ç¶é¥«®ç¶é°Ï¤T¤¸¨½6¾F¤j¦³¸ô63¸¹","121.323025","25.003416"
"®ç¶é¥«®ç¶é°Ï¤¤¥¿¤Tµó¤T¤G¤C«Ñ¤G¸¹","®ç¶é¥«®ç¶é°Ïªø¼w¨½19¾F¤¤¥¿¤Tµó327«Ñ2¸¹","121.299817","25.000964"
"®ç¶é¥«®ç¶é°Ï¤¤¥¿¤­µó¤@¤@¤»¸¹","®ç¶é¥«®ç¶é°Ïªø¼w¨½1¾F¤¤¥¿¤­µó116¸¹","121.302854","25.006353"
"®ç¶é¥«®ç¶é°Ï¥Ã¦w¸ô¤­¡³¤»¸¹¤@¼Ó","®ç¶é¥«®ç¶é°Ïªø¬ü¨½6¾F¥Ã¦w¸ô13¤§1¸¹","121.310050","24.995359"
"®ç¶é¥«®ç¶é°Ï·R¤Cµó¤G¸¹¤@¼Ó","®ç¶é¥«®ç¶é°Ïªø¼w¨½9¾F·R¤Cµó2¸¹","121.301025","25.004265"
"®ç¶é¥«®ç¶é°Ïª÷ªù¥|µó¥|¤G¸¹","®ç¶é¥«®ç¶é°Ï¤jÂ×¨½7¾Fª÷ªù¥|µó12¤§1¸¹","121.313762","24.983173"
"®ç¶é¥«®ç¶é°Ï¬K¤é¸ô¤@¡³¤­¤@«Ñ¤G¸¹¤@¼Ó","®ç¶é¥«®ç¶é°Ï¤j¿³¨½10¾F¬K¤é¸ô1051«Ñ2¸¹","121.309380","25.011738"
"®ç¶é¥«®ç¶é°Ï¬K¤é¸ô¤@¤G¤G¤@¸¹","®ç¶é¥«®ç¶é°Ï¬K¤é¨½18¾F¬K¤é¸ô1221¸¹","121.308729","25.016208"
"®ç¶é¥«®ç¶é°Ï¬K¤é¸ô¤K¥|¥|¸¹","®ç¶é¥«®ç¶é°Ï¤j¿³¨½5¾F¬K¤é¸ô844¸¹","121.309401","25.014586"
"®ç¶é¥«®ç¶é°Ï°·¦æ¸ô¤T¤­¸¹","®ç¶é¥«®ç¶é°Ï¨X¬w¨½11¾F°·¦æ¸ô45¤§1¸¹","121.309528","25.022195"
"®ç¶é¥«®ç¶é°ÏºÖ¤sµó¤@¤@¤@¸¹¤@¼Ó","®ç¶é¥«®ç¶é°Ï¤j¿³¨½16¾FºÖ¤sµó111¸¹","121.310890","25.014954"
"®ç¶é¥«®ç¶é°ÏºÖ¤sµó¤@¥|¸¹¤@¼Ó","®ç¶é¥«®ç¶é°Ï¤j¿³¨½6¾FºÖ¤sµó14¸¹","121.310305","25.012775"
"®ç¶é¥«®ç¶é°ÏºÖ¤sµó¤C¤E«Ñ¤G§Ë¤G¥|¸¹","®ç¶é¥«®ç¶é°Ï¤j¿³¨½13¾FºÖ¤sµó79«Ñ2§Ë24¸¹","121.310328","25.014699"
"®ç¶é¥«®ç¶é°ÏºÖ¤sµó¤T¸¹¤@¼Ó","®ç¶é¥«®ç¶é°Ï¤j¿³¨½6¾FºÖ¤sµó13¸¹","121.310181","25.012927"
"®ç¶é¥«®ç¶é°Ï¤å¤¤¸ô¤C¤@¤G¸¹","®ç¶é¥«®ç¶é°ÏÀs¦w¨½1¾F¤å¤¤¸ô712¸¹","121.275781","24.993732"
"®ç¶é¥«®ç¶é°Ï¤¤¤s¸ô1138¸¹1¼Ó","®ç¶é¥«®ç¶é°ÏÀs»ñ¨½6¾F¤¤¤s¸ô1138¸¹","121.281364","24.986590"
"®ç¶é¥«®ç¶é°Ï¸Î©Mµó¢´¢³«Ñ¢²¸¹","®ç¶é¥«®ç¶é°ÏÀs²»¨½6¾F¸Î©Mµó54«Ñ3¸¹","121.274417","24.982592"
"®ç¶é¥«®ç¶é°Ï¸Î©Mµó¢¶¢¯¸¹","®ç¶é¥«®ç¶é°ÏÀs²»¨½6¾F¸Î©Mµó70¸¹","121.274251","24.982953"
"®ç¶é¥«®ç¶é°Ï¸Î©Mµó¤T¤C¸¹","®ç¶é¥«®ç¶é°ÏÀs²»¨½6¾F¸Î©Mµó37¸¹","121.273914","24.982348"
"®ç¶é¥«®ç¶é°Ï¸Î©Mµó¤T¤E¸¹","®ç¶é¥«®ç¶é°ÏÀs²»¨½6¾F¸Î©Mµó39¸¹","121.273889","24.982426"
"®ç¶é¥«®ç¶é°Ï¸Î©Mµó¤­¥|«Ñ¤@¸¹","®ç¶é¥«®ç¶é°ÏÀs²»¨½6¾F¸Î©Mµó54«Ñ1¸¹","121.274288","24.982600"
"®ç¶é¥«®ç¶é°Ï¸Î©Mµó¤»¥|¸¹","®ç¶é¥«®ç¶é°ÏÀs²»¨½6¾F¸Î©Mµó64¸¹","121.274184","24.982766"
"®ç¶é¥«®ç¶é°Ï¸Î©Mµó¥|¤E¸¹","®ç¶é¥«®ç¶é°ÏÀs²»¨½6¾F¸Î©Mµó49¸¹","121.273949","24.982729"
"®ç¶é¥«®ç¶é°ÏÀs¦wµó¤@¥|«Ñ¤@¤@¸¹¤@¼Ó","®ç¶é¥«®ç¶é°ÏÀs»ñ¨½4¾FÀs¦wµó14«Ñ11¸¹","121.281974","24.987951"
"®ç¶é¥«®ç¶é°ÏÀs¹Øµó206«Ñ12¤§4§Ë5¸¹","®ç¶é¥«®ç¶é°ÏÀs¹Ø¨½16¾FÀs¹Øµó206«Ñ12¤§4§Ë5¸¹","121.270159","24.986126"
"®ç¶é¥«®ç¶é°ÏÀs¹Øµó¢±¢¶¢²«Ñ¢±¢¶¸¹","®ç¶é¥«®ç¶é°ÏÀs¤s¨½26¾FÀs¹Øµó273«Ñ27¸¹","121.266387","24.988859"
"®ç¶é¥«®ç¶é°ÏÀs¹Øµó¤@¤E¤E¸¹","®ç¶é¥«®ç¶é°ÏÀs¤s¨½1¾FÀs¹Øµó199¸¹","121.267644","24.984834"
"®ç¶é¥«®ç¶é°ÏÀs¹Øµó¤@¥|¤@¸¹","®ç¶é¥«®ç¶é°ÏÀs¤s¨½6¾FÀs¹Øµó141¸¹","121.267944","24.982038"
"®ç¶é¥«®ç¶é°ÏÀs¹Øµó¤G¤@¡³¤§¤@¤G¸¹","®ç¶é¥«®ç¶é°ÏÀs¹Ø¨½3¾FÀs¹Øµó30¤§1¸¹","121.269588","24.978534"
"®ç¶é¥«®ç¶é°ÏÀs¹Øµó¤G¤C¤T«Ñ¤@¤­¸¹","®ç¶é¥«®ç¶é°ÏÀs¤s¨½26¾FÀs¹Øµó273«Ñ15¸¹","121.266729","24.988916"
"®ç¶é¥«®ç¶é°ÏÀs»ñ¤@µó¢²¸¹¢°¼Ó","®ç¶é¥«®ç¶é°ÏÀs»ñ¨½7¾FÀs»ñ¤@µó3¸¹","121.280814","24.986316"
"®ç¶é¥«®ç¶é°ÏÀs¹Øµó¢±¢¯¢µ«Ñ¢°¢±¡Ð¢³§Ë¢²¸¹","®ç¶é¥«®ç¶é°ÏÀs¹Ø¨½16¾FÀs¹Øµó206«Ñ12¤§4§Ë3¸¹","121.270143","24.986236"
"®ç¶é¥«®ç¶é°ÏÀs¹Øµó¢²¢¯¢¯¤§¢´¸¹","®ç¶é¥«®ç¶é°ÏÀs¤s¨½1¾FÀs¹Øµó300¤§5¸¹","121.267980","24.988862"
"®ç¶é¥«®ç¶é°ÏÀs¹Øµó¤G¡³¤»«Ñ¤@¤G¤§¤@¸¹","®ç¶é¥«®ç¶é°ÏÀs¹Ø¨½16¾FÀs¹Øµó206«Ñ2¤§1¸¹","121.268572","24.986002"
"®ç¶é¥«®ç¶é°ÏÀs¹Øµó¤G¡³¤»«Ñ¤@¤G¤§¥|§Ë¤@¸¹","®ç¶é¥«®ç¶é°ÏÀs¤s¨½19¾FÀs¹Øµó83«Ñ8§Ë1¸¹","121.267669","24.981142"
"®ç¶é¥«®ç¶é°Ï¸Î©Mµó51¸¹¡]1¼Ó¡^","®ç¶é¥«®ç¶é°ÏÀs²»¨½6¾F¸Î©Mµó51¸¹","121.273959","24.982789"
"®ç¶é¥«®ç¶é°Ï°ê»Ú¸ô¤@¬q¤@¡³¤K¤C¸¹","®ç¶é¥«®ç¶é°Ï¤¤¼w¨½15¾F°ê»Ú¸ô¤@¬q260¤§1¸¹","121.292595","24.968003"
"®ç¶é¥«·s«Î°Ï¤C¾F¤W?·}¤G¤T¸¹","®ç¶é¥«·s«Î°Ï²MµØ¨½12¾F¥_¶Õ1¤§10¸¹","121.129426","24.995590"
"®ç¶é¥«·s«Î°Ï?·}¤@¤§¤G¸¹","®ç¶é¥«·s«Î°Ï¤E¤æ¨½10¾F¤W«C®H1¤§1¸¹","121.137794","24.970737"
"®ç¶é¥«·s«Î°Ï?·}¥|¥|¤§¤@¸¹","®ç¶é¥«·s«Î°Ï¤E¤æ¨½10¾F¤W«C®H1¤§1¸¹","121.137794","24.970737"
"®ç¶é¥«·s«Î°Ï?·}¥|¥|¸¹","®ç¶é¥«·s«Î°Ï¤E¤æ¨½1¾F¤¤µØ«n¸ô¤@¬q1¤§10¸¹","121.110882","24.967376"
"®ç¶é¥«·s«Î°Ï¤¤¤s¦è¸ô¤G¬q¤@¤@¤@¤T¸¹","®ç¶é¥«·s«Î°Ï¤U¥Ð¨½1¾F¤¤¤s¦è¸ô¤G¬q1113¸¹","121.051386","24.985275"
"®ç¶é¥«·s«Î°Ï1¾F?ÀY¬w5¸¹","®ç¶é¥«·s«Î°Ï³H¶¡¨½1¾F³H–à´ä5¸¹","121.001561","24.948154"
"®ç¶é¥«·¨±ö°Ï¤¤¤s«n¸ô¤K¢¯¢¯«Ñ¤@¢¯¢¯¸¹","®ç¶é¥«·¨±ö°Ï¤W´ò¨½22¾F¤¤¤s«n¸ô800«Ñ100¸¹","121.107674","24.897425"
"®ç¶é¥«·¨±ö°Ï¤¤¤s«n¸ô¤K¡³¡³«Ñ¤»¤»¸¹","®ç¶é¥«·¨±ö°Ï¤j¥­¨½7¾F¤¤¤s«n¸ô300«Ñ66¸¹","121.132467","24.907076"
"®ç¶é¥«·¨±ö°ÏÀç½L?¤­¤§¤G¸¹","®ç¶é¥«·¨±ö°Ï¥Ã¥­¨½6¾F¤T¤¸µó1¤§1¸¹","121.172631","24.912028"
"®ç¶é¥«·¨±ö°Ï¤¤¤s¥_¸ô¤@¬q159¸¹","®ç¶é¥«·¨±ö°Ï¤¤¤s¨½4¾F¤¤¤s¥_¸ô¤@¬q159¸¹","121.153126","24.907094"
"®ç¶é¥«·¨±ö°Ï¤¤¤s¥_¸ô¤@¬q27¸¹1¼Ó","®ç¶é¥«·¨±ö°Ï¤¤¤s¨½2¾F¤¤¤s¥_¸ô¤@¬q27¸¹","121.150185","24.907263"
"®ç¶é¥«·¨±ö°Ï¤¤¤s¥_¸ô¤@¬q¤G¤@«Ñ¤G¤§¤G¸¹¤T¼Ó","®ç¶é¥«·¨±ö°Ï¤¤¤s¨½2¾F¤¤¤s¥_¸ô¤@¬q21«Ñ2¤§1¸¹","121.149872","24.906982"
"®ç¶é¥«·¨±ö°Ï¤¤¤s¥_¸ô¤@¬q¤G¤C¤@¸¹","®ç¶é¥«·¨±ö°Ï¤¤¤s¨½4¾F¤¤¤s¥_¸ô¤@¬q271¸¹","121.155636","24.907814"
"®ç¶é¥«·¨±ö°Ï¤¤¤s¥_¸ô¤@¬q¤G¤E¤T«Ñ¤G¤K¸¹","®ç¶é¥«·¨±ö°Ï¤¤¤s¨½4¾F¤¤¤s¥_¸ô¤@¬q293«Ñ28¸¹","121.156847","24.906289"
"®ç¶é¥«·¨±ö°Ï¤¤¤s¥_¸ô¤@¬q¤G¤»¤E¸¹¤G¡B¤T¼Ó","®ç¶é¥«·¨±ö°Ï¤¤¤s¨½4¾F¤¤¤s¥_¸ô¤@¬q269¸¹","121.155525","24.907749"
"®ç¶é¥«·¨±ö°Ï¦æµ½¸ô¢±¢µ¸¹","®ç¶é¥«·¨±ö°Ï¤¤¤s¨½3¾F¦æµ½¸ô26¸¹","121.151970","24.906751"
"®ç¶é¥«·¨±ö°Ï¦æµ½¸ô¢µ¢µ¸¹","®ç¶é¥«·¨±ö°Ï¤¤¤s¨½3¾F¦æµ½¸ô66¸¹","121.152510","24.905938"
"®ç¶é¥«·¨±ö°Ï¦æµ½¸ô¤E¸¹","®ç¶é¥«·¨±ö°Ï¤¤¤s¨½3¾F¦æµ½¸ô9¸¹","121.152121","24.907036"
"®ç¶é¥«·¨±ö°Ï¦æµ½¸ô¤G¤G«Ñ¤@¤T¸¹","®ç¶é¥«·¨±ö°Ï¤¤¤s¨½3¾F¦æµ½¸ô22«Ñ1¸¹","121.151780","24.906554"
"®ç¶é¥«·¨±ö°Ï¦æµ½¸ô¤G¤G«Ñ¤K¸¹","®ç¶é¥«·¨±ö°Ï¤¤¤s¨½3¾F¦æµ½¸ô22«Ñ8¸¹","121.151227","24.906103"
"®ç¶é¥«·¨±ö°Ï¦æµ½¸ô¤G¥|¸¹","®ç¶é¥«·¨±ö°Ï¤¤¤s¨½3¾F¦æµ½¸ô24¸¹","121.151914","24.906812"
"®ç¶é¥«·¨±ö°Ï¦æµ½¸ô¤T¤G«Ñ¤@¡³¡B¤@¤G¸¹¤@¼Ó","®ç¶é¥«·¨±ö°Ï¤¤¤s¨½3¾F¦æµ½¸ô32«Ñ14¤§1¸¹","121.151600","24.905920"
"®ç¶é¥«·¨±ö°Ï¦æµ½¸ô¥|¡³¸¹","®ç¶é¥«·¨±ö°Ï¤¤¤s¨½3¾F¦æµ½¸ô3¸¹","121.151988","24.907213"
"®ç¶é¥«·¨±ö°ÏÀôªF¸ô¤@¤­¡³«Ñ¤@¤­¸¹","®ç¶é¥«·¨±ö°Ï¤¤¤s¨½1¾FÀôªF¸ô150«Ñ15¸¹","121.155260","24.903591"
"®ç¶é¥«·¨±ö°Ï¥®¤@¸ô5¸¹","®ç¶é¥«·¨±ö°Ï°ª¤W¨½2¾F¥®¤@¸ô5¸¹","121.171516","24.928873"
"®ç¶é¥«·¨±ö°Ï¤¤¤s¥_¸ô¤@¬q¤G¤@«Ñ¤G¤§¤G¸¹¤­¼Ó","®ç¶é¥«·¨±ö°Ï¤¤¤s¨½2¾F¤¤¤s¥_¸ô¤@¬q21«Ñ2¤§1¸¹","121.149872","24.906982"
"®ç¶é¥«·¨±ö°Ï¤¤¤s¥_¸ô¤@¬q¤G¤E¤T«Ñ¤@¤C¸¹¤@¼Ó","®ç¶é¥«·¨±ö°Ï¤¤¤s¨½4¾F¤¤¤s¥_¸ô¤@¬q293«Ñ17¸¹","121.157117","24.906736"
"®ç¶é¥«·¨±ö°Ï¤¤¤s¥_¸ô¤@¬q¤G¥|¤­¸¹","®ç¶é¥«·¨±ö°Ï¤¤¤s¨½4¾F¤¤¤s¥_¸ô¤@¬q245¸¹","121.155273","24.907956"
"®ç¶é¥«·¨±ö°ÏÀôªF¸ô¤G¤E¤­«Ñ¤G¢¯¸¹","®ç¶é¥«·¨±ö°Ï¤¤¤s¨½4¾FÀôªF¸ô295«Ñ20¸¹","121.156740","24.907430"
"®ç¶é¥«·¨±ö°Ï¥|¾F¤¤¤s¥_¸ô¤@¬q¤G¤E¤T«Ñ¤@¤T¸¹¤@¼Ó","®ç¶é¥«·¨±ö°Ï¤¤¤s¨½4¾F¤¤¤s¥_¸ô¤@¬q293«Ñ13¸¹","121.157095","24.906887"
"®ç¶é¥«·¨±ö°Ï¦æµ½¸ô¢°¢²¸¹¢°¼Ó","®ç¶é¥«·¨±ö°Ï¤¤¤s¨½3¾F¦æµ½¸ô13¸¹","121.152097","24.906873"
"®ç¶é¥«·¨±ö°Ï¦æµ½¸ô¢°¢²¸¹¢±¡B¢²¼Ó","®ç¶é¥«·¨±ö°Ï¤¤¤s¨½3¾F¦æµ½¸ô13¸¹","121.152097","24.906873"
"®ç¶é¥«·¨±ö°Ï¦æµ½¸ô¢±¢±«Ñ¢±¤§¢°¸¹","®ç¶é¥«·¨±ö°Ï¤¤¤s¨½3¾F¦æµ½¸ô22«Ñ2¤§1¸¹","121.151502","24.906644"
"®ç¶é¥«·¨±ö°Ï¦æµ½¸ô¤G¤G«Ñ¤@¤T¤§¤@¸¹","®ç¶é¥«·¨±ö°Ï¤¤¤s¨½3¾F¦æµ½¸ô22«Ñ2¤§1¸¹","121.151502","24.906644"
"®ç¶é¥«·¨±ö°Ï¦æµ½¸ô¤T¸¹","®ç¶é¥«·¨±ö°Ï¤¤¤s¨½3¾F¦æµ½¸ô3¸¹","121.151988","24.907213"
"®ç¶é¥«·¨±ö°ÏÀôªF¸ô¢±¢·¢¶¸¹","®ç¶é¥«·¨±ö°Ï¤¤¤s¨½4¾FÀôªF¸ô287¸¹","121.157385","24.907001"
"®ç¶é¥«·¨±ö°ÏÀôªF¸ô¤G¤C¤­¸¹¤@¼Ó","®ç¶é¥«·¨±ö°Ï¤¤¤s¨½4¾FÀôªF¸ô275¸¹","121.157390","24.906637"
"®ç¶é¥«·¨±ö°ÏÀôªF¸ô¤G¤E¤T¸¹¤@¼Ó","®ç¶é¥«·¨±ö°Ï¤¤¤s¨½4¾FÀôªF¸ô293¸¹","121.157397","24.907189"
"®ç¶é¥«·¨±ö°ÏÀôªF¸ô¤G¤E¤­«Ñ¤@¤G¸¹","®ç¶é¥«·¨±ö°Ï¤¤¤s¨½4¾FÀôªF¸ô295«Ñ12¸¹","121.157014","24.907411"
"®ç¶é¥«·¨±ö°ÏÀôªF¸ô¤G¤E¤­«Ñ¤@¸¹","®ç¶é¥«·¨±ö°Ï¤¤¤s¨½4¾FÀôªF¸ô295«Ñ1¸¹","121.157141","24.907125"
"®ç¶é¥«·¨±ö°ÏÀôªF¸ô¤G¤E¤­«Ñ¤K¸¹","®ç¶é¥«·¨±ö°Ï¤¤¤s¨½4¾FÀôªF¸ô295«Ñ8¸¹","121.157164","24.907415"
"®ç¶é¥«·¨±ö°ÏÀôªF¸ô¤G¤E¤­«Ñ¤­¸¹¤@¼Ó","®ç¶é¥«·¨±ö°Ï¤¤¤s¨½4¾FÀôªF¸ô295«Ñ5¸¹","121.156978","24.907115"
"®ç¶é¥«·¨±ö°ÏÀôªF¸ô¤G¤E¤­«Ñ¤»¸¹","®ç¶é¥«·¨±ö°Ï¤¤¤s¨½4¾FÀôªF¸ô295«Ñ6¸¹","121.157229","24.907412"
"®ç¶é¥«·¨±ö°ÏÀôªF¸ô¤G¤K¤@¸¹","®ç¶é¥«·¨±ö°Ï¤¤¤s¨½4¾FÀôªF¸ô281¸¹","121.157397","24.906816"
"®ç¶é¥«·¨±ö°ÏÀôªF¸ô¤G¤K¤­¸¹¤@¼Ó","®ç¶é¥«·¨±ö°Ï¤¤¤s¨½4¾FÀôªF¸ô285¸¹","121.157385","24.906943"
"®ç¶é¥«·¨±ö°Ï·à¤@¸ô¥|¤§¤@¡B¥|¤§¤G¡B¥|¤§¤T¸¹","®ç¶é¥«·¨±ö°Ï«C¤s¨½2¾F·à¤@¸ô1¤§1¸¹","121.176987","24.923292"
"®ç¶é¥«·¨±ö°Ï¢±¢²¾F°ª«C¸ô¢±¢·«Ñ¢°¢±¸¹","®ç¶é¥«·¨±ö°Ï°ª¤W¨½4¾F°ª«C¸ô28«Ñ12¸¹","121.160478","24.930518"
"®ç¶é¥«·¨±ö°Ï¢±¢²¾F°ª«C¸ô¢±¢·«Ñ¢´¡Ð¢°¸¹","®ç¶é¥«·¨±ö°Ï°ª¤W¨½4¾F°ª«C¸ô28«Ñ5¤§1¸¹","121.160639","24.929719"
"®ç¶é¥«·¨±ö°Ï5¾F°ª·à¸ô863«Ñ20¸¹","®ç¶é¥«·¨±ö°Ï°ª¤W¨½8¾F°ª·à¸ô863«Ñ20¸¹","121.165825","24.928493"
"®ç¶é¥«·¨±ö°Ï¤­¾F°ª«C¸ô¢²¢¶¸¹","®ç¶é¥«·¨±ö°Ï°ª¤W¨½8¾F°ª«C¸ô37¸¹","121.161039","24.927500"
"®ç¶é¥«·¨±ö°Ï¤­¾F°ª«C¸ô¤T¤G«Ñ¤@¤»¸¹","®ç¶é¥«·¨±ö°Ï°ª¤W¨½4¾F°ª«C¸ô32«Ñ16¸¹","121.159577","24.930274"
"®ç¶é¥«·¨±ö°Ï¤»¾F·à¤@¸ô¤@¤C¸¹","®ç¶é¥«·¨±ö°Ï«C¤s¨½2¾F·à¤@¸ô17¸¹","121.172049","24.922255"
"®ç¶é¥«·¨±ö°Ï¤Ü¤T¾F°ª«C¸ô¤G¤K«Ñ¤@¸¹","®ç¶é¥«·¨±ö°Ï°ª¤W¨½4¾F°ª«C¸ô28«Ñ1¸¹","121.161432","24.928787"
"®ç¶é¥«·¨±ö°Ï¤Ü¤T¾F°ª«C¸ô¤Q«Ñ¤@¤@¸¹","®ç¶é¥«·¨±ö°Ï°ª¤W¨½4¾F°ª«C¸ô10«Ñ11¸¹","121.162123","24.930819"
"®ç¶é¥«·¨±ö°Ï¥®¤@¸ô11¸¹1¡B2¡B3¡B4¼Ó","®ç¶é¥«·¨±ö°Ï°ª¤W¨½2¾F¥®¤@¸ô11¸¹","121.170147","24.927615"
"®ç¶é¥«·¨±ö°Ï¥®¤@¸ô¢·¸¹","®ç¶é¥«·¨±ö°Ï°ª¤W¨½2¾F¥®¤@¸ô8¸¹","121.170673","24.928865"
"®ç¶é¥«·¨±ö°Ï¥®¤G¸ô¢°¸¹¤Î¢°¤§¢°¸¹","®ç¶é¥«·¨±ö°Ï°ª¤W¨½2¾F¥®¤G¸ô1¸¹","121.172949","24.927828"
"®ç¶é¥«·¨±ö°Ï¥®¤T¸ô¢°¸¹","®ç¶é¥«·¨±ö°Ï°ª¤W¨½2¾F¥®¤T¸ô1¸¹","121.171970","24.928140"
"®ç¶é¥«·¨±ö°Ï¥®¤T¸ô¢´¸¹¢°¼Ó","®ç¶é¥«·¨±ö°Ï°ª¤W¨½2¾F¥®¤T¸ô5¸¹","121.171981","24.928558"
"®ç¶é¥«·¨±ö°Ï¥®¥|¸ô1¸¹","®ç¶é¥«·¨±ö°Ï°ª¤W¨½2¾F¥®¥|¸ô1¸¹","121.170957","24.927234"
"®ç¶é¥«·¨±ö°Ï«C¦~¸ô¤G¬q301«Ñ170¸¹","®ç¶é¥«·¨±ö°Ï°ª¤W¨½7¾F«C¦~¸ô¤G¬q301«Ñ170¸¹","121.160360","24.930658"
"®ç¶é¥«·¨±ö°Ï°ª«C¸ô¢°¢¯«Ñ¢°¢¯¸¹","®ç¶é¥«·¨±ö°Ï°ª¤W¨½4¾F°ª«C¸ô10«Ñ10¸¹","121.163051","24.930659"
"®ç¶é¥«·¨±ö°Ï°ª«C¸ô¢°¢¯«Ñ¢°¢±¸¹","®ç¶é¥«·¨±ö°Ï°ª¤W¨½4¾F°ª«C¸ô10«Ñ12¸¹","121.162893","24.930808"
"®ç¶é¥«·¨±ö°Ï°ª«C¸ô¢°¢¯«Ñ¢¶¸¹","®ç¶é¥«·¨±ö°Ï°ª¤W¨½4¾F°ª«C¸ô10«Ñ7¸¹","121.162554","24.930276"
"®ç¶é¥«·¨±ö°Ï°ª«C¸ô16¸¹","®ç¶é¥«·¨±ö°Ï°ª¤W¨½4¾F°ª«C¸ô16¸¹","121.162757","24.929595"
"®ç¶é¥«·¨±ö°Ï°ª«C¸ô¢±¢±«Ñ¢°¢µ¸¹","®ç¶é¥«·¨±ö°Ï°ª¤W¨½4¾F°ª«C¸ô22«Ñ16¸¹","121.161766","24.930266"
"®ç¶é¥«·¨±ö°Ï°ª«C¸ô¢±¢±«Ñ¢±¢¯¸¹","®ç¶é¥«·¨±ö°Ï°ª¤W¨½4¾F°ª«C¸ô22«Ñ20¸¹","121.161498","24.930602"
"®ç¶é¥«·¨±ö°Ï°ª«C¸ô¢±¢±«Ñ¢±¢±¸¹","®ç¶é¥«·¨±ö°Ï°ª¤W¨½4¾F°ª«C¸ô22«Ñ22¸¹","121.161259","24.930746"
"®ç¶é¥«·¨±ö°Ï°ª«C¸ô¢±¢±«Ñ¢·¸¹","®ç¶é¥«·¨±ö°Ï°ª¤W¨½4¾F°ª«C¸ô22«Ñ8¸¹","121.162401","24.929568"
"®ç¶é¥«·¨±ö°Ï°ª«C¸ô¢±¢µ¸¹","®ç¶é¥«·¨±ö°Ï°ª¤W¨½4¾F°ª«C¸ô26¸¹","121.161951","24.928967"
"®ç¶é¥«·¨±ö°Ï°ª«C¸ô28«Ñ10¸¹","®ç¶é¥«·¨±ö°Ï°ª¤W¨½4¾F°ª«C¸ô28«Ñ10¸¹","121.160698","24.930315"
"®ç¶é¥«·¨±ö°Ï°ª«C¸ô¢±¢·«Ñ¢°¢°¸¹¢°¼Ó","®ç¶é¥«·¨±ö°Ï°ª¤W¨½4¾F°ª«C¸ô28«Ñ11¸¹","121.160348","24.930151"
"®ç¶é¥«·¨±ö°Ï°ª«C¸ô¢±¢·«Ñ¢°¤§¢°¸¹¢°¡B¢±¼Ó","®ç¶é¥«·¨±ö°Ï°ª¤W¨½4¾F°ª«C¸ô28«Ñ1¤§1¸¹","121.161519","24.928654"
"®ç¶é¥«·¨±ö°Ï°ª«C¸ô¢±¢·«Ñ¢°¤§¢°¸¹¢²¡B¢´¼Ó","®ç¶é¥«·¨±ö°Ï°ª¤W¨½4¾F°ª«C¸ô28«Ñ1¤§1¸¹","121.161519","24.928654"
"®ç¶é¥«·¨±ö°Ï°ª«C¸ô28«Ñ1¤§1¸¹4¼Ó","®ç¶é¥«·¨±ö°Ï°ª¤W¨½4¾F°ª«C¸ô28«Ñ1¤§1¸¹","121.161519","24.928654"
"®ç¶é¥«·¨±ö°Ï°ª«C¸ô¢±¢·«Ñ¢±¸¹¢²¼Ó","®ç¶é¥«·¨±ö°Ï°ª¤W¨½4¾F°ª«C¸ô28«Ñ2¸¹","121.161677","24.929250"
"®ç¶é¥«·¨±ö°Ï°ª«C¸ô28«Ñ3¸¹1.3¼Ó","®ç¶é¥«·¨±ö°Ï°ª¤W¨½4¾F°ª«C¸ô28«Ñ3¸¹","121.161111","24.929176"
"®ç¶é¥«·¨±ö°Ï°ª«C¸ô28«Ñ3¸¹2¼Ó","®ç¶é¥«·¨±ö°Ï°ª¤W¨½4¾F°ª«C¸ô28«Ñ3¸¹","121.161111","24.929176"
"®ç¶é¥«·¨±ö°Ï°ª«C¸ô¢²¢¯¤§¢°¸¹¢°¼Ó","®ç¶é¥«·¨±ö°Ï°ª¤W¨½4¾F°ª«C¸ô30¤§1¸¹","121.161367","24.928431"
"®ç¶é¥«·¨±ö°Ï°ª«C¸ô32«Ñ12¸¹3¼Ó","®ç¶é¥«·¨±ö°Ï°ª¤W¨½4¾F°ª«C¸ô32«Ñ12¸¹","121.159927","24.929906"
"®ç¶é¥«·¨±ö°Ï°ª«C¸ô¢²¢±«Ñ¢²¸¹¢°¡B¢±¼Ó","®ç¶é¥«·¨±ö°Ï°ª¤W¨½4¾F°ª«C¸ô32«Ñ3¸¹","121.160655","24.928543"
"®ç¶é¥«·¨±ö°Ï°ª«C¸ô¢²¢±«Ñ¢µ¸¹","®ç¶é¥«·¨±ö°Ï°ª¤W¨½4¾F°ª«C¸ô32«Ñ6¸¹","121.160772","24.929033"
"®ç¶é¥«·¨±ö°Ï°ª«C¸ô¢²¢±«Ñ¢¸¸¹","®ç¶é¥«·¨±ö°Ï°ª¤W¨½4¾F°ª«C¸ô32«Ñ9¸¹","121.159472","24.929965"
"®ç¶é¥«·¨±ö°Ï°ª«C¸ô¢²¢±«Ñ¢¸¸¹¢°¼Ó","®ç¶é¥«·¨±ö°Ï°ª¤W¨½4¾F°ª«C¸ô32«Ñ9¸¹","121.159472","24.929965"
"®ç¶é¥«·¨±ö°Ï°ª«C¸ô¢²¢´¸¹","®ç¶é¥«·¨±ö°Ï°ª¤W¨½8¾F°ª«C¸ô35¸¹","121.161495","24.928058"
"®ç¶é¥«·¨±ö°Ï°ª«C¸ô¢²¢µ¸¹","®ç¶é¥«·¨±ö°Ï°ª¤W¨½4¾F°ª«C¸ô36¸¹","121.160934","24.928101"
"®ç¶é¥«·¨±ö°Ï°ª«C¸ô3¸¹","®ç¶é¥«·¨±ö°Ï°ª¤W¨½4¾F°ª«C¸ô3¸¹","121.165490","24.930720"
"®ç¶é¥«·¨±ö°Ï°ª«C¸ô¢²¸¹","®ç¶é¥«·¨±ö°Ï°ª¤W¨½4¾F°ª«C¸ô3¸¹","121.165490","24.930720"
"®ç¶é¥«·¨±ö°Ï°ª«C¸ô¤@¡³«Ñ¤@¤E¸¹","®ç¶é¥«·¨±ö°Ï°ª¤W¨½4¾F°ª«C¸ô10«Ñ19¸¹","121.162503","24.931548"
"®ç¶é¥«·¨±ö°Ï°ª«C¸ô¤@¡³«Ñ¤E¸¹","®ç¶é¥«·¨±ö°Ï°ª¤W¨½4¾F°ª«C¸ô10«Ñ9¸¹","121.162356","24.930569"
"®ç¶é¥«·¨±ö°Ï°ª«C¸ô¤@¡³«Ñ¤­¸¹","®ç¶é¥«·¨±ö°Ï°ª¤W¨½4¾F°ª«C¸ô10«Ñ5¸¹","121.162729","24.930137"
"®ç¶é¥«·¨±ö°Ï°ª«C¸ô¤@¢¯«Ñ¤@¤C¸¹","®ç¶é¥«·¨±ö°Ï°ª¤W¨½4¾F°ª«C¸ô10«Ñ17¸¹","121.162386","24.931341"
"®ç¶é¥«·¨±ö°Ï°ª«C¸ô¤@¢¯«Ñ¤@¤­¸¹","®ç¶é¥«·¨±ö°Ï°ª¤W¨½4¾F°ª«C¸ô10«Ñ15¸¹","121.162193","24.931229"
"®ç¶é¥«·¨±ö°Ï°ª«C¸ô¤G¤G«Ñ¤@¢¯¸¹","®ç¶é¥«·¨±ö°Ï°ª¤W¨½4¾F°ª«C¸ô22«Ñ10¸¹","121.162238","24.929734"
"®ç¶é¥«·¨±ö°Ï°ª«C¸ô¤G¤G«Ñ¤@¤@¸¹","®ç¶é¥«·¨±ö°Ï°ª¤W¨½4¾F°ª«C¸ô22«Ñ11¸¹","121.161456","24.929878"
"®ç¶é¥«·¨±ö°Ï°ª«C¸ô¤G¤G«Ñ¤@¤C¸¹","®ç¶é¥«·¨±ö°Ï°ª¤W¨½4¾F°ª«C¸ô22«Ñ17¸¹","121.160879","24.930618"
"®ç¶é¥«·¨±ö°Ï°ª«C¸ô¤G¤G«Ñ¤@¤T¸¹","®ç¶é¥«·¨±ö°Ï°ª¤W¨½4¾F°ª«C¸ô22«Ñ13¸¹","121.161212","24.930155"
"®ç¶é¥«·¨±ö°Ï°ª«C¸ô¤G¤G«Ñ¤@¤­¸¹","®ç¶é¥«·¨±ö°Ï°ª¤W¨½4¾F°ª«C¸ô22«Ñ15¸¹","121.161095","24.930363"
"®ç¶é¥«·¨±ö°Ï°ª«C¸ô¤G¤G«Ñ¤@¥|¸¹","®ç¶é¥«·¨±ö°Ï°ª¤W¨½4¾F°ª«C¸ô22«Ñ14¸¹","121.161997","24.930128"
"®ç¶é¥«·¨±ö°Ï°ª«C¸ô¤G¤G«Ñ¤@¸¹","®ç¶é¥«·¨±ö°Ï°ª¤W¨½4¾F°ª«C¸ô22«Ñ1¸¹","121.162272","24.929074"
"®ç¶é¥«·¨±ö°Ï°ª«C¸ô¤G¤G«Ñ¤C¸¹","®ç¶é¥«·¨±ö°Ï°ª¤W¨½4¾F°ª«C¸ô22«Ñ7¸¹","121.161853","24.929564"
"®ç¶é¥«·¨±ö°Ï°ª«C¸ô¤G¤G«Ñ¤E¸¹","®ç¶é¥«·¨±ö°Ï°ª¤W¨½4¾F°ª«C¸ô22«Ñ9¸¹","121.161689","24.929681"
"®ç¶é¥«·¨±ö°Ï°ª«C¸ô¤G¤K«Ñ¤C¸¹","®ç¶é¥«·¨±ö°Ï°ª¤W¨½4¾F°ª«C¸ô28«Ñ7¸¹","121.160441","24.929991"
"®ç¶é¥«·¨±ö°Ï°ª«C¸ô¤G¤K«Ñ¤­¸¹","®ç¶é¥«·¨±ö°Ï°ª¤W¨½4¾F°ª«C¸ô28«Ñ5¸¹","121.160872","24.929389"
"®ç¶é¥«·¨±ö°Ï°ª«C¸ô¤G¤K«Ñ¤»¸¹","®ç¶é¥«·¨±ö°Ï°ª¤W¨½4¾F°ª«C¸ô28«Ñ6¸¹","121.161485","24.929404"
"®ç¶é¥«·¨±ö°Ï°ª«C¸ô¤Q«Ñ¤@¥|¸¹","®ç¶é¥«·¨±ö°Ï°ª¤W¨½4¾F°ª«C¸ô10«Ñ14¸¹","121.162713","24.931063"
"®ç¶é¥«·¨±ö°Ï°ª«C¸ô¤Q«Ñ¤G¤@¸¹","®ç¶é¥«·¨±ö°Ï°ª¤W¨½4¾F°ª«C¸ô10«Ñ21¸¹","121.162667","24.931574"
"®ç¶é¥«·¨±ö°Ï°ª«C¸ô¤Q«Ñ¤»¸¹","®ç¶é¥«·¨±ö°Ï°ª¤W¨½4¾F°ª«C¸ô10«Ñ6¸¹","121.163266","24.930382"
"®ç¶é¥«·¨±ö°Ï°ª«C¸ô¤T¡³¸¹","®ç¶é¥«·¨±ö°Ï°ª¤W¨½4¾F°ª«C¸ô30¤§1¸¹","121.161367","24.928431"
"®ç¶é¥«·¨±ö°Ï°ª«C¸ô¤T¤E¸¹","®ç¶é¥«·¨±ö°Ï°ª¤W¨½8¾F°ª«C¸ô39¸¹","121.160776","24.926984"
"®ç¶é¥«·¨±ö°Ï°ª«C¸ô¤T¤G«Ñ¤@¤G¸¹¤G¼Ó","®ç¶é¥«·¨±ö°Ï°ª¤W¨½4¾F°ª«C¸ô32«Ñ12¸¹","121.159927","24.929906"
"®ç¶é¥«·¨±ö°Ï°ª«C¸ô¤T¤G«Ñ¤@¥|¸¹","®ç¶é¥«·¨±ö°Ï°ª¤W¨½4¾F°ª«C¸ô32«Ñ14¸¹","121.159793","24.930034"
"®ç¶é¥«·¨±ö°Ï°ª«C¸ô¤T¤G«Ñ¤C¸¹","®ç¶é¥«·¨±ö°Ï°ª¤W¨½4¾F°ª«C¸ô32«Ñ7¸¹","121.159821","24.929417"
"®ç¶é¥«·¨±ö°Ï°ª«C¸ô¤T¤G«Ñ¤K¸¹","®ç¶é¥«·¨±ö°Ï°ª¤W¨½4¾F°ª«C¸ô32«Ñ8¸¹","121.160452","24.929432"
"®ç¶é¥«·¨±ö°Ï°ª«C¸ô¤T¤G«Ñ¤­¸¹","®ç¶é¥«·¨±ö°Ï°ª¤W¨½4¾F°ª«C¸ô32«Ñ5¸¹","121.160451","24.928676"
"®ç¶é¥«·¨±ö°Ï°ª«C¸ô¤­¢¯¸¹","®ç¶é¥«·¨±ö°Ï°ª¤W¨½4¾F°ª«C¸ô50¸¹","121.160091","24.926820"
"®ç¶é¥«·¨±ö°Ï°ª«C¸ô¥|¢¯¸¹","®ç¶é¥«·¨±ö°Ï°ª¤W¨½4¾F°ª«C¸ô40¸¹","121.160786","24.927969"
"®ç¶é¥«·¨±ö°Ï°ª«C¸ô¥|¤G¤§¤@¸¹","®ç¶é¥«·¨±ö°Ï°ª¤W¨½4¾F°ª«C¸ô30¤§1¸¹","121.161367","24.928431"
"®ç¶é¥«·¨±ö°Ï°ª«C¸ô¥|¤G«Ñ¤K¸¹","®ç¶é¥«·¨±ö°Ï°ª¤W¨½4¾F°ª«C¸ô42«Ñ8¸¹","121.160035","24.927964"
"®ç¶é¥«·¨±ö°Ï°ª«C¸ô¥|¤G«Ñ¤»¸¹","®ç¶é¥«·¨±ö°Ï°ª¤W¨½4¾F°ª«C¸ô42«Ñ6¸¹","121.160409","24.927995"
"®ç¶é¥«·¨±ö°Ï°ª«C¸ô¥|¤»¸¹","®ç¶é¥«·¨±ö°Ï°ª¤W¨½4¾F°ª«C¸ô46¸¹","121.160151","24.927256"
"®ç¶é¥«·¨±ö°Ï°ª·à¸ô863«Ñ10¸¹","®ç¶é¥«·¨±ö°Ï°ª¤W¨½8¾F°ª·à¸ô863«Ñ10¸¹","121.165850","24.927087"
"®ç¶é¥«·¨±ö°Ï°ª·à¸ô¢·¢µ¢²«Ñ¢²¢µ¸¹","®ç¶é¥«·¨±ö°Ï°ª¤W¨½8¾F°ª·à¸ô863«Ñ36¸¹","121.165192","24.929501"
"®ç¶é¥«·¨±ö°Ï°ª·à¸ô¢·¢µ¢²«Ñ¢²¢·¤§¢°¸¹","®ç¶é¥«·¨±ö°Ï°ª¤W¨½8¾F°ª·à¸ô863«Ñ38¤§1¸¹","121.164812","24.929776"
"®ç¶é¥«·¨±ö°Ï°ª·à¸ô¢·¢µ¢²«Ñ¢²¢·¸¹","®ç¶é¥«·¨±ö°Ï°ª¤W¨½8¾F°ª·à¸ô863«Ñ38¸¹","121.164812","24.929776"
"®ç¶é¥«·¨±ö°Ï°ª·à¸ô¢·¢µ¢²«Ñ¢µ¸¹","®ç¶é¥«·¨±ö°Ï°ª¤W¨½8¾F°ª·à¸ô863«Ñ6¸¹","121.166371","24.925954"
"®ç¶é¥«·¨±ö°Ï°ª·à¸ô¢·¢µ¢²«Ñ¢·§Ë¢°¢¯¸¹","®ç¶é¥«·¨±ö°Ï°ª¤W¨½8¾F°ª·à¸ô863«Ñ8§Ë10¸¹","121.167117","24.926396"
"®ç¶é¥«·¨±ö°Ï°ª·à¸ô¢·¢µ¢²«Ñ¢·§Ë¢µ¸¹","®ç¶é¥«·¨±ö°Ï°ª¤W¨½8¾F°ª·à¸ô863«Ñ8§Ë6¸¹","121.166741","24.926223"
"®ç¶é¥«·¨±ö°Ï°ª·à¸ô¤K¤»¤T«Ñ¤@¤G§Ë¤»¸¹","®ç¶é¥«·¨±ö°Ï°ª¤W¨½8¾F°ª·à¸ô863«Ñ12§Ë6¸¹","121.166193","24.927327"
"®ç¶é¥«·¨±ö°Ï°ª·à¸ô¤K¤»¤T«Ñ¤K§Ë¤G¸¹","®ç¶é¥«·¨±ö°Ï°ª¤W¨½8¾F°ª·à¸ô863«Ñ8§Ë2¸¹","121.166546","24.926127"
"®ç¶é¥«·¨±ö°Ï°ª·à¸ô¤K¤»¤T«Ñ¤K§Ë¤K¸¹","®ç¶é¥«·¨±ö°Ï°ª¤W¨½8¾F°ª·à¸ô863«Ñ8§Ë8¸¹","121.166921","24.926320"
"®ç¶é¥«·¨±ö°Ï°ª·à¸ô¤K¤»¤T«Ñ¤K¸¹","®ç¶é¥«·¨±ö°Ï°ª¤W¨½8¾F°ª·à¸ô863«Ñ8¸¹","121.166093","24.926663"
"®ç¶é¥«·¨±ö°Ï°ª·à¸ô¤K¤»¤T«Ñ¥|¸¹","®ç¶é¥«·¨±ö°Ï°ª¤W¨½8¾F°ª·à¸ô863«Ñ4¸¹","121.166529","24.925708"
"®ç¶é¥«·¨±ö°Ï·à¤@¸ô¤@¤»¤§¤@¸¹","®ç¶é¥«·¨±ö°Ï«C¤s¨½2¾F·à¤@¸ô1¤§1¸¹","121.176987","24.923292"
"®ç¶é¥«·¨±ö°Ï·à¤@¸ô¤@¥|¸¹","®ç¶é¥«·¨±ö°Ï«C¤s¨½2¾F·à¤@¸ô14¸¹","121.173616","24.923240"
"®ç¶é¥«·¨±ö°Ï·à¤@¸ô¤»¸¹","®ç¶é¥«·¨±ö°Ï«C¤s¨½2¾F·à¤@¸ô6¸¹","121.176302","24.924385"
"®ç¶é¥«·¨±ö°Ï·à¤G¸ô13¸¹","®ç¶é¥«·¨±ö°Ï«C¤s¨½2¾F·à¤G¸ô13¸¹","121.172576","24.923603"
"®ç¶é¥«·¨±ö°Ï·à¤G¸ô15¸¹¡]1¼Ó¡^","®ç¶é¥«·¨±ö°Ï«C¤s¨½2¾F·à¤G¸ô15¸¹","121.172184","24.923402"
"®ç¶é¥«·¨±ö°Ï·à¤G¸ô15¸¹1¼Ó","®ç¶é¥«·¨±ö°Ï«C¤s¨½2¾F·à¤G¸ô15¸¹","121.172184","24.923402"
"®ç¶é¥«·¨±ö°Ï·à¤G¸ô3¸¹1¼Ó","®ç¶é¥«·¨±ö°Ï«C¤s¨½2¾F·à¤G¸ô3¸¹","121.174829","24.925411"
"®ç¶é¥«·¨±ö°Ï·à¤T¸ô¢±¤§¢°¸¹","®ç¶é¥«·¨±ö°Ï«C¤s¨½2¾F·à¤T¸ô2¤§1¸¹","121.175293","24.924198"
"®ç¶é¥«·¨±ö°Ï·à¤­¸ô¢±¡B¢±¡Ð¢°¸¹","®ç¶é¥«·¨±ö°Ï«C¤s¨½2¾F·à¤­¸ô2¸¹","121.173361","24.925379"
"®ç¶é¥«·¨±ö°Ï·à¤­¸ô¤T¸¹","®ç¶é¥«·¨±ö°Ï«C¤s¨½2¾F·à¤­¸ô1¸¹","121.173559","24.925131"
"®ç¶é¥«·¨±ö°Ï¢°¾F¥Á±Ú¸ô¤­¬q¤T¤T¤­¤§¤@¸¹","®ç¶é¥«·¨±ö°ÏÂùºa¨½1¾F¥Á±Ú¸ô¤­¬q1¸¹","121.176855","24.959096"
"®ç¶é¥«·¨±ö°Ï¥Á±Ú¸ô¤­¬q¤@¥|¤C«Ñ¤@¡³§Ë¤T¤­¸¹¤@¼Ó","®ç¶é¥«·¨±ö°ÏÂùºa¨½10¾F¥Á±Ú¸ô¤­¬q147«Ñ10§Ë35¸¹","121.173057","24.956449"
"®ç¶é¥«·¨±ö°Ï¥Á±Ú¸ô¤­¬q¤@¥|¤C«Ñ¤T¤T¸¹¤@¼Ó","®ç¶é¥«·¨±ö°ÏÂùºa¨½13¾F¥Á±Ú¸ô¤­¬q147«Ñ33¸¹","121.173941","24.955800"
"®ç¶é¥«·¨±ö°Ï¥Á±Ú¸ô¤­¬q¤T¤T¤­¸¹","®ç¶é¥«·¨±ö°ÏÂùºa¨½2¾F¥Á±Ú¸ô¤­¬q335¸¹","121.169400","24.957980"
"®ç¶é¥«·¨±ö°Ï·sºa¸ô¤G¤G¤T«Ñ¤@¢¯¸¹¤@¼Ó","®ç¶é¥«·¨±ö°Ï·sºa¨½11¾F·sºa¸ô223«Ñ10¸¹","121.160129","24.956578"
"®ç¶é¥«·¨±ö°Ï¤¤¤s¥_¸ô¤@¬q¤T¤E¤E¸¹","®ç¶é¥«·¨±ö°Ï·¨©ú¨½3¾F¤¤¤s¥_¸ô¤@¬q399¸¹","121.160028","24.908175"
"®ç¶é¥«·¨±ö°Ïª÷¤sµó¤@¤G¤»¸¹","®ç¶é¥«·¨±ö°Ï·¨©ú¨½5¾Fª÷¤sµó126¸¹","121.158052","24.909758"
"®ç¶é¥«·¨±ö°Ï±ö·à¸ô¤G¬q¤@¤T¤G¸¹","®ç¶é¥«·¨±ö°Ï·ç·Ë¨½14¾F±ö·à¸ô¤G¬q132¸¹","121.176061","24.907702"
"®ç¶é¥«·¨±ö°Ï¤G¾F¥Á¦w¸ô¤T¢¯¢¯¸¹","®ç¶é¥«·¨±ö°Ï´IÂ×¨½2¾F¥Á¦w¸ô300¸¹","121.101922","24.920875"
"®ç¶é¥«·¨±ö°Ï¥Á¦w¸ô¤G«Ñ¤@¤T¤K¸¹","®ç¶é¥«·¨±ö°Ï´IÂ×¨½1¾F¥Á¦w¸ô2«Ñ138¸¹","121.095622","24.931578"
"®ç¶é¥«·¨±ö°Ï¥Á¦w¸ô¤G«Ñ¤@¤T¤»¸¹","®ç¶é¥«·¨±ö°Ï´IÂ×¨½1¾F¥Á¦w¸ô2«Ñ136¸¹","121.096123","24.931328"
"®ç¶é¥«·¨±ö°Ï¥Á¦w¸ô¤G«Ñ¤@¥|¢¯§Ë¤­¸¹","®ç¶é¥«·¨±ö°Ï´IÂ×¨½1¾F¥Á¦w¸ô2«Ñ140§Ë5¸¹","121.095405","24.930711"
"®ç¶é¥«·¨±ö°Ï´I¥Áµó668«Ñ3¸¹","®ç¶é¥«·¨±ö°Ï´IÂ×¨½21¾F´I¥Áµó668«Ñ3¸¹","121.072893","24.928269"
"®ç¶é¥«·¨±ö°Ï6¾F¥_°ª¤s³»¢±¢µ¤§¢°¢±¸¹","®ç¶é¥«·¨±ö°Ï°ªºa¨½2¾F¥_°ª¤s³»42¤§4¸¹","121.160501","24.947154"
"®ç¶é¥«·¨±ö°Ï¥Á¶©¸ô¤T¸¹","®ç¶é¥«·¨±ö°Ï­û¥»¨½15¾F¥Á¶©¸ô3¸¹","121.101125","24.930480"
"®ç¶é¥«·¨±ö°Ï¤¤¤s¥_¸ô¤G¬q¤G¤K¤G¸¹¤@¼Ó","®ç¶é¥«·¨±ö°Ï¥Ã¥­¨½5¾F¤¤¤s¥_¸ô¤G¬q282¸¹","121.173617","24.910967"
"®ç¶é¥«·¨±ö°Ï¥Ã¥­¸ô523¸¹¡]2¼Ó¡^","®ç¶é¥«·¨±ö°Ï¥Ã¥­¨½11¾F¥Ã¥­¸ô523¸¹","121.174696","24.919064"
"®ç¶é¥«·¨±ö°Ï¥Ã¥­¸ô¢´¢³¢¸«Ñ¢±¸¹","®ç¶é¥«·¨±ö°Ï¥Ã¥­¨½11¾F¥Ã¥­¸ô549«Ñ2¸¹","121.173144","24.918345"
"®ç¶é¥«·¨±ö°Ï¥Ã¥­¸ô605¸¹","®ç¶é¥«·¨±ö°Ï¥Ã¥­¨½11¾F¥Ã¥­¸ô605¸¹","121.172327","24.918041"
"®ç¶é¥«·¨±ö°Ï¥Ã¥­¸ô¢µ¢¯¢¶«Ñ¢±¡Ð¢´¸¹","®ç¶é¥«·¨±ö°Ï¥Ã¥­¨½11¾F¥Ã¥­¸ô607«Ñ2¤§5¸¹","121.172001","24.918325"
"®ç¶é¥«·¨±ö°Ï¥Ã¥­¸ô¢µ¢±¢²¸¹","®ç¶é¥«·¨±ö°Ï¥Ã¥­¨½11¾F¥Ã¥­¸ô623¸¹","121.171410","24.918089"
"®ç¶é¥«·¨±ö°Ï¥Ã¥­¸ô625¸¹","®ç¶é¥«·¨±ö°Ï¥Ã¥­¨½11¾F¥Ã¥­¸ô625¸¹","121.171098","24.918144"
"®ç¶é¥«·¨±ö°Ï¥Ã¥­¸ô¤»¢¯¤C«Ñ¤C¸¹","®ç¶é¥«·¨±ö°Ï¥Ã¥­¨½11¾F¥Ã¥­¸ô607«Ñ7¸¹","121.172415","24.917418"
"®ç¶é¥«·¨±ö°Ï¥Ã¥­¸ô¤»¤G¤C¸¹","®ç¶é¥«·¨±ö°Ï¥Ã¥­¨½11¾F¥Ã¥­¸ô627¸¹","121.171005","24.918064"
"®ç¶é¥«·¨±ö°Ï±ö·à¸ô2¬q616«Ñ5¸¹","®ç¶é¥«·¨±ö°Ï·ç©W¨½18¾F±ö·à¸ô¤G¬q616«Ñ5¸¹","121.181733","24.896595"
"®ç¶é¥«·¨±ö°Ï±ö·à¸ô¤G¬q¤»¤@¤»«Ñ¤@¸¹","®ç¶é¥«·¨±ö°Ï·ç©W¨½18¾F±ö·à¸ô¤G¬q616«Ñ1¸¹","121.182385","24.896821"
"®ç¶é¥«·¨±ö°Ï±ö·à¸ô¤G¬q¤»¤@¤»«Ñ¤»¸¹","®ç¶é¥«·¨±ö°Ï·ç©W¨½18¾F±ö·à¸ô¤G¬q616«Ñ6¸¹","121.181973","24.897046"
"®ç¶é¥«·¨±ö°Ï±ö·à¸ô¤G¬q¤»¤K¤K¸¹","®ç¶é¥«·¨±ö°Ï·ç©W¨½18¾F±ö·à¸ô¤G¬q688¸¹","121.183882","24.896302"
"®ç¶é¥«·¨±ö°Ï±ö·à¸ô¢±¬q¢³¢³¢´«Ñ¢°¸¹","®ç¶é¥«·¨±ö°Ï·ç©W¨½18¾F±ö·à¸ô¤G¬q616«Ñ1¤§1¸¹","121.182745","24.896916"
"®ç¶é¥«·¨±ö°Ï±ö·à¸ô¢±¬q¢´¢¶¢·«Ñ¢°¢µ§Ë¢°¢±¸¹¢°¼Ó","®ç¶é¥«·¨±ö°Ï·ç©W¨½18¾F±ö·à¸ô¤G¬q578«Ñ16§Ë12¸¹","121.182015","24.899053"
"®ç¶é¥«·¨±ö°Ï±ö·à¸ô¢±¬q¢´¢¶¢·«Ñ¢°¢µ§Ë¢°¢µ¸¹¢°¼Ó","®ç¶é¥«·¨±ö°Ï·ç©W¨½18¾F±ö·à¸ô¤G¬q578«Ñ16§Ë16¸¹","121.181975","24.899127"
"®ç¶é¥«·¨±ö°Ï±ö·à¸ô¢±¬q¢´¢¶¢·«Ñ¢°¢µ§Ë¢±¢¯¸¹","®ç¶é¥«·¨±ö°Ï·ç©W¨½18¾F±ö·à¸ô¤G¬q578«Ñ16§Ë20¸¹","121.181858","24.899569"
"®ç¶é¥«·¨±ö°Ï±ö·à¸ô¢±¬q¢´¢¶¢·«Ñ¢°¢µ§Ë¢¶¸¹","®ç¶é¥«·¨±ö°Ï·ç©W¨½18¾F±ö·à¸ô¤G¬q578«Ñ16§Ë7¸¹","121.181590","24.899011"
"®ç¶é¥«·¨±ö°Ï±ö·à¸ô¢±¬q¢´¢¶¢·«Ñ¢°¢µ§Ë¢¸¸¹","®ç¶é¥«·¨±ö°Ï·ç©W¨½18¾F±ö·à¸ô¤G¬q578«Ñ16§Ë9¸¹","121.181513","24.899118"
"®ç¶é¥«·¨±ö°Ï¥Ã¥­¸ô¤­¤G¤T¸¹","®ç¶é¥«·¨±ö°Ï¥Ã¥­¨½11¾F¥Ã¥­¸ô523¸¹","121.174696","24.919064"
"®ç¶é¥«Às¼æ°ÏÀs¥­¸ô1236«Ñ2¸¹1¼Ó","®ç¶é¥«Às¼æ°ÏªZº~¨½22¾FÀs¥­¸ô1236«Ñ2¸¹","121.242034","24.884288"
"®ç¶é¥«Às¼æ°Ï¤K±i?¢´¢´¡Ð¢¶¸¹","®ç¶é¥«Às¼æ°Ï¥Ã¿³¨½1¾F¤j©÷¸ô¤G¬q55¤§1¸¹","121.221977","24.867434"
"®ç¶é¥«Às¼æ°Ï¤K±i?¤­¤­¤§¤@¤­¸¹","®ç¶é¥«Às¼æ°Ï¤T©M¨½10¾Fµf¤lºÛ1¤§1¸¹","121.175605","24.852726"
"®ç¶é¥«Às¼æ°Ï¤K±i?¤­¤­¤§¤@¥|¸¹","®ç¶é¥«Às¼æ°Ï¤T©M¨½10¾Fµf¤lºÛ1¤§1¸¹","121.175605","24.852726"
"®ç¶é¥«Às¼æ°Ï¸t«F¸ô¤K¼w¬q¢±¢²¢µ¤§¢±¸¹","®ç¶é¥«Às¼æ°Ï¸t¼w¨½1¾F¸t«F¸ô¤K¼w¬q2¤§1¸¹","121.202790","24.872961"
"®ç¶é¥«Às¼æ°Ï¸t«F¸ô¤K¼w¬q236¸¹","®ç¶é¥«Às¼æ°Ï¸t¼w¨½1¾F¸t«F¸ô¤K¼w¬q2¤§1¸¹","121.202790","24.872961"
"®ç¶é¥«Às¼æ°Ï¸t«F¸ô¤K¼w¬q¤@¤G¤»¸¹","®ç¶é¥«Às¼æ°Ï¸t¼w¨½2¾F¸t«F¸ô¤K¼w¬q126¸¹","121.201153","24.875482"
"®ç¶é¥«Às¼æ°Ï¸t«F¸ô¤K¼w¬q¤@¤G¥|¸¹","®ç¶é¥«Às¼æ°Ï¸t¼w¨½2¾F¸t«F¸ô¤K¼w¬q124¸¹","121.201381","24.875295"
"®ç¶é¥«Às¼æ°Ï¸t«F¸ô¤K¼w¬q¤K¥|¸¹¤@¼Ó","®ç¶é¥«Às¼æ°Ï¸t¼w¨½2¾F¸t«F¸ô¤K¼w¬q84¸¹","121.201816","24.874485"
"®ç¶é¥«Às¼æ°Ï¸t«F¸ô¤K¼w¬q¤»¤­¢¯¡B¤»¤­¤G¸¹","®ç¶é¥«Às¼æ°Ï¸t¼w¨½1¾F¸t«F¸ô¤K¼w¬q2¤§1¸¹","121.202790","24.872961"
"®ç¶é¥«Às¼æ°Ï¸t¼wµó¢°¢¯¢±¸¹","®ç¶é¥«Às¼æ°Ï¸t¼w¨½13¾F¸t¼wµó102¸¹","121.202151","24.885247"
"®ç¶é¥«Às¼æ°Ï¤¤¥¿¸ô¤TªL¬q¤@¤E¢¯¸¹¤@¼Ó","®ç¶é¥«Às¼æ°Ï´IªL¨½12¾F¤¤¥¿¸ô¤TªL¬q190¸¹","121.228339","24.850103"
"®ç¶é¥«Às¼æ°Ï¤¤¥¿¸ô¤TªL¬q¤G¤G¤»«Ñ¤@¤K¤T¸¹","®ç¶é¥«Às¼æ°Ï´IªL¨½22¾F¤¤¥¿¸ô¤TªL¬q226«Ñ183¸¹","121.225526","24.846875"
"®ç¶é¥«Às¼æ°Ï¤¤¥¿¸ô¤TªL¬q¤G¤G¤»«Ñ¤@¥|¤­¸¹¤@¼Ó","®ç¶é¥«Às¼æ°Ï´IªL¨½22¾F¤¤¥¿¸ô¤TªL¬q226«Ñ145¸¹","121.225952","24.847127"
"®ç¶é¥«Às¼æ°Ï¤u¤­¸ô252¸¹(1.2¼Ó)","®ç¶é¥«Às¼æ°Ï¯QªL¨½39¾F¤u¤­¸ô252¸¹","121.204825","24.889291"
"®ç¶é¥«Às¼æ°Ï¤¤Â×¸ô¢´¢µ¢¯¸¹","®ç¶é¥«Às¼æ°Ï¯Q¾ðªL¨½6¾F¤¤Â×¸ô560¸¹","121.212955","24.884834"
"®ç¶é¥«Às¼æ°Ï¤¤Â×¸ô¤»¤@¤K¸¹","®ç¶é¥«Às¼æ°Ï¯Q¾ðªL¨½6¾F¤¤Â×¸ô618¸¹","121.212522","24.886251"
"®ç¶é¥«Às¼æ°Ï°ª·¨«n¸ô238«Ñ126§Ë2¸¹","®ç¶é¥«Às¼æ°Ï°ª¥­§ø11¾F°ª·¨«n¸ô238«Ñ126§Ë2¸¹","121.210736","24.833045"
"®ç¶é¥«Às¼æ°ÏÀs¬ìµó228¸¹","Às¶é¤@¸ô288¸¹","Às¶é¤@¸ô338¸¹","Às¶é¤@¸ô338¸¹¤§1"
"121.186872","24.876859","",""
"®ç¶é¥«Àt¤s°Ï©¾¸q¸ô¢±¬q¢±¢µ¢¯«Ñ¢´¢µ¸¹¢°¡B¢±¼Ó","®ç¶é¥«Àt¤s°Ï¤jµØ¨½27¾F©¾¸q¸ô¤G¬q260«Ñ56¸¹","121.359318","25.045339"
"®ç¶é¥«Àt¤s°Ï³»´ò¤Eµó¤@¤­¸¹","®ç¶é¥«Àt¤s°Ï¤jµØ¨½27¾F³»´ò¤Eµó15¸¹","121.367239","25.039075"
"®ç¶é¥«Àt¤s°Ï¢±¢¶¾F³»´ò¸ô¢°¢¶¸¹¢²¼Ó","®ç¶é¥«Àt¤s°Ï¤jµØ¨½27¾F³»´ò¸ô17¸¹","121.361176","25.045494"
"®ç¶é¥«Àt¤s°Ï¤G¤@¾F³»´ò¤Gµó¤»¤K¸¹","®ç¶é¥«Àt¤s°Ï¤jµØ¨½27¾F³»´ò¤Gµó68¸¹","121.360389","25.040151"
"®ç¶é¥«Àt¤s°Ï¤G¤@¾F³»´ò¤­µó¤»¸¹","®ç¶é¥«Àt¤s°Ï¤jµØ¨½27¾F³»´ò¤­µó6¸¹","121.365598","25.040403"
"®ç¶é¥«Àt¤s°Ï¤G¤@¾F³»´ò¸ô¤K«Ñ¤@¸¹","®ç¶é¥«Àt¤s°Ï¤jµØ¨½27¾F³»´ò¸ô8«Ñ2¸¹","121.359499","25.046718"
"®ç¶é¥«Àt¤s°Ï¤G¤G¾F³»´ò¤@µó¤C¸¹¤@¼Ó","®ç¶é¥«Àt¤s°Ï¤jµØ¨½27¾F³»´ò¤@µó7¸¹","121.361330","25.048672"
"®ç¶é¥«Àt¤s°Ï¤G¤G¾F³»´ò¤@µó¤C¸¹¤G¼Ó","®ç¶é¥«Àt¤s°Ï¤jµØ¨½27¾F³»´ò¤@µó7¸¹","121.361330","25.048672"
"®ç¶é¥«Àt¤s°Ï¤G¤G¾F³»´ò¸ô¥|¤E¤§¤G¸¹","®ç¶é¥«Àt¤s°Ï¤jµØ¨½27¾F³»´ò¸ô2¤§1¸¹","121.359668","25.047331"
"®ç¶é¥«Àt¤s°Ï¤T¥|¾F³»´ò¤Eµó¤@¥|¸¹","®ç¶é¥«Àt¤s°Ï¤jµØ¨½27¾F³»´ò¤Eµó14¸¹","121.368200","25.038112"
"®ç¶é¥«Àt¤s°Ï¤T¥|¾F³»´ò¤­µó¤@¤G«Ñ¤@¤C¸¹","®ç¶é¥«Àt¤s°Ï¤jµØ¨½27¾F³»´ò¤­µó12«Ñ17¸¹","121.367002","25.040003"
"®ç¶é¥«Àt¤s°Ï³»´ò¤@µó¢°¢±¸¹","®ç¶é¥«Àt¤s°Ï¤jµØ¨½27¾F³»´ò¤@µó12¸¹","121.362491","25.048813"
"®ç¶é¥«Àt¤s°Ï³»´ò¤@µó¢²¸¹¢±¼Ó","®ç¶é¥«Àt¤s°Ï¤jµØ¨½27¾F³»´ò¤@µó3¸¹","121.360256","25.048215"
"®ç¶é¥«Àt¤s°Ï³»´ò¤@µó8«Ñ10¸¹","®ç¶é¥«Àt¤s°Ï¤jµØ¨½27¾F³»´ò¤@µó8«Ñ10¸¹","121.362244","25.047804"
"®ç¶é¥«Àt¤s°Ï³»´ò¤@µó¢·«Ñ¢·¸¹","®ç¶é¥«Àt¤s°Ï¤jµØ¨½27¾F³»´ò¤@µó8«Ñ2¸¹","121.362103","25.048205"
"®ç¶é¥«Àt¤s°Ï³»´ò¤@µó¤@¤E¸¹","®ç¶é¥«Àt¤s°Ï¤jµØ¨½27¾F³»´ò¤@µó19¸¹","121.362380","25.049087"
"®ç¶é¥«Àt¤s°Ï³»´ò¤@µó¤G¤C¸¹","®ç¶é¥«Àt¤s°Ï¤jµØ¨½27¾F³»´ò¤@µó27¸¹","121.362637","25.049210"
"®ç¶é¥«Àt¤s°Ï³»´ò¤@µó¤G¥|¸¹","®ç¶é¥«Àt¤s°Ï¤jµØ¨½27¾F³»´ò¤@µó24¸¹","121.365515","25.045681"
"®ç¶é¥«Àt¤s°Ï³»´ò¤@µó¤K«Ñ¤G¸¹","®ç¶é¥«Àt¤s°Ï¤jµØ¨½27¾F³»´ò¤@µó8«Ñ2¸¹","121.362103","25.048205"
"®ç¶é¥«Àt¤s°Ï³»´ò¤@µó¤­¸¹¤G¼Ó","®ç¶é¥«Àt¤s°Ï¤jµØ¨½27¾F³»´ò¤@µó5¸¹","121.360561","25.048316"
"®ç¶é¥«Àt¤s°Ï³»´ò¤Cµó¤­¸¹","®ç¶é¥«Àt¤s°Ï¤jµØ¨½27¾F³»´ò¤Cµó5¸¹","121.366134","25.039440"
"®ç¶é¥«Àt¤s°Ï³»´ò¤Eµó¢°¢·¸¹","®ç¶é¥«Àt¤s°Ï¤jµØ¨½27¾F³»´ò¤Eµó18¸¹","121.368060","25.038714"
"®ç¶é¥«Àt¤s°Ï³»´ò¤Eµó3.3¤§1¸¹","®ç¶é¥«Àt¤s°Ï¤jµØ¨½27¾F³»´ò¤Eµó3¸¹","121.367267","25.037978"
"®ç¶é¥«Àt¤s°Ï³»´ò¤Eµó¤E¸¹","®ç¶é¥«Àt¤s°Ï¤jµØ¨½27¾F³»´ò¤Eµó9¸¹","121.367769","25.037985"
"®ç¶é¥«Àt¤s°Ï³»´ò¤Eµó¤­¸¹","®ç¶é¥«Àt¤s°Ï¤jµØ¨½27¾F³»´ò¤Eµó5¸¹","121.367384","25.037962"
"®ç¶é¥«Àt¤s°Ï³»´ò¤Gµó¢±¢³¸¹¢°¼Ó","®ç¶é¥«Àt¤s°Ï¤jµØ¨½27¾F³»´ò¤Gµó24¸¹","121.361885","25.041133"
"®ç¶é¥«Àt¤s°Ï³»´ò¤Gµó34¸¹","®ç¶é¥«Àt¤s°Ï¤jµØ¨½27¾F³»´ò¤Gµó34¸¹","121.361595","25.040949"
"®ç¶é¥«Àt¤s°Ï³»´ò¤Gµó48¸¹","®ç¶é¥«Àt¤s°Ï¤jµØ¨½27¾F³»´ò¤Gµó48¸¹","121.361199","25.040671"
"®ç¶é¥«Àt¤s°Ï³»´ò¤Gµó¢´¢±¸¹","®ç¶é¥«Àt¤s°Ï¤jµØ¨½27¾F³»´ò¤Gµó52¸¹","121.361077","25.040601"
"®ç¶é¥«Àt¤s°Ï³»´ò¤Gµó¢´¢¶¸¹","®ç¶é¥«Àt¤s°Ï¤jµØ¨½27¾F³»´ò¤Gµó57¸¹","121.361433","25.040328"
"®ç¶é¥«Àt¤s°Ï³»´ò¤Gµó¢µ¢±¸¹","®ç¶é¥«Àt¤s°Ï¤jµØ¨½27¾F³»´ò¤Gµó62¸¹","121.360788","25.040428"
"®ç¶é¥«Àt¤s°Ï³»´ò¤Gµó¢µ¢´«Ñ¢µ¸¹¢°¼Ó","®ç¶é¥«Àt¤s°Ï¤jµØ¨½27¾F³»´ò¤Gµó65«Ñ6¸¹","121.360861","25.039286"
"®ç¶é¥«Àt¤s°Ï³»´ò¤Gµó¢µ¢´«Ñ¢µ¸¹¢±¼Ó","®ç¶é¥«Àt¤s°Ï¤jµØ¨½27¾F³»´ò¤Gµó65«Ñ6¸¹","121.360861","25.039286"
"®ç¶é¥«Àt¤s°Ï³»´ò¤Gµó¢¶¢¶¸¹¢°¡B¢±¼Ó","®ç¶é¥«Àt¤s°Ï¤jµØ¨½27¾F³»´ò¤Gµó77¸¹","121.360213","25.039135"
"®ç¶é¥«Àt¤s°Ï³»´ò¤Gµó¤@¤G¸¹","®ç¶é¥«Àt¤s°Ï¤jµØ¨½27¾F³»´ò¤Gµó12¸¹","121.362229","25.041338"
"®ç¶é¥«Àt¤s°Ï³»´ò¤Gµó¤C¡³¸¹","®ç¶é¥«Àt¤s°Ï¤jµØ¨½27¾F³»´ò¤Gµó71¤§3¸¹","121.360931","25.038721"
"®ç¶é¥«Àt¤s°Ï³»´ò¤Gµó¤C¤@¸¹","®ç¶é¥«Àt¤s°Ï¤jµØ¨½27¾F³»´ò¤Gµó71¸¹","121.360496","25.039576"
"®ç¶é¥«Àt¤s°Ï³»´ò¤Gµó¤G¤»¸¹","®ç¶é¥«Àt¤s°Ï¤jµØ¨½27¾F³»´ò¤Gµó26¸¹","121.361828","25.041099"
"®ç¶é¥«Àt¤s°Ï³»´ò¤Gµó¤T¤K¸¹","®ç¶é¥«Àt¤s°Ï¤jµØ¨½27¾F³»´ò¤Gµó38¸¹","121.361429","25.040810"
"®ç¶é¥«Àt¤s°Ï³»´ò¤Gµó¤­¤»¸¹","®ç¶é¥«Àt¤s°Ï¤jµØ¨½27¾F³»´ò¤Gµó56¸¹","121.360964","25.040528"
"®ç¶é¥«Àt¤s°Ï³»´ò¤Gµó¤­¥|¸¹","®ç¶é¥«Àt¤s°Ï¤jµØ¨½27¾F³»´ò¤Gµó54¸¹","121.361026","25.040564"
"®ç¶é¥«Àt¤s°Ï³»´ò¤Gµó¤»¤C¸¹","®ç¶é¥«Àt¤s°Ï¤jµØ¨½27¾F³»´ò¤Gµó67¸¹","121.360802","25.039834"
"®ç¶é¥«Àt¤s°Ï³»´ò¤Gµó¤»¥|¸¹","®ç¶é¥«Àt¤s°Ï¤jµØ¨½27¾F³»´ò¤Gµó64¸¹","121.360730","25.040390"
"®ç¶é¥«Àt¤s°Ï³»´ò¤Q¤@µó¤@¸¹","®ç¶é¥«Àt¤s°Ï¤jµØ¨½27¾F³»´ò¤Q¤@µó1¸¹","121.366749","25.037364"
"®ç¶é¥«Àt¤s°Ï³»´ò¤Q¤@µó¤C¸¹","®ç¶é¥«Àt¤s°Ï¤jµØ¨½27¾F³»´ò¤Q¤@µó7¸¹","121.367485","25.037426"
"®ç¶é¥«Àt¤s°Ï³»´ò¤Q¤@µó¤Q¤G¸¹","®ç¶é¥«Àt¤s°Ï¤jµØ¨½27¾F³»´ò¤Q¤@µó6¸¹","121.367135","25.036938"
"®ç¶é¥«Àt¤s°Ï³»´ò¤Tµó¢°¸¹","®ç¶é¥«Àt¤s°Ï¤jµØ¨½27¾F³»´ò¤Tµó1¸¹","121.362725","25.045295"
"®ç¶é¥«Àt¤s°Ï³»´ò¤Tµó¤@¢¯¸¹","®ç¶é¥«Àt¤s°Ï¤jµØ¨½27¾F³»´ò¤Tµó10¸¹","121.361740","25.044367"
"®ç¶é¥«Àt¤s°Ï³»´ò¤Tµó¤C¸¹","®ç¶é¥«Àt¤s°Ï¤jµØ¨½27¾F³»´ò¤Tµó7¸¹","121.362905","25.045710"
"®ç¶é¥«Àt¤s°Ï³»´ò¤­µó¢¸¸¹¢³¼Ó","®ç¶é¥«Àt¤s°Ï¤jµØ¨½27¾F³»´ò¤­µó9¸¹","121.365842","25.041571"
"®ç¶é¥«Àt¤s°Ï³»´ò¤­µó¤@¤G«Ñ¤@¸¹","®ç¶é¥«Àt¤s°Ï¤jµØ¨½27¾F³»´ò¤­µó12«Ñ1¸¹","121.366453","25.040494"
"®ç¶é¥«Àt¤s°Ï³»´ò¤­µó¤@¤G«Ñ¤G¸¹","®ç¶é¥«Àt¤s°Ï¤jµØ¨½27¾F³»´ò¤­µó12«Ñ2¸¹","121.365922","25.040501"
"®ç¶é¥«Àt¤s°Ï³»´ò¤­µó¤G¡³¸¹","®ç¶é¥«Àt¤s°Ï¤jµØ¨½27¾F³»´ò¤­µó18¤§1¸¹","121.367346","25.040230"
"®ç¶é¥«Àt¤s°Ï³»´ò¤­µó¤K¸¹","®ç¶é¥«Àt¤s°Ï¤jµØ¨½27¾F³»´ò¤­µó8¸¹","121.365732","25.040453"
"®ç¶é¥«Àt¤s°Ï³»´ò¤­µó¤Q¤G«Ñ¤Q¤G¸¹","®ç¶é¥«Àt¤s°Ï¤jµØ¨½27¾F³»´ò¤­µó12«Ñ12¸¹","121.366263","25.039823"
"®ç¶é¥«Àt¤s°Ï³»´ò¤­µó¤­¸¹¤@¼Ó","®ç¶é¥«Àt¤s°Ï¤jµØ¨½27¾F³»´ò¤­µó5¸¹","121.365644","25.040784"
"®ç¶é¥«Àt¤s°Ï³»´ò¤»µó¤»¸¹","®ç¶é¥«Àt¤s°Ï¤jµØ¨½27¾F³»´ò¤»µó16¸¹","121.361819","25.037829"
"®ç¶é¥«Àt¤s°Ï³»´ò¸ô¢°¢°¸¹¢°¼Ó","®ç¶é¥«Àt¤s°Ï¤jµØ¨½27¾F³»´ò¸ô11¸¹","121.360556","25.046233"
"®ç¶é¥«Àt¤s°Ï³»´ò¸ô¢°¢²¸¹¢±¡B¢²¼Ó","®ç¶é¥«Àt¤s°Ï¤jµØ¨½27¾F³»´ò¸ô13¸¹","121.360737","25.046051"
"®ç¶é¥«Àt¤s°Ï³»´ò¸ô¢°¢¶¸¹¢°¼Ó","®ç¶é¥«Àt¤s°Ï¤jµØ¨½27¾F³»´ò¸ô17¸¹","121.361176","25.045494"
"®ç¶é¥«Àt¤s°Ï³»´ò¸ô36¸¹","®ç¶é¥«Àt¤s°Ï¤jµØ¨½27¾F³»´ò¸ô2¤§12¸¹","121.359720","25.047241"
"®ç¶é¥«Àt¤s°Ï³»´ò¸ô46¸¹","®ç¶é¥«Àt¤s°Ï¤jµØ¨½27¾F³»´ò¸ô2¤§12¸¹","121.359720","25.047241"
"®ç¶é¥«Àt¤s°Ï³»´ò¸ô¢´¢±¸¹¢°¡B¢±¼Ó","®ç¶é¥«Àt¤s°Ï¤jµØ¨½27¾F³»´ò¸ô52¸¹","121.362956","25.040632"
"®ç¶é¥«Àt¤s°Ï³»´ò¸ô¢´¢¸¸¹¢°¼Ó","®ç¶é¥«Àt¤s°Ï¤jµØ¨½27¾F³»´ò¸ô59¸¹","121.365415","25.037140"
"®ç¶é¥«Àt¤s°Ï³»´ò¸ô¢µ¢´¸¹¢°¡B¢±¼Ó","®ç¶é¥«Àt¤s°Ï¤jµØ¨½27¾F³»´ò¸ô65¸¹","121.365643","25.036854"
"®ç¶é¥«Àt¤s°Ï³»´ò¸ô¢µ¢µ¸¹","®ç¶é¥«Àt¤s°Ï¤jµØ¨½27¾F³»´ò¸ô66¸¹","121.364176","25.038207"
"®ç¶é¥«Àt¤s°Ï³»´ò¸ô69¸¹","®ç¶é¥«Àt¤s°Ï¤jµØ¨½27¾F³»´ò¸ô69¸¹","121.366384","25.035781"
"®ç¶é¥«Àt¤s°Ï³»´ò¸ô¢µ¸¹","®ç¶é¥«Àt¤s°Ï¤jµØ¨½27¾F³»´ò¸ô6¸¹","121.359816","25.046875"
"®ç¶é¥«Àt¤s°Ï³»´ò¸ô¢¶¡B¢¶¤§¢°¸¹¢°¼Ó","®ç¶é¥«Àt¤s°Ï¤jµØ¨½27¾F³»´ò¸ô5¤§2¸¹","121.360402","25.046700"
"®ç¶é¥«Àt¤s°Ï³»´ò¸ô¢¶¸¹¢±¼Ó","®ç¶é¥«Àt¤s°Ï¤jµØ¨½27¾F³»´ò¸ô7¸¹","121.361824","25.047281"
"®ç¶é¥«Àt¤s°Ï³»´ò¸ô¢¸¢±¸¹","®ç¶é¥«Àt¤s°Ï¤jµØ¨½27¾F³»´ò¸ô92¸¹","121.366285","25.034138"
"®ç¶é¥«Àt¤s°Ï³»´ò¸ô9¤§1¸¹1¼Ó","®ç¶é¥«Àt¤s°Ï¤jµØ¨½27¾F³»´ò¸ô9¤§1¸¹","121.361232","25.046481"
"®ç¶é¥«Àt¤s°Ï³»´ò¸ô¢¸¤§¢±¸¹","®ç¶é¥«Àt¤s°Ï¤jµØ¨½27¾F³»´ò¸ô9¤§2¸¹","121.361424","25.046527"
"®ç¶é¥«Àt¤s°Ï³»´ò¸ô¤C¤T¸¹","®ç¶é¥«Àt¤s°Ï¤jµØ¨½27¾F³»´ò¸ô73¸¹","121.366526","25.035130"
"®ç¶é¥«Àt¤s°Ï³»´ò¸ô¤G¤E¸¹","®ç¶é¥«Àt¤s°Ï¤jµØ¨½27¾F³»´ò¸ô29¸¹","121.361435","25.044021"
"®ç¶é¥«Àt¤s°Ï³»´ò¸ô¤T¤@¸¹","®ç¶é¥«Àt¤s°Ï¤jµØ¨½27¾F³»´ò¸ô31¸¹","121.361729","25.043889"
"®ç¶é¥«Àt¤s°Ï³»´ò¸ô¤­¡³¸¹","®ç¶é¥«Àt¤s°Ï¤jµØ¨½27¾F³»´ò¸ô2¤§12¸¹","121.359720","25.047241"
"®ç¶é¥«Àt¤s°Ï³»´ò¸ô¤»¤C¸¹","®ç¶é¥«Àt¤s°Ï¤jµØ¨½27¾F³»´ò¸ô67¸¹","121.366039","25.036449"
"®ç¶é¥«Àt¤s°Ï³»´ò¸ô¤»¤K¸¹","®ç¶é¥«Àt¤s°Ï¤jµØ¨½27¾F³»´ò¸ô68¸¹","121.364054","25.037525"
"®ç¶é¥«Àt¤s°Ï³»´ò¸ô¤»¤»¤§¤@¸¹","®ç¶é¥«Àt¤s°Ï¤jµØ¨½27¾F³»´ò¸ô2¤§1¸¹","121.359668","25.047331"
"®ç¶é¥«Àt¤s°Ï³»´ò¸ô¤»¥|¸¹","®ç¶é¥«Àt¤s°Ï¤jµØ¨½27¾F³»´ò¸ô64¸¹","121.363878","25.038114"
"®ç¶é¥«Àt¤s°Ï³»´ò¸ô¥|¢¯¸¹","®ç¶é¥«Àt¤s°Ï¤jµØ¨½27¾F³»´ò¸ô40¸¹","121.362554","25.041632"
"®ç¶é¥«Àt¤s°Ï³»´ò¸ô¥|¤C¸¹","®ç¶é¥«Àt¤s°Ï¤jµØ¨½27¾F³»´ò¸ô47¸¹","121.364466","25.039460"
"®ç¶é¥«Àt¤s°ÏÄ_¥Ûµó¢µ¢¯«Ñ¢°¢±¤§¢°¸¹¢²¼Ó","®ç¶é¥«Àt¤s°Ï·sÀ­¨½21¾FÄ_¥Ûµó60«Ñ12¤§1¸¹","121.367645","24.998790"
"®ç¶é¥«Àt¤s°Ï¯ù±M¸ô¤E¤§¤E¸¹","®ç¶é¥«Àt¤s°ÏÀ­³»¨½17¾F¯ù±M¸ô2¤§1¸¹","121.354932","25.000694"
"®ç¶é¥«Àt¤s°Ï¦Û±j«n¸ô¤C¤­¤T¸¹","®ç¶é¥«Àt¤s°Ï·s¿³¨½1¾F¦Û±j«n¸ô753¸¹","121.332842","24.992219"
"®ç¶é¥«Àt¤s°Ï¦Û±j«n¸ô¤C¤»¤@¸¹¤@¼Ó","®ç¶é¥«Àt¤s°Ï·s¿³¨½1¾F¦Û±j«n¸ô761¸¹","121.332700","24.992482"
"®ç¶é¥«Àt¤s°Ï³»´ò¤@µó¢³¢´¸¹","®ç¶é¥«Àt¤s°Ï¤jµØ¨½27¾F³»´ò¤@µó1¤§1¸¹","121.360022","25.048138"
"®ç¶é¥«Àt¤s°Ï³»´ò¤@µó51¸¹","®ç¶é¥«Àt¤s°Ï¤jµØ¨½27¾F³»´ò¤@µó1¤§1¸¹","121.360022","25.048138"
"®ç¶é¥«Àt¤s°Ï³»´ò¤@µó¢µ¢²¸¹","®ç¶é¥«Àt¤s°Ï¤å¤Æ¨½18¾F³»´ò¤@µó63¸¹","121.365954","25.044853"
"®ç¶é¥«Àt¤s°Ï³»´ò¤@µó¥|¤C¸¹","®ç¶é¥«Àt¤s°Ï¤å¤Æ¨½18¾F³»´ò¤@µó47¸¹","121.365338","25.048048"
"®ç¶é¥«Àt¤s°Ï³»´ò¤@µó¥|¤T¸¹","®ç¶é¥«Àt¤s°Ï¤å¤Æ¨½18¾F³»´ò¤@µó43¸¹","121.364812","25.048371"
"®ç¶é¥«Àt¤s°Ï7¾F®üµÓ¸ô3¸¹","®ç¶é¥«Àt¤s°ÏºÖ·½¨½7¾F®üµÓ¸ô3¸¹","121.345461","24.983155"
"®ç¶é¥«Àt¤s°Ï¤C¾F®üµÓ¸ô¤K¤§¤@¸¹","®ç¶é¥«Àt¤s°ÏºÖ·½¨½7¾F®üµÓ¸ô1¤§1¸¹","121.345706","24.983501"
"®ç¶é¥«Àt¤s°Ï«n¤W¸ô¤­¤G¢¯«Ñ¤»§Ë¤G¤C¸¹","®ç¶é¥«Àt¤s°Ï¤j§|¨½2¾F«n¤W¸ô520«Ñ6§Ë27¸¹","121.306508","25.044055"
"®ç¶é¥«Àt¤s°Ï®üµÓ¸ô15«Ñ10¸¹","®ç¶é¥«Àt¤s°ÏºÖ·½¨½7¾F®üµÓ¸ô15«Ñ10¸¹","121.346077","24.979303"
"®ç¶é¥«Àt¤s°Ï®üµÓ¸ô16«Ñ6¸¹","®ç¶é¥«Àt¤s°ÏºÖ·½¨½7¾F®üµÓ¸ô16«Ñ6¸¹","121.345702","24.980522"
"®ç¶é¥«Àt¤s°Ï®üµÓ¸ô4¸¹","®ç¶é¥«Àt¤s°ÏºÖ·½¨½7¾F®üµÓ¸ô4¸¹","121.345190","24.982202"
"®ç¶é¥«Àt¤s°Ï®üµÓ¸ô¤@¢¯¤§¤G¸¹","®ç¶é¥«Àt¤s°ÏºÖ·½¨½7¾F®üµÓ¸ô1¤§1¸¹","121.345706","24.983501"
"®ç¶é¥«Àt¤s°Ï®üµÓ¸ô¤@¤G¸¹","®ç¶é¥«Àt¤s°ÏºÖ·½¨½7¾F®üµÓ¸ô12¸¹","121.345307","24.980591"
"®ç¶é¥«Àt¤s°Ï®üµÓ¸ô¤@¤»«Ñ¤@¸¹","®ç¶é¥«Àt¤s°ÏºÖ·½¨½7¾F®üµÓ¸ô16«Ñ1¸¹","121.345851","24.980331"
"®ç¶é¥«Àt¤s°Ï®üµÓ¸ô¤@¤»«Ñ¤G¸¹","®ç¶é¥«Àt¤s°ÏºÖ·½¨½7¾F®üµÓ¸ô16«Ñ2¸¹","121.345398","24.980239"
"®ç¶é¥«Àt¤s°Ï®üµÓ¸ô¤@¤»«Ñ¤K¤§¤@¸¹","®ç¶é¥«Àt¤s°ÏºÖ·½¨½7¾F®üµÓ¸ô16«Ñ1¤§1¸¹","121.345598","24.980170"
"®ç¶é¥«Àt¤s°Ï®üµÓ¸ô¤@¤»«Ñ¤T¸¹","®ç¶é¥«Àt¤s°ÏºÖ·½¨½7¾F®üµÓ¸ô16«Ñ3¸¹","121.346052","24.980509"
"®ç¶é¥«Àt¤s°Ï®üµÓ¸ô¤@¤»«Ñ¥|¸¹","®ç¶é¥«Àt¤s°ÏºÖ·½¨½7¾F®üµÓ¸ô16«Ñ4¸¹","121.345589","24.980432"
"®ç¶é¥«Àt¤s°Ï®üµÓ¸ô¤@¥|¸¹","®ç¶é¥«Àt¤s°ÏºÖ·½¨½7¾F®üµÓ¸ô14¸¹","121.345151","24.980209"
"®ç¶é¥«Àt¤s°Ï®üµÓ¸ô¤@¸¹","®ç¶é¥«Àt¤s°ÏºÖ·½¨½7¾F®üµÓ¸ô1¸¹","121.345706","24.983501"
"®ç¶é¥«Àt¤s°Ï®üµÓ¸ô¤G¡³¸¹¤@¼Ó","®ç¶é¥«Àt¤s°ÏºÖ·½¨½7¾F®üµÓ¸ô1¤§1¸¹","121.345706","24.983501"
"®ç¶é¥«Àt¤s°Ï®üµÓ¸ô¤­¸¹","®ç¶é¥«Àt¤s°ÏºÖ·½¨½7¾F®üµÓ¸ô5¸¹","121.344648","24.982342"
"®ç¶é¥«Àt¤s°Ï®üµÓ¸ô¤»«Ñ¤@¤§¤T¡B¤§¥|¸¹","®ç¶é¥«Àt¤s°ÏºÖ·½¨½7¾F®üµÓ¸ô6«Ñ1¤§1¸¹","121.346047","24.981682"
"®ç¶é¥«Àt¤s°Ï®üµÓ¸ô¤»«Ñ¤C¸¹","®ç¶é¥«Àt¤s°ÏºÖ·½¨½7¾F®üµÓ¸ô6«Ñ7¸¹","121.345661","24.981386"
"®ç¶é¥«Àt¤s°Ï¼w©ú¸ô¦P©÷«Ñ¢°¡B¢°¤§¢°¸¹","®ç¶é¥«Àt¤s°ÏºÖ·½¨½7¾F¼w©ú¸ô¦P©÷«Ñ1¸¹","121.345503","24.983678"
"®ç¶é¥«Àt¤s°Ï¼w©ú¸ô¦P©÷«Ñ¢²¸¹¢°¼Ó","®ç¶é¥«Àt¤s°ÏºÖ·½¨½7¾F¼w©ú¸ô¦P©÷«Ñ3¸¹","121.345369","24.983805"
"®ç¶é¥«Àt¤s°Ï¤å¤Æ¤G¸ô¤G¤@¤­¸¹","®ç¶é¥«Àt¤s°Ï¤å¤Æ¨½19¾F¤å¤Æ¤G¸ô215¸¹","121.377065","25.047752"
"®ç¶é¥«Àt¤s°Ï«n¤W¸ô¤T¤K¤E¸¹","®ç¶é¥«Àt¤s°Ï¤j§|¨½2¾F«n¤W¸ô389¸¹","121.303848","25.045625"
"®ç¶é¥«Àt¤s°Ï¬ì§Þ¤@¸ô¢²¢²¸¹¡B¢²¢´¸¹","®ç¶é¥«Àt¤s°Ï¤å¤Æ¨½19¾F¬ì§Þ¤@¸ô33¸¹","121.377015","25.051148"
"®ç¶é¥«Àt¤s°Ï¬ì§Þ¤C¸ô¤»¤E¸¹","®ç¶é¥«Àt¤s°Ï¤å¤Æ¨½19¾F¬ì§Þ¤C¸ô69¸¹","121.375214","25.043862"
"®ç¶é¥«Àt¤s°Ï¬ì§Þ¤G¸ô¢²¢¸¸¹¢°¼Ó","®ç¶é¥«Àt¤s°Ï¤å¤Æ¨½19¾F¬ì§Þ¤G¸ô39¸¹","121.379397","25.049135"
"®ç¶é¥«Àt¤s°Ï¬ì§Þ¤T¸ô¢·¢·¸¹¢³¼Ó","®ç¶é¥«Àt¤s°Ï¤å¤Æ¨½19¾F¬ì§Þ¤T¸ô88¸¹","121.374722","25.051772"
"®ç¶é¥«Àt¤s°Ï¬ì§Þ¤»¸ô¢´¢¸¸¹","®ç¶é¥«Àt¤s°Ï¤å¤Æ¨½19¾F¬ì§Þ¤»¸ô59¸¹","121.374302","25.044083"
"®ç¶é¥«Àt¤s°Ï¬ì§Þ¤»¸ô¤»¢¯¸¹","®ç¶é¥«Àt¤s°Ï¤å¤Æ¨½19¾F¬ì§Þ¤»¸ô59¸¹","121.374302","25.044083"
"®ç¶é¥«Àt¤s°Ï³»´ò¤@µó¤­¤T¸¹","®ç¶é¥«Àt¤s°Ï¤å¤Æ¨½18¾F³»´ò¤@µó53¸¹","121.365696","25.046996"
"®ç¶é¥«Àt¤s°Ï³»´ò¤@µó¥|¤E¸¹","®ç¶é¥«Àt¤s°Ï¤å¤Æ¨½18¾F³»´ò¤@µó49¸¹","121.365403","25.047697"
"®ç¶é¥«Àt¤s°Ï´_¿³¤T¸ô¢³¢´¢±¸¹¤Î¢³¢´¢±¸¹¢²¼Ó","®ç¶é¥«Àt¤s°Ï¤å¤Æ¨½19¾F´_¿³¤T¸ô452¸¹","121.370460","25.043948"
"®ç¶é¥«Àt¤s°Ï´_¿³¤T¸ô¢´¢¯¢¯¸¹¢²¡B¢³¡B¢¶¼Ó","®ç¶é¥«Àt¤s°Ï¤å¤Æ¨½19¾F´_¿³¤T¸ô500¸¹","121.370977","25.041970"
"®ç¶é¥«Àt¤s°Ï´_¿³¤T¸ô¤­¤»¤K¸¹","®ç¶é¥«Àt¤s°Ï¤å¤Æ¨½19¾F´_¿³¤T¸ô568¸¹","121.372478","25.039723"
"®ç¶é¥«Àt¤s°ÏµØ¨È¤@¸ô¢³¢¯¸¹¡B¢³¢¯¸¹¢±¼Ó¡B¢³¢¯¸¹¢³¼Ó","®ç¶é¥«Àt¤s°Ï¤å¤Æ¨½19¾FµØ¨È¤@¸ô40¸¹","121.372020","25.042392"
"®ç¶é¥«Àt¤s°ÏµØ¨È¤@¸ô¢µ¢µ¸¹¢°¡B¢±¡B¢³¡B¢´¡B¢µ¡B¢·¡B¢¸¡B¢°¢¯¼Ó","®ç¶é¥«Àt¤s°Ï¤å¤Æ¨½19¾FµØ¨È¤@¸ô66¸¹","121.373104","25.040212"
"®ç¶é¥«Àt¤s°ÏµØ¨È¤@¸ô¢µ¢µ¸¹¢²¼Ó¤Î¢³¼Ó","®ç¶é¥«Àt¤s°Ï¤å¤Æ¨½19¾FµØ¨È¤@¸ô66¸¹","121.373104","25.040212"
"®ç¶é¥«Àt¤s°ÏµØ¨È¤@¸ô¢µ¢µ¸¹¢¶¼Ó","®ç¶é¥«Àt¤s°Ï¤å¤Æ¨½19¾FµØ¨È¤@¸ô66¸¹","121.373104","25.040212"
"®ç¶é¥«Àt¤s°ÏµØ¨È¤@¸ô¢µ¢·¸¹¢³¼Ó","®ç¶é¥«Àt¤s°Ï¤å¤Æ¨½19¾FµØ¨È¤@¸ô68¸¹","121.372935","25.039373"
"®ç¶é¥«Àt¤s°ÏµØ¨È¤@¸ô¤@¸¹","®ç¶é¥«Àt¤s°Ï¤å¤Æ¨½19¾FµØ¨È¤@¸ô1¸¹","121.371013","25.047800"
"®ç¶é¥«Àt¤s°ÏµØ¨È¤G¸ô¢±¢´¢µ¸¹","®ç¶é¥«Àt¤s°Ï¤å¤Æ¨½19¾FµØ¨È¤G¸ô256¸¹","121.374231","25.045054"
"®ç¶é¥«Àt¤s°ÏµØ¨È¤G¸ô¢±¢¶¢¯¸¹","®ç¶é¥«Àt¤s°Ï¤å¤Æ¨½19¾FµØ¨È¤G¸ô270¸¹","121.373813","25.043164"
"®ç¶é¥«Àt¤s°ÏµØ¨È¤G¸ô¤G¤»¤K¸¹","®ç¶é¥«Àt¤s°Ï¤å¤Æ¨½19¾FµØ¨È¤G¸ô268¸¹","121.374016","25.043756"
"®ç¶é¥«Àt¤s°ÏµØ¨È¤T¸ô¤­¢¯¸¹","®ç¶é¥«Àt¤s°Ï¤å¤Æ¨½19¾FµØ¨È¤T¸ô50¸¹","121.378792","25.048020"
"®ç¶é¥«Àt¤s°ÏµØ¨È¤T¸ô¤­¢¯¸¹¥|¼Ó¤Î¤»¼Ó¤§¤G","®ç¶é¥«Àt¤s°Ï¤å¤Æ¨½19¾FµØ¨È¤T¸ô50¸¹","121.378792","25.048020"
"®ç¶é¥«Àt¤s°Ï«n¬üµó90«Ñ41¸¹1¼Ó","®ç¶é¥«Àt¤s°Ï«n¬ü¨½12¾F«n¬üµó90«Ñ41¸¹","121.299230","25.045533"
"®ç¶é¥«Àt¤s°Ï«n¬üµó¤E¡³«Ñ¤@¸¹","®ç¶é¥«Àt¤s°Ï«n¬ü¨½6¾F«n¬üµó32«Ñ1¸¹","121.297164","25.046827"
"®ç¶é¥«Àt¤s°Ï«n¬üµó¤E¡³«Ñ¤G¤E§Ë¥|¸¹","®ç¶é¥«Àt¤s°Ï«n¬ü¨½11¾F«n¬üµó90«Ñ29§Ë4¸¹","121.299144","25.045290"
"®ç¶é¥«Àt¤s°Ï«n¬üµó¤E¡³«Ñ¥|¤»¸¹","®ç¶é¥«Àt¤s°Ï«n¬ü¨½12¾F«n¬üµó90«Ñ46¸¹","121.299472","25.045906"
"®ç¶é¥«Àt¤s°Ï«n¬üµó¤­¤»«Ñ¤@¸¹","®ç¶é¥«Àt¤s°Ï«n¬ü¨½7¾F«n¬üµó56«Ñ1¸¹","121.297870","25.045840"
"®ç¶é¥«Àt¤s°Ï«n¬üµó¤­¤»«Ñ¤»¸¹","®ç¶é¥«Àt¤s°Ï«n¬ü¨½7¾F«n¬üµó56«Ñ6¸¹","121.297797","25.046078"
"®ç¶é¥«Àt¤s°Ï¢¶¾F®üµÓ¸ô¢°¢¸¸¹¢°¼Ó","®ç¶é¥«Àt¤s°ÏºÖ·½¨½7¾F®üµÓ¸ô19¸¹","121.344411","24.981370"
"®ç¶é¥«Àt¤s°Ï®üµÓ¸ô¢±¢¯¤§¢°¸¹","®ç¶é¥«Àt¤s°ÏºÖ·½¨½7¾F®üµÓ¸ô20¤§1¸¹","121.345888","24.979987"
"®ç¶é¥«Àt¤s°Ï®üµÓ¸ô¤@¢¯¤§¤@¸¹","®ç¶é¥«Àt¤s°ÏºÖ·½¨½7¾F®üµÓ¸ô1¤§1¸¹","121.345706","24.983501"
"®ç¶é¥«Àt¤s°Ï®üµÓ¸ô¤@¢¯¸¹","®ç¶é¥«Àt¤s°ÏºÖ·½¨½7¾F®üµÓ¸ô10¸¹","121.344984","24.981208"
"®ç¶é¥«Àt¤s°Ï®üµÓ¸ô¤@¤»«Ñ¤@¤G¸¹","®ç¶é¥«Àt¤s°ÏºÖ·½¨½7¾F®üµÓ¸ô16«Ñ12¸¹","121.346311","24.980717"
"®ç¶é¥«Àt¤s°Ï®üµÓ¸ô¤K¤§¤G¸¹","®ç¶é¥«Àt¤s°ÏºÖ·½¨½7¾F®üµÓ¸ô1¤§1¸¹","121.345706","24.983501"
"®ç¶é¥«Àt¤s°Ï³»´ò¸ô¤C¤§¤@¸¹¤T¼Ó","®ç¶é¥«Àt¤s°Ï¤jµØ¨½27¾F³»´ò¸ô2¤§1¸¹","121.359668","25.047331"
"®ç¶é¥«Àt¤s°Ï´ò¤sµó¢±¢¯¢³¸¹","®ç¶é¥«Àt¤s°ÏºÖ·½¨½10¾F´ò¤sµó204¸¹","121.350388","24.983778"
"®ç¶é¥«Àt¤s°Ï´ò¤sµó¢³¢´¢¶¤§¢±¸¹","®ç¶é¥«Àt¤s°ÏºÖ·½¨½8¾F´ò¤sµó457¤§2¸¹","121.346480","24.980025"
"®ç¶é¥«Àt¤s°Ï´ò¤sµó¤@¤E¤­¸¹","®ç¶é¥«Àt¤s°ÏºÖ·½¨½10¾F´ò¤sµó195¸¹","121.350025","24.984129"
"®ç¶é¥«Àt¤s°Ï´ò¤sµó¤@¤K¢¯«Ñ¤@§Ë¤@¤@¸¹","®ç¶é¥«Àt¤s°ÏºÖ·½¨½14¾F´ò¤sµó180«Ñ1§Ë11¸¹","121.352084","24.984999"
"®ç¶é¥«Àt¤s°Ï´ò¤sµó¤@¤K¢¯«Ñ¤@§Ë¤@¤T¸¹","®ç¶é¥«Àt¤s°ÏºÖ·½¨½14¾F´ò¤sµó180«Ñ1§Ë13¸¹","121.352330","24.985280"
"®ç¶é¥«Àt¤s°Ï´ò¤sµó¤@¤K¢¯«Ñ¤@§Ë¤­¸¹","®ç¶é¥«Àt¤s°ÏºÖ·½¨½14¾F´ò¤sµó180«Ñ1§Ë5¸¹","121.351729","24.984635"
"®ç¶é¥«Àt¤s°Ï´ò¤sµó¤@¤K¢¯«Ñ¤K§Ë¤T¸¹","®ç¶é¥«Àt¤s°ÏºÖ·½¨½14¾F´ò¤sµó180«Ñ8§Ë3¸¹","121.350949","24.983703"
"®ç¶é¥«Àt¤s°Ï´ò¤sµó¤@¤K¢¯«Ñ¤­¤»§Ë¤G¢¯¡B¤G¤G¸¹","®ç¶é¥«Àt¤s°ÏºÖ·½¨½14¾F´ò¤sµó180«Ñ56§Ë8¸¹","121.351044","24.982641"
"®ç¶é¥«Àt¤s°Ï´ò¤sµó¥|¥|¥|¸¹¤@¼Ó","®ç¶é¥«Àt¤s°ÏºÖ·½¨½8¾F´ò¤sµó444¸¹","121.346956","24.979746"
"®ç¶é¥«Àt¤s°Ï¼w©ú¸ô¦P©÷«Ñ¢³¸¹","®ç¶é¥«Àt¤s°ÏºÖ·½¨½7¾F¼w©ú¸ô¦P©÷«Ñ4¸¹","121.345300","24.983876"
"®ç¶é¥«Àt¤s°Ï¹Ø¤s¸ô¤¯ºÖ«Ñ¤»¸¹¤@¼Ó","®ç¶é¥«Àt¤s°Ï¤¤¿³¨½5¾F¹Ø¤s¸ô¤¯ºÖ«Ñ6¸¹","121.329490","24.993834"
"®ç¶é¥«Àt¤s°Ï22¾F§»ª@µó¢°¢·¡B¢±¢¯¸¹","®ç¶é¥«Àt¤s°ÏÀ­³»¨½21¾F§»ª@µó2¸¹","121.366891","25.002113"
"®ç¶é¥«Àt¤s°Ï§»ª@µó18¡B20¸¹","®ç¶é¥«Àt¤s°ÏÀ­³»¨½21¾F§»ª@µó2¸¹","121.366891","25.002113"
"®ç¶é¥«Àt¤s°Ï¸U¹Ø¸ô¢°¬q¢³¢±¢±«Ñ¢±¢¶§Ë¢²¢¯¸¹","®ç¶é¥«Àt¤s°ÏÀsµØ¨½15¾F¸U¹Ø¸ô¤@¬q422«Ñ27§Ë30¸¹","121.398463","25.017587"
"®ç¶é¥«Àt¤s°Ï¸U¹Ø¸ô¢°¬q¢³¢¸¢±¤§¢°¸¹¢¸¼Ó¤§¢°¤Î¢¸¼Ó¤§¢±","®ç¶é¥«Àt¤s°ÏÀsµØ¨½13¾F¸U¹Ø¸ô¤@¬q492¤§1¸¹","121.398103","25.017037"
"®ç¶é¥«Àt¤s°Ï¸U¹Ø¸ô¢°¬q¢³¢¸¢±¤§¢³¸¹¢¶¼Ó¤§¢±","®ç¶é¥«Àt¤s°ÏÀsµØ¨½13¾F¸U¹Ø¸ô¤@¬q492¤§4¸¹","121.398125","25.017266"
"®ç¶é¥«Àt¤s°Ï¸U¹Ø¸ô¢°¬q¢µ¢¯¢¸¸¹¢³¼Ó¤§¢²¡B¤§¢³¡B¤§¢´","®ç¶é¥«Àt¤s°ÏÀs¹Ø¨½1¾F¸U¹Ø¸ô¤@¬q609¸¹","121.393512","25.016101"
"®ç¶é¥«Àt¤s°Ï¸U¹Ø¸ô¢°¬q¢µ¢¯¢¸¸¹¢´¼Ó¤§¢±","®ç¶é¥«Àt¤s°ÏÀs¹Ø¨½1¾F¸U¹Ø¸ô¤@¬q609¸¹","121.393512","25.016101"
"®ç¶é¥«Àt¤s°Ï¸U¹Ø¸ô¢°¬q¢µ¢¯¢¸¸¹¢´¼Ó¤§¢³¡B¤§¢´","®ç¶é¥«Àt¤s°ÏÀs¹Ø¨½1¾F¸U¹Ø¸ô¤@¬q609¸¹","121.393512","25.016101"
"®ç¶é¥«Àt¤s°Ï¸U¹Ø¸ô¢°¬q¢µ¢¯¢¸¸¹¢·¼Ó","®ç¶é¥«Àt¤s°ÏÀs¹Ø¨½1¾F¸U¹Ø¸ô¤@¬q609¸¹","121.393512","25.016101"
"®ç¶é¥«Àt¤s°Ï¸U¹Ø¸ô¢°¬q¢µ¢°¢°¸¹¢±¼Ó¤§¢´","®ç¶é¥«Àt¤s°ÏÀs¹Ø¨½1¾F¸U¹Ø¸ô¤@¬q611¸¹","121.393392","25.016031"
"®ç¶é¥«Àt¤s°Ï¸U¹Ø¸ô¤@¬q¢³¢¸¢±¤§¢°¸¹¢±¼Ó¤§¢°¤Î¢±¼Ó¤§¢±","®ç¶é¥«Àt¤s°ÏÀsµØ¨½13¾F¸U¹Ø¸ô¤@¬q492¤§1¸¹","121.398103","25.017037"
"®ç¶é¥«Àt¤s°Ï¸U¹Ø¸ô¤@¬q¢³¢¸¢±¤§¢±¢¯¸¹¢²¼Ó¤§¢°","®ç¶é¥«Àt¤s°ÏÀsµØ¨½13¾F¸U¹Ø¸ô¤@¬q492¤§20¸¹","121.397559","25.018563"
"®ç¶é¥«Àt¤s°Ï¸U¹Ø¸ô¤@¬q¢³¢¸¢±¸¹¢°¢¯¼Ó¤§¢°¤Î¢°¢¯¼Ó¤§¢±","®ç¶é¥«Àt¤s°ÏÀsµØ¨½13¾F¸U¹Ø¸ô¤@¬q492¸¹","121.398028","25.016566"
"®ç¶é¥«Àt¤s°Ï¸U¹Ø¸ô¤@¬q¤»¢¯¤E¸¹¤G¼Ó¤§¤G","®ç¶é¥«Àt¤s°ÏÀs¹Ø¨½1¾F¸U¹Ø¸ô¤@¬q609¸¹","121.393512","25.016101"
"®ç¶é¥«Àt¤s°Ï¸U¹Ø¸ô¤@¬q¥|¤E¢¯¸¹¤@¤@¼Ó¤§¤@¡B¤@¤@¼Ó¤§¤G¤Î¥|¤E¤G¸¹¤@¤@¼Ó¤§¤G¤Î¥|¤E¤G¤§¤@¸¹¤@¤@¼Ó¤§¤G","®ç¶é¥«Àt¤s°ÏÀsµØ¨½13¾F¸U¹Ø¸ô¤@¬q490¸¹","121.398219","25.016562"
"®ç¶é¥«Àt¤s°Ï¸U¹Ø¸ô¤@¬q¥|¤E¤G¤§¤@¤E¸¹¤T¼Ó¤§¤@¡B¤§¤G¡B¤§¤T","®ç¶é¥«Àt¤s°Ï°jÀs¨½13¾F¸U¹Ø¸ô¤@¬q12¤§1¸¹","121.409766","25.020811"
"®ç¶é¥«Àt¤s°Ï¸U¹Ø¸ô¤@¬q¥|¤E¤G¤§¤G¢¯¸¹¤T¼Ó¤§¤G","®ç¶é¥«Àt¤s°Ï°jÀs¨½13¾F¸U¹Ø¸ô¤@¬q12¤§1¸¹","121.409766","25.020811"
"®ç¶é¥«Àt¤s°Ï¤sÅa¸ôµØ¥É«Ñ¢²¸¹","®ç¶é¥«Àt¤s°Ï¤s³»¨½20¾F¤sÅa¸ôµØ¥É«Ñ3¸¹","121.331856","24.981770"
"®ç¶é¥«Àt¤s°Ï«n¤W¸ô¢±¢²¢±¸¹","®ç¶é¥«Àt¤s°Ï«n¬ü¨½4¾F«n¤W¸ô232¸¹","121.300384","25.046472"
"®ç¶é¥«Àt¤s°Ï«n¤W¸ô¢±¢¸¢¯«Ñ¢²¢²§Ë¢´¸¹¢°¼Ó","®ç¶é¥«Àt¤s°Ï«n¬ü¨½5¾F«n¤W¸ô290«Ñ33§Ë5¸¹","121.302732","25.044695"
"®ç¶é¥«Àt¤s°Ï«n¤W¸ô¢±¢¸¢¯«Ñ¢²¢²§Ë¢µ¸¹","®ç¶é¥«Àt¤s°Ï«n¬ü¨½5¾F«n¤W¸ô290«Ñ33§Ë6¸¹","121.302444","25.043908"
"®ç¶é¥«Àt¤s°Ï«n¤W¸ô¢±¢¸¢¯«Ñ¢³¢±§Ë¢´¸¹","®ç¶é¥«Àt¤s°Ï«n¬ü¨½5¾F«n¤W¸ô290«Ñ42§Ë5¸¹","121.302010","25.044335"
"®ç¶é¥«Àt¤s°Ï«n¤W¸ô¢±¢¸¢¯«Ñ¢¸¸¹¢°¼Ó","®ç¶é¥«Àt¤s°Ï«n¬ü¨½3¾F«n¤W¸ô290«Ñ9¸¹","121.302185","25.045495"
"®ç¶é¥«Àt¤s°Ï«n¤W¸ô¤G¤E¢¯«Ñ¤G¥|¸¹","®ç¶é¥«Àt¤s°Ï«n¬ü¨½5¾F«n¤W¸ô290«Ñ24¸¹","121.301978","25.045153"
"®ç¶é¥«Àt¤s°Ï«n¤W¸ô¤G¤E¢¯«Ñ¤T¤T§Ë¤@¤GÛÁ¤»¡B¤K¸¹","®ç¶é¥«Àt¤s°Ï«n¬ü¨½5¾F«n¤W¸ô290«Ñ33§Ë2¸¹","121.302425","25.044034"
"®ç¶é¥«Àt¤s°Ï«n¤W¸ô¤G¤E¢¯«Ñ¤T¥|¸¹","®ç¶é¥«Àt¤s°Ï«n¤W¨½«n¤W¸ô290«Ñ6¸¹","121.301939","25.045714"
"®ç¶é¥«Àt¤s°Ï«n¤W¸ô¤G¤E¢¯«Ñ¥|¤G§Ë¤E¸¹¤@¼Ó","®ç¶é¥«Àt¤s°Ï«n¬ü¨½5¾F«n¤W¸ô290«Ñ42§Ë9¸¹","121.301738","25.044188"
"®ç¶é¥«Àt¤s°Ï«n¤W¸ô¤T¤@¤T¸¹","®ç¶é¥«Àt¤s°Ï«n¬ü¨½5¾F«n¤W¸ô313¸¹","121.302506","25.046063"
"®ç¶é¥«Àt¤s°Ï«n¤W¸ô¤T¤G¥|¸¹¤@¼Ó","®ç¶é¥«Àt¤s°Ï«n¬ü¨½5¾F«n¤W¸ô324¸¹","121.302858","25.045630"
"®ç¶é¥«Àt¤s°Ï«n¬üµó¢°¢¯¢·¸¹","®ç¶é¥«Àt¤s°Ï«n¬ü¨½12¾F«n¬üµó108¸¹","121.298654","25.044565"
"®ç¶é¥«Àt¤s°Ï«n¬üµó¢·¢¯¸¹","®ç¶é¥«Àt¤s°Ï«n¬ü¨½9¾F«n¬üµó80¸¹","121.298009","25.045408"
"®ç¶é¥«Àt¤s°Ï«n¬üµó¤@¤T¤G¡B¤@¤T¤G¤§¤@¸¹","®ç¶é¥«Àt¤s°Ï«n¬ü¨½12¾F«n¬üµó132¤§1¸¹","121.299511","25.043597"
"®ç¶é¥«Àt¤s°Ï¥ú?¸ô¤@¤E¤»«Ñ¤@¤­¸¹¤@¼Ó","®ç¶é¥«Àt¤s°ÏÀt¤s¨½1¾F¥ú?¸ô6¤§2¸¹","121.339801","24.997330"
"®ç¶é¥«Àt¤s°Ï¤T¾F®üµÓ¸ô¤Q¤»«Ñ¤T¤§¤@¸¹","®ç¶é¥«Àt¤s°ÏºÖ·½¨½7¾F®üµÓ¸ô16«Ñ1¤§1¸¹","121.345598","24.980170"
"®ç¶é¥«Àt¤s°Ï¸U¹Ø¸ô¤@¬q69«Ñ8§Ë6¡B8¸¹1¼Ó","®ç¶é¥«Àt¤s°Ï°jÀs¨½2¾F¸U¹Ø¸ô¤@¬q69«Ñ8§Ë8¸¹","121.410296","25.019791"
"®ç¶é¥«Àt¤s°Ï¸U¹Ø¸ô¤@¬q¤»¤E«Ñ¤K§Ë¤G¡³¸¹¤@¼Ó","®ç¶é¥«Àt¤s°Ï°jÀs¨½2¾F¸U¹Ø¸ô¤@¬q69«Ñ8§Ë8¸¹","121.410296","25.019791"
"®ç¶é¥«Àt¤s°ÏÀs¿³µó¤@¤G«Ñ¤E¸¹","®ç¶é¥«Àt¤s°ÏÀsµØ¨½7¾FÀs¿³µó12«Ñ9¸¹","121.402008","25.016281"
"®ç¶é¥«Àt¤s°ÏÀs¿³µó¤K«Ñ¤T¡³¸¹","®ç¶é¥«Àt¤s°ÏÀsµØ¨½7¾FÀs¿³µó8«Ñ8¤§1¸¹","121.402425","25.016556"
"®ç¶é¥«Àt¤s°Ï¦Û±j«n¸ô¤C¥|¤­«Ñ¤»¸¹","®ç¶é¥«Àt¤s°Ï·s¿³¨½1¾F¦Û±j«n¸ô745«Ñ6¸¹","121.332682","24.992074"
"®ç¶é¥«Àt¤s°ÏªF¸U¹Ø¸ô¤»¤T¥|¸¹","®ç¶é¥«Àt¤s°ÏÀs¹Ø¨½10¾FªF¸U¹Ø¸ô634¸¹","121.376547","25.009112"
"®ç¶é¥«Àt¤s°Ï·sÀ­¤@µó¥|¤­¸¹¤@¼Ó","®ç¶é¥«Àt¤s°Ï·sÀ­¨½23¾F·sÀ­¤@µó45¸¹","121.367254","25.000620"
"®ç¶é¥«Äª¦Ë°Ï¤@¤K¾F¤¤¿³¸ô¤»¤@¸¹","®ç¶é¥«Äª¦Ë°Ï·s¿³¨½18¾F¤¤¿³¸ô61¸¹","121.266015","25.016291"
"®ç¶é¥«Äª¦Ë°Ï´I°ê¸ô1¬q245¸¹","®ç¶é¥«Äª¦Ë°Ï´I¦Ë¨½2¾F´I°ê¸ô¤@¬q245¸¹","121.273656","25.030314"
"®ç¶é¥«Äª¦Ë°Ï¤T¾Fªøºa¸ô¤G¤G¸¹","®ç¶é¥«Äª¦Ë°Ï¥Ë½`¨½7¾Fªøºa¸ô22¸¹","121.287431","25.056921"
"®ç¶é¥«Äª¦Ë°Ïªøºa¸ô11¸¹","®ç¶é¥«Äª¦Ë°Ï¥Ë½`¨½7¾Fªøºa¸ô11¸¹","121.288545","25.056978"
"®ç¶é¥«Äª¦Ë°Ï«n¤s¸ô¢°¬q¢°¢¯¢·«Ñ¢±¸¹","®ç¶é¥«Äª¦Ë°Ï¥Ë½`¨½10¾F«n¤s¸ô¤@¬q108«Ñ2¸¹","121.292279","25.053166"
"®ç¶é¥«Äª¦Ë°Ï«n¤s¸ô¤@¬q¤@¤@¤@¸¹¥|¡B¤­¼Ó","®ç¶é¥«Äª¦Ë°Ï¥Ë½`¨½7¾F«n¤s¸ô¤@¬q111¸¹","121.290324","25.054915"
"®ç¶é¥«Äª¦Ë°Ï«n¤s¸ô¤@¬q¤@¤T¤G¸¹","®ç¶é¥«Äª¦Ë°Ï¥Ë½`¨½10¾F«n¤s¸ô¤@¬q132¸¹","121.291648","25.053580"
"®ç¶é¥«Äª¦Ë°Ï«n¤s¸ô¤@¬q¤E¡³«Ñ¤G¸¹","®ç¶é¥«Äª¦Ë°Ï¥Ë½`¨½10¾F«n¤s¸ô¤@¬q108«Ñ2¸¹","121.292279","25.053166"
"®ç¶é¥«Äª¦Ë°Ï«n¤s¸ô¤@¬q¤G¡³¤»¸¹","®ç¶é¥«Äª¦Ë°ÏÀA¤¤¨½19¾F«n¤s¸ô¤@¬q2¤§1¸¹","121.291631","25.048793"
"®ç¶é¥«Äª¦Ë°Ï«n¤s¸ô¤@¬q¤T¤T¤T¸¹","®ç¶é¥«Äª¦Ë°Ï¥Ë½`¨½5¾F«n¤s¸ô¤@¬q47¤§1¸¹","121.291674","25.051610"
"®ç¶é¥«Äª¦Ë°Ï«n¤s¸ô¤@¬q¤T¤­¤@¸¹¤@¼Ó","®ç¶é¥«Äª¦Ë°Ï¥Ë½`¨½8¾F«n¤s¸ô¤@¬q351¸¹","121.288357","25.058859"
"®ç¶é¥«Äª¦Ë°Ï«n¤s¸ô¤@¬q¤T¥|¤E«Ñ¤@¤C¸¹","®ç¶é¥«Äª¦Ë°Ï¥Ë½`¨½8¾F«n¤s¸ô¤@¬q349«Ñ17¸¹","121.287657","25.058408"
"®ç¶é¥«Äª¦Ë°Ï«n¤s¸ô¤@¬q¤T¥|¤E«Ñ¤E¡B¤@¤@¸¹","®ç¶é¥«Äª¦Ë°Ï¥Ë½`¨½8¾F«n¤s¸ô¤@¬q349«Ñ1¸¹","121.288265","25.058515"
"®ç¶é¥«Äª¦Ë°Ï«n¤s¸ô¤@¬q¤T¥|¤E«Ñ¤­¸¹¤@¼Ó¤Î§¨¼h","®ç¶é¥«Äª¦Ë°Ï¥Ë½`¨½8¾F«n¤s¸ô¤@¬q349«Ñ5¸¹","121.288119","25.058473"
"®ç¶é¥«Äª¦Ë°Ï«n¤s¸ô¤@¬q¤T¥|¤E«Ñ¤»¸¹","®ç¶é¥«Äª¦Ë°Ï¥Ë½`¨½8¾F«n¤s¸ô¤@¬q349«Ñ6¸¹","121.288058","25.058729"
"®ç¶é¥«Äª¦Ë°Ï«n¤s¸ô¤@¬q¤T¥|¤E«Ñ¥|¸¹","®ç¶é¥«Äª¦Ë°Ï¥Ë½`¨½8¾F«n¤s¸ô¤@¬q349«Ñ4¸¹","121.288147","25.058756"
"®ç¶é¥«Äª¦Ë°Ï«n¤s¸ô¤@¬q¥|¤@¢¯¸¹","®ç¶é¥«Äª¦Ë°Ï¥Ë½`¨½9¾F«n¤s¸ô¤@¬q410¸¹","121.288990","25.058620"
"®ç¶é¥«Äª¦Ë°Ï«n¤s¸ô¤@¬q¥|¥|¢¯¸¹","®ç¶é¥«Äª¦Ë°Ï¥Ë½`¨½9¾F«n¤s¸ô¤@¬q440¸¹","121.289230","25.060284"
"®ç¶é¥«Äª¦Ë°Ï¤­ºÖ¤@¸ô92«Ñ16¸¹(1¼Ó)","®ç¶é¥«Äª¦Ë°ÏºÖ¸S¨½16¾F¤­ºÖ¤@¸ô92«Ñ16¸¹","121.293654","25.056079"
"®ç¶é¥«Äª¦Ë°Ï¤»ºÖ¸ô¤T¤»¤E¸¹","®ç¶é¥«Äª¦Ë°ÏÀç½L¨½13¾F¤»ºÖ¸ô369¸¹","121.294261","25.061428"
"®ç¶é¥«Äª¦Ë°Ï«n¤u¸ô¤@¬q«n¤u«Ñ¤T¸¹¤G¼Ó¡B¤T¼Ó","®ç¶é¥«Äª¦Ë°Ïªø¿³¨½13¾F«n¤u¸ô¤@¬q«n¤u«Ñ3¸¹","121.278604","25.058404"
"®ç¶é¥«Äª¦Ë°Ï¿³¶©µó¥|¤Q«Ñ¤Ü¤K¸¹","®ç¶é¥«Äª¦Ë°Ïªø¿³¨½13¾F¿³¶©µó40«Ñ1¸¹","121.280740","25.059324"
"®ç¶é¥«Äª¦Ë°Ï¤»ºÖ¸ô¢°¢¯¸¹","®ç¶é¥«Äª¦Ë°Ï¥Ë½`¨½9¾F¤»ºÖ¸ô10¸¹","121.290218","25.057454"
"®ç¶é¥«Äª¦Ë°Ï¢¶¾Fªøºa¸ô¢°¸¹¢¶¼Ó","®ç¶é¥«Äª¦Ë°Ï¥Ë½`¨½7¾Fªøºa¸ô1¸¹","121.289186","25.057252"
"®ç¶é¥«Äª¦Ë°Ï«n¤s¸ô¢°¬q¢±¢´¢¯¸¹¢°¼Ó","®ç¶é¥«Äª¦Ë°Ï¥Ë½`¨½10¾F«n¤s¸ô¤@¬q250¸¹","121.290550","25.055758"
"®ç¶é¥«Äª¦Ë°Ï«n¤s¸ô¢°¬q¢²¢´¢°¸¹¢²¼Ó¤§¢°","®ç¶é¥«Äª¦Ë°Ï¥Ë½`¨½8¾F«n¤s¸ô¤@¬q351¸¹","121.288357","25.058859"
"®ç¶é¥«Äª¦Ë°Ï«n¤s¸ô¢°¬q¢²¢·¢¶¸¹","®ç¶é¥«Äª¦Ë°Ï¥Ë½`¨½9¾F«n¤s¸ô¤@¬q387¸¹","121.288576","25.059920"
"®ç¶é¥«Äª¦Ë°Ï«n¤s¸ô¢°¬q¢¸¢¯«Ñ¢´¸¹","®ç¶é¥«Äª¦Ë°Ï¥Ë½`¨½10¾F«n¤s¸ô¤@¬q90«Ñ5¸¹","121.292881","25.053286"
"®ç¶é¥«Äª¦Ë°Ï«n¤s¸ô¤@¬q¢²¢³¢¸«Ñ¢±¢±¸¹¢°¼Ó","®ç¶é¥«Äª¦Ë°Ï¥Ë½`¨½8¾F«n¤s¸ô¤@¬q349«Ñ22¸¹","121.287480","25.058574"
"®ç¶é¥«Äª¦Ë°Ï¤@¥|¾F¤K¼w¤G¸ô¤T¤T¢¯¸¹","®ç¶é¥«Äª¦Ë°Ï§|¤l¨½14¾F¤K¼w¤G¸ô330¸¹","121.338832","25.069557"
"®ç¶é¥«Äª¦Ë°Ïªø¦w¸ô¤@¬q¤@¤»¢¯«Ñ¤@¢¯¸¹","®ç¶é¥«Äª¦Ë°Ï¤º­í¨½2¾Fªø¦w¸ô¤@¬q160«Ñ10¸¹","121.287978","25.064923"
"®ç¶é¥«Äª¦Ë°Ï«n«C¸ô¢°¢°¢´¢µ«Ñ¢¶¢´¸¹","®ç¶é¥«Äª¦Ë°ÏÄª¦Ë¨½26¾F«n«C¸ô1156«Ñ75¸¹","121.272854","25.055417"
"®ç¶é¥«Äª¦Ë°Ï12¾FÀs¦wµó2¬q966¸¹¡]¦a¤U¤@¼Ó¡^","®ç¶é¥«Äª¦Ë°Ï¤¤ºÖ¨½10¾FÀs¦wµó¤G¬q966¸¹","121.258892","25.004597"
"®ç¶é¥«Äª¦Ë°ÏÄª¿³«n¸ô623«Ñ10¸¹","®ç¶é¥«Äª¦Ë°ÏÄª¿³¨½4¾FÄª¿³«n¸ô623«Ñ10¸¹","121.281211","25.035865"
"®ç¶é¥«Äª¦Ë°ÏÄª¿³«n¸ô623«Ñ6¸¹","®ç¶é¥«Äª¦Ë°ÏÄª¿³¨½4¾FÄª¿³«n¸ô623«Ñ6¸¹","121.281418","25.036111"
"®ç¶é¥«Äª¦Ë°Ï20¾F¤W¿³¸ô50«Ñ1¸¹1¼Ó","®ç¶é¥«Äª¦Ë°Ï¤W¿³¨½6¾F¤W¿³¸ô50«Ñ1¸¹","121.264804","25.019719"
"®ç¶é¥«Äª¦Ë°Ï¤W¿³¸ô¢·¢²¸¹","®ç¶é¥«Äª¦Ë°Ï¤W¿³¨½4¾F¤W¿³¸ô83¸¹","121.264173","25.018907"
"®ç¶é¥«Äª¦Ë°Ï¤W¿³¸ô85¸¹1¼Ó","®ç¶é¥«Äª¦Ë°Ï¤W¿³¨½4¾F¤W¿³¸ô85¸¹","121.263847","25.018691"
"®ç¶é¥«Äª¦Ë°Ï¤W¿³¸ô¢·¢´¸¹¢°¼Ó","®ç¶é¥«Äª¦Ë°Ï¤W¿³¨½4¾F¤W¿³¸ô85¸¹","121.263847","25.018691"
"®ç¶é¥«Äª¦Ë°Ï¤W¿³¸ô¤K¤­¸¹","®ç¶é¥«Äª¦Ë°Ï¤W¿³¨½4¾F¤W¿³¸ô85¸¹","121.263847","25.018691"
"®ç¶é¥«Äª¦Ë°Ï¤¤¿³¸ô¢°¢¯¢±¸¹¢°¼Ó","®ç¶é¥«Äª¦Ë°Ï¤W¿³¨½1¾F¤¤¿³¸ô102¸¹","121.265065","25.015885"
"®ç¶é¥«Äª¦Ë°Ï¤¤¿³¸ô106¸¹","®ç¶é¥«Äª¦Ë°Ï¤W¿³¨½1¾F¤¤¿³¸ô106¸¹","121.264956","25.015815"
"®ç¶é¥«Äª¦Ë°Ï¤¤¿³¸ô¢°¢°¢±¡B¢°¢°¢³¸¹","®ç¶é¥«Äª¦Ë°Ï¤W¿³¨½1¾F¤¤¿³¸ô32¤§1¸¹","121.266584","25.017183"
"®ç¶é¥«Äª¦Ë°Ï¤¤¿³¸ô116¸¹","®ç¶é¥«Äª¦Ë°Ï¤W¿³¨½1¾F¤¤¿³¸ô116¸¹","121.264439","25.015466"
"®ç¶é¥«Äª¦Ë°Ï¤¤¿³¸ô¢·¢·¸¹¢°¼Ó","®ç¶é¥«Äª¦Ë°Ï¤W¿³¨½1¾F¤¤¿³¸ô88¸¹","121.265605","25.016453"
"®ç¶é¥«Äª¦Ë°Ï¤¤¿³¸ô¢¸¢¯¸¹¡]¢°¼Ó¡^","®ç¶é¥«Äª¦Ë°Ï¤W¿³¨½1¾F¤¤¿³¸ô90¸¹","121.265505","25.016299"
"®ç¶é¥«Äª¦Ë°Ï¤¤¿³¸ô92¸¹1¼Ó","®ç¶é¥«Äª¦Ë°Ï¤W¿³¨½1¾F¤¤¿³¸ô92¸¹","121.265395","25.016205"
"®ç¶é¥«Äª¦Ë°Ï¤¤¿³¸ô¤E¤»¸¹","®ç¶é¥«Äª¦Ë°Ï¤W¿³¨½1¾F¤¤¿³¸ô96¸¹","121.265295","25.016133"
"®ç¶é¥«Äª¦Ë°Ï¢²¾F«n®r¸ô¢±¬q¢³¢¯¢±«Ñ¢µ¸¹¡B¢·¸¹","®ç¶é¥«Äª¦Ë°Ïªø¿³¨½3¾F«n®r¸ô¤G¬q402«Ñ6¸¹","121.268520","25.062238"
"®ç¶é¥«Äª¦Ë°Ïªø¿³¸ô¥|¬q300¸¹1¼Ó","®ç¶é¥«Äª¦Ë°Ïªø¿³¨½2¾Fªø¿³¸ô¥|¬q16¤§2¸¹","121.272005","25.068705"
"®ç¶é¥«Äª¦Ë°Ïªø¿³¸ô¥|¬q¤T¤C¸¹","®ç¶é¥«Äª¦Ë°Ïªø¿³¨½3¾Fªø¿³¸ô¥|¬q289¤§1¸¹","121.268069","25.064333"
"®ç¶é¥«Äª¦Ë°Ï«n¤u¸ô¢°¬q¢µ¢µ¡Ð¢±¸¹","®ç¶é¥«Äª¦Ë°Ïªø¿³¨½13¾F«n¤u¸ô¤@¬q66¤§2¸¹","121.280144","25.061212"
"®ç¶é¥«Äª¦Ë°Ï«n¤u¸ô¤@¬q¤@¤@¤§¤@¸¹","®ç¶é¥«Äª¦Ë°Ïªø¿³¨½12¾F«n¤u¸ô¤@¬q2¤§1¸¹","121.278096","25.057899"
"®ç¶é¥«Äª¦Ë°Ï«n¤u¸ô¤@¬q¤K¤§¤T¸¹","®ç¶é¥«Äª¦Ë°Ïªø¿³¨½12¾F«n¤u¸ô¤@¬q2¤§1¸¹","121.278096","25.057899"
"®ç¶é¥«Äª¦Ë°Ï«n¤u¸ô¤@¬q¤»¤»¤§¤@¸¹","®ç¶é¥«Äª¦Ë°Ïªø¿³¨½12¾F«n¤u¸ô¤@¬q2¤§1¸¹","121.278096","25.057899"
"®ç¶é¥«Äª¦Ë°Ï«n¤u¸ô¤@¬q¤»¤»¸¹","®ç¶é¥«Äª¦Ë°Ïªø¿³¨½13¾F«n¤u¸ô¤@¬q66¸¹","121.279978","25.061273"
"®ç¶é¥«Äª¦Ë°Ï«n¤u¸ô¤@¬q«n¤u«Ñ¤E¸¹","®ç¶é¥«Äª¦Ë°Ïªø¿³¨½13¾F«n¤u¸ô¤@¬q«n¤u«Ñ9¸¹","121.278789","25.058309"
"®ç¶é¥«Äª¦Ë°Ï«n¤u¸ô¤@¬q«n¤u«Ñ¤­¸¹","®ç¶é¥«Äª¦Ë°Ïªø¿³¨½13¾F«n¤u¸ô¤@¬q«n¤u«Ñ5¸¹","121.278669","25.058358"
"®ç¶é¥«Äª¦Ë°Ï«n¤u¸ô¤»¤K«Ñ¤@¤»¸¹","®ç¶é¥«Äª¦Ë°ÏÄª¦Ë¨½26¾F«n¤u¸ô68«Ñ16¸¹","121.271166","25.053026"
"®ç¶é¥«Äª¦Ë°Ï«n®r¸ô1¬q231«Ñ34§Ë4¡B6¸¹","®ç¶é¥«Äª¦Ë°ÏÀA¤¤¨½1¾F«n®r¸ô¤@¬q231«Ñ34§Ë2¸¹","121.283813","25.051878"
"®ç¶é¥«Äª¦Ë°Ï«n®r¸ô¢°¬q¢±¢²¢°«Ñ¢²¢³§Ë¢´¡B¢¶¸¹","®ç¶é¥«Äª¦Ë°ÏÀA¤¤¨½1¾F«n®r¸ô¤@¬q231«Ñ34§Ë5¸¹","121.283789","25.051693"
"®ç¶é¥«Äª¦Ë°Ï«n®r¸ô¢°¬q¢±¢¶¢´¸¹","®ç¶é¥«Äª¦Ë°ÏÀA¤¤¨½5¾F«n®r¸ô¤@¬q45¤§1¸¹","121.289198","25.050775"
"®ç¶é¥«Äª¦Ë°Ï«n®r¸ô1¬q277¸¹","®ç¶é¥«Äª¦Ë°ÏÀA¤¤¨½1¾F«n®r¸ô¤@¬q277¸¹","121.283068","25.053283"
"®ç¶é¥«Äª¦Ë°Ï«n®r¸ô¢±¬q¢²¢´¢´¸¹","®ç¶é¥«Äª¦Ë°Ïªø¿³¨½5¾F«n®r¸ô¤G¬q355¸¹","121.269538","25.060812"
"®ç¶é¥«Äª¦Ë°Ï«n®r¸ô¢±¬q¢²¢¸¢¯¸¹","®ç¶é¥«Äª¦Ë°Ïªø¿³¨½5¾F«n®r¸ô¤G¬q390¸¹","121.269206","25.061806"
"®ç¶é¥«Äª¦Ë°Ï«n®r¸ô¢±¬q¢µ¢µ¸¹¢²¼Ó¤§¢±","®ç¶é¥«Äª¦Ë°Ïªø¿³¨½13¾F«n®r¸ô¤G¬q66¸¹","121.278779","25.057443"
"®ç¶é¥«Äª¦Ë°Ï«n®r¸ô¢±¬q¢¶¢°¸¹","®ç¶é¥«Äª¦Ë°Ïªø¿³¨½11¾F«n®r¸ô¤G¬q71¸¹","121.278641","25.056937"
"®ç¶é¥«Äª¦Ë°Ï«n®r¸ô¢±¬q¢¸¸¹¢²¼Ó¤§¢¸","®ç¶é¥«Äª¦Ë°Ïªø¿³¨½11¾F«n®r¸ô¤G¬q9¸¹","121.279955","25.056286"
"®ç¶é¥«Äª¦Ë°Ï«n®r¸ô¢±¬q¢¸¸¹¢³¼Ó¤§¢¶","®ç¶é¥«Äª¦Ë°Ïªø¿³¨½11¾F«n®r¸ô¤G¬q9¸¹","121.279955","25.056286"
"®ç¶é¥«Äª¦Ë°Ï«n®r¸ô¤@¬q231«Ñ23¸¹","®ç¶é¥«Äª¦Ë°ÏÀA¤¤¨½1¾F«n®r¸ô¤@¬q231«Ñ23¸¹","121.284336","25.052460"
"®ç¶é¥«Äª¦Ë°Ï«n®r¸ô¤@¬q¢±¢²¢°«Ñ¢³¢´¡B¢³¢¶¸¹","®ç¶é¥«Äª¦Ë°ÏÀA¤¤¨½1¾F«n®r¸ô¤@¬q231«Ñ9¸¹","121.284482","25.052951"
"®ç¶é¥«Äª¦Ë°Ï«n®r¸ô¤@¬q307¸¹","®ç¶é¥«Äª¦Ë°ÏÀA¤¤¨½1¾F«n®r¸ô¤@¬q307¸¹","121.283346","25.054078"
"®ç¶é¥«Äª¦Ë°Ï«n®r¸ô¤@¬q99¸¹6¼Ó¤§1","®ç¶é¥«Äª¦Ë°ÏÀA¤¤¨½5¾F«n®r¸ô¤@¬q99¸¹","121.288046","25.051472"
"®ç¶é¥«Äª¦Ë°Ï«n®r¸ô¤@¬q¤G¤T¤@«Ñ¤@¤C¸¹","®ç¶é¥«Äª¦Ë°ÏÀA¤¤¨½1¾F«n®r¸ô¤@¬q231«Ñ17¸¹","121.284365","25.052653"
"®ç¶é¥«Äª¦Ë°Ï«n®r¸ô¤@¬q¤G¤T¤@«Ñ¤@¤E¸¹","®ç¶é¥«Äª¦Ë°ÏÀA¤¤¨½1¾F«n®r¸ô¤@¬q231«Ñ19¸¹","121.284363","25.052586"
"®ç¶é¥«Äª¦Ë°Ï«n®r¸ô¤@¬q¤G¤T¤@«Ñ¤@¤T¸¹","®ç¶é¥«Äª¦Ë°ÏÀA¤¤¨½1¾F«n®r¸ô¤@¬q231«Ñ13¸¹","121.284395","25.052783"
"®ç¶é¥«Äª¦Ë°Ï«n®r¸ô¤@¬q¤G¤T¤@«Ñ¤@¤T¸¹¤G¡B¤T¼Ó","®ç¶é¥«Äª¦Ë°ÏÀA¤¤¨½1¾F«n®r¸ô¤@¬q231«Ñ13¸¹","121.284395","25.052783"
"®ç¶é¥«Äª¦Ë°Ï«n®r¸ô¤@¬q¤G¤T¤@«Ñ¤E¸¹","®ç¶é¥«Äª¦Ë°ÏÀA¤¤¨½1¾F«n®r¸ô¤@¬q231«Ñ9¸¹","121.284482","25.052951"
"®ç¶é¥«Äª¦Ë°Ï«n®r¸ô¤@¬q¤G¤T¤@«Ñ¤G¤@¸¹","®ç¶é¥«Äª¦Ë°ÏÀA¤¤¨½1¾F«n®r¸ô¤@¬q231«Ñ21¸¹","121.284348","25.052526"
"®ç¶é¥«Äª¦Ë°Ï«n®r¸ô¤@¬q¤G¤T¤@«Ñ¤G¤»¸¹","®ç¶é¥«Äª¦Ë°ÏÀA¤¤¨½1¾F«n®r¸ô¤@¬q231«Ñ26¸¹","121.284042","25.052064"
"®ç¶é¥«Äª¦Ë°Ï«n®r¸ô¤@¬q¤G¤T¤@«Ñ¤K¸¹","®ç¶é¥«Äª¦Ë°ÏÀA¤¤¨½1¾F«n®r¸ô¤@¬q231«Ñ8¸¹","121.284117","25.052719"
"®ç¶é¥«Äª¦Ë°Ï«n®r¸ô¤@¬q¤G¤T¤@«Ñ¤T¡³¸¹","®ç¶é¥«Äª¦Ë°ÏÀA¤¤¨½1¾F«n®r¸ô¤@¬q231«Ñ2¸¹","121.284120","25.052956"
"®ç¶é¥«Äª¦Ë°Ï«n®r¸ô¤@¬q¤G¤T¤@«Ñ¤T¤K¸¹","®ç¶é¥«Äª¦Ë°ÏÀA¤¤¨½1¾F«n®r¸ô¤@¬q231«Ñ38¸¹","121.284046","25.051625"
"®ç¶é¥«Äª¦Ë°Ï«n®r¸ô¤@¬q¤G¤T¤@«Ñ¤T¤­¸¹","®ç¶é¥«Äª¦Ë°ÏÀA¤¤¨½1¾F«n®r¸ô¤@¬q231«Ñ35¸¹","121.284277","25.052057"
"®ç¶é¥«Äª¦Ë°Ï«n®r¸ô¤@¬q¤G¤T¤@«Ñ¥|¤G¸¹","®ç¶é¥«Äª¦Ë°ÏÀA¤¤¨½1¾F«n®r¸ô¤@¬q231«Ñ42¸¹","121.284036","25.051481"
"®ç¶é¥«Äª¦Ë°Ï«n®r¸ô¤@¬q¤T¡³¤­¸¹","®ç¶é¥«Äª¦Ë°ÏÀA¤¤¨½5¾F«n®r¸ô¤@¬q45¤§1¸¹","121.289198","25.050775"
"®ç¶é¥«Äª¦Ë°Ï«n®r¸ô¤G¬q100¸¹","®ç¶é¥«Äª¦Ë°Ïªø¿³¨½9¾F«n®r¸ô¤G¬q100¸¹","121.277774","25.057976"
"®ç¶é¥«Äª¦Ë°Ï«n®r¸ô¤G¬q66¸¹2¼Ó¤§3","®ç¶é¥«Äª¦Ë°Ïªø¿³¨½13¾F«n®r¸ô¤G¬q66¸¹","121.278779","25.057443"
"®ç¶é¥«Äª¦Ë°Ï«n®r¸ô¤G¬q66¸¹3¼Ó¤§1","®ç¶é¥«Äª¦Ë°Ïªø¿³¨½13¾F«n®r¸ô¤G¬q66¸¹","121.278779","25.057443"
"®ç¶é¥«Äª¦Ë°Ï«n®r¸ô¤G¬q66¸¹¤»¼Ó¤§1","®ç¶é¥«Äª¦Ë°Ïªø¿³¨½13¾F«n®r¸ô¤G¬q66¸¹","121.278779","25.057443"
"®ç¶é¥«Äª¦Ë°Ï«n®r¸ô¤G¬q9¸¹3¼Ó¤§7","®ç¶é¥«Äª¦Ë°Ïªø¿³¨½11¾F«n®r¸ô¤G¬q9¸¹","121.279955","25.056286"
"®ç¶é¥«Äª¦Ë°Ï«n®r¸ô¤G¬q¤E¸¹¤K¼Ó¤§¤@¥|","®ç¶é¥«Äª¦Ë°Ïªø¿³¨½11¾F«n®r¸ô¤G¬q9¸¹","121.279955","25.056286"
"®ç¶é¥«Äª¦Ë°Ï«n®r¸ô¤G¬q¤E¸¹¤­¼Ó¤§¤@","®ç¶é¥«Äª¦Ë°Ïªø¿³¨½11¾F«n®r¸ô¤G¬q9¸¹","121.279955","25.056286"
"®ç¶é¥«Äª¦Ë°Ï«n®r¸ô¤G¬q¤E¸¹¤­¼Ó¤§¤K","®ç¶é¥«Äª¦Ë°Ïªø¿³¨½11¾F«n®r¸ô¤G¬q9¸¹","121.279955","25.056286"
"®ç¶é¥«Äª¦Ë°Ï«n®r¸ô¤G¬q¤G¡³¤@«Ñ¤C¸¹¤@¼Ó","®ç¶é¥«Äª¦Ë°Ïªø¿³¨½11¾F«n®r¸ô¤G¬q7¸¹","121.279990","25.056265"
"®ç¶é¥«Äª¦Ë°Ï«n®r¸ô¤G¬q¤G¤C¤C«Ñ¤»¸¹¤@¼Ó","®ç¶é¥«Äª¦Ë°Ïªø¿³¨½15¾F«n®r¸ô¤G¬q277«Ñ6¸¹","121.271510","25.059887"
"®ç¶é¥«Äª¦Ë°Ï«n®r¸ô¤G¬q¤K¤K¸¹","®ç¶é¥«Äª¦Ë°Ïªø¿³¨½12¾F«n®r¸ô¤G¬q88¸¹","121.278373","25.057730"
"®ç¶é¥«Äª¦Ë°Ï«n®r¸ô¤G¬q¤T¤K¤C¸¹","®ç¶é¥«Äª¦Ë°Ïªø¿³¨½5¾F«n®r¸ô¤G¬q387¸¹","121.269125","25.061175"
"®ç¶é¥«Äª¦Ë°Ï«n®r¸ô¤G¬q¤T¤K¸¹","®ç¶é¥«Äª¦Ë°Ïªø¿³¨½11¾F«n®r¸ô¤G¬q38¸¹","121.279728","25.057005"
"®ç¶é¥«Äª¦Ë°Ï«n®r¸ô¤G¬q¥|¤G«Ñ¤G¸¹","®ç¶é¥«Äª¦Ë°Ïªø¿³¨½11¾F«n®r¸ô¤G¬q42«Ñ2¸¹","121.279542","25.057253"
"®ç¶é¥«Äª¦Ë°Ï¿³¶©µó¢³¢±¸¹","®ç¶é¥«Äª¦Ë°Ïªø¿³¨½13¾F¿³¶©µó42¸¹","121.281351","25.058979"
"®ç¶é¥«Äª¦Ë°Ï¿³¶©µó¤G¤E¤§¤@¸¹","®ç¶é¥«Äª¦Ë°Ïªø¿³¨½13¾F¿³¶©µó29¤§1¸¹","121.280074","25.059651"
"®ç¶é¥«Äª¦Ë°Ï¿³¶©µó¥|¡³«Ñ¤@¥|¡B¤@¤»¸¹","®ç¶é¥«Äª¦Ë°Ïªø¿³¨½13¾F¿³¶©µó40«Ñ2¸¹","121.280469","25.059330"
"®ç¶é¥«Äª¦Ë°Ï¿³¶©µó¥|¡³«Ñ¤E¸¹","®ç¶é¥«Äª¦Ë°Ïªø¿³¨½13¾F¿³¶©µó40«Ñ9¸¹","121.280912","25.058716"
"®ç¶é¥«Äª¦Ë°Ï¿³¶©µó¥|¤Q«Ñ¤@¤­¸¹","®ç¶é¥«Äª¦Ë°Ïªø¿³¨½13¾F¿³¶©µó40«Ñ15¸¹","121.280959","25.058509"
"®ç¶é¥«Äª¦Ë°ÏÀA¶¶µó47-6¸¹1¼Ó","®ç¶é¥«Äª¦Ë°ÏÀA¤¤¨½3¾FÀA¶¶µó47¤§6¸¹","121.285091","25.051022"
"®ç¶é¥«Äª¦Ë°ÏÀA¶¶µó¤G¤T¸¹","®ç¶é¥«Äª¦Ë°ÏÀA¤¤¨½3¾FÀA¶¶µó23¸¹","121.286442","25.051229"
"®ç¶é¥«Äª¦Ë°ÏÀA¶¶µó¥|¤C¤§¤@¡³¸¹","®ç¶é¥«Äª¦Ë°ÏÀA¤¤¨½3¾FÀA¶¶µó47¤§10¸¹","121.284676","25.051227"
"®ç¶é¥«Äª¦Ë°ÏÀA¶¶µó¥|¤C¤§¤@¤@¸¹","®ç¶é¥«Äª¦Ë°ÏÀA¤¤¨½3¾FÀA¶¶µó47¤§1¸¹","121.287366","25.050805"
"®ç¶é¥«Äª¦Ë°ÏÀA¶¶µó¥|¤C¤§¤@¤G¸¹","®ç¶é¥«Äª¦Ë°ÏÀA¤¤¨½3¾FÀA¶¶µó47¤§1¸¹","121.287366","25.050805"
"®ç¶é¥«Äª¦Ë°ÏÀA¶¶µó¥|¤C¤§¤C¸¹¤G¡B¤T¼Ó","®ç¶é¥«Äª¦Ë°ÏÀA¤¤¨½3¾FÀA¶¶µó47¤§1¸¹","121.287366","25.050805"
"®ç¶é¥«Äª¦Ë°ÏÀA¶¶µó¥|¤C¤§¤E¸¹","®ç¶é¥«Äª¦Ë°ÏÀA¤¤¨½3¾FÀA¶¶µó47¤§1¸¹","121.287366","25.050805"
"®ç¶é¥«Äª¦Ë°ÏÀA¶¶µó¥|¤C¤§¤G¸¹","®ç¶é¥«Äª¦Ë°ÏÀA¤¤¨½3¾FÀA¶¶µó47¤§1¸¹","121.287366","25.050805"
"®ç¶é¥«Äª¦Ë°ÏÀA¶¶µó¥|¤K¤§¤@¤G¸¹","®ç¶é¥«Äª¦Ë°ÏÀA¤¤¨½3¾FÀA¶¶µó47¤§1¸¹","121.287366","25.050805"
"®ç¶é¥«Äª¦Ë°ÏÀA¶¶µó¥|¤K¤§¤K¸¹","®ç¶é¥«Äª¦Ë°ÏÀA¤¤¨½3¾FÀA¶¶µó47¤§1¸¹","121.287366","25.050805"
"®ç¶é¥«Äª¦Ë°ÏÀA¶¶µó¥|¤»¸¹","®ç¶é¥«Äª¦Ë°ÏÀA¤¤¨½3¾FÀA¶¶µó46¸¹","121.285956","25.051701"
"®ç¶é¥«Äª¦Ë°ÏÀA¶¶¸ô¤T¤T¸¹","®ç¶é¥«Äª¦Ë°ÏÀA¤¤¨½3¾FÀA¶¶µó33¸¹","121.286228","25.051268"
"®ç¶é¥«Æ[­µ°Ï§Ö³t¸ô¤K¬q770«Ñ36¸¹","®ç¶é¥«Æ[­µ°Ï·s¿³¨½3¾F§Ö³t¸ô¤E¬q521«Ñ236¸¹","121.085076","25.005639"
"®ç¶é¥«Æ[­µ°Ï¸g«Ø¤G¸ô¤G¤K¸¹","®ç¶é¥«Æ[­µ°Ï¾ðªL¨½15¾F¸g«Ø¤G¸ô28¸¹","121.122095","25.057340"
"®ç¶é¥«Æ[­µ°Ï¤u·~¤C¸ô¤@¸¹","®ç¶é¥«Æ[­µ°Ï¾ðªL¨½15¾F¤u·~¤C¸ô1¸¹","121.109182","25.046786"
"®ç¶é¥«Æ[­µ°Ï¤¤¤s¸ô¢±¬q¢¶¢·¸¹","®ç¶é¥«Æ[­µ°Ï¤j¦P¨½1¾F¤¤¤s¸ô¤G¬q200¤§1¸¹","121.125944","25.017205"
"®ç¶é¥«Æ[­µ°Ï¤u·~¤K¸ô1¸¹","®ç¶é¥«Æ[­µ°Ï´IªL¨½12¾F¤u·~¤K¸ô1¸¹","121.111138","25.045121"
"®ç¶é¥«Æ[­µ°Ïºa¤u¥_¸ô¢°¢°¸¹","®ç¶é¥«Æ[­µ°Ï¯óºª¨½13¾Fºa¤u¥_¸ô11¸¹","121.129874","25.057423"
