id,Address,Response_Address,Response_X,Response_Y
1,®ç¶é¥«¤K¼w°Ïºa¿³¸ô¢²¢¸¤§¢°¸¹,®ç¶é¥«¤K¼w°Ï¤j¦Ë¨½1¾Fºa¿³¸ô39¤§1¸¹,121.311603,24.954934
2,®ç¶é¥«¤K¼w°Ïºa¿³¸ô¢¶¢²«Ñ¢±¢°¸¹,®ç¶é¥«¤K¼w°Ï¤j¦Ë¨½14¾Fºa¿³¸ô73«Ñ21¸¹,121.311837,24.953940
3,®ç¶é¥«¤K¼w°Ïºa¿³¸ô¢¶¢²«Ñ¢±¢³¸¹¢²¼Ó,®ç¶é¥«¤K¼w°Ï¤j¦Ë¨½14¾Fºa¿³¸ô73«Ñ24¸¹,121.312011,24.953663
4,®ç¶é¥«¤K¼w°Ïºa¿³¸ô73«Ñ27¸¹,®ç¶é¥«¤K¼w°Ï¤j¦Ë¨½14¾Fºa¿³¸ô73«Ñ27¸¹,121.312058,24.953896
5,®ç¶é¥«¤K¼w°Ïºa¿³¸ô¢¶¢²«Ñ¢²¢±¸¹,®ç¶é¥«¤K¼w°Ï¤j¦Ë¨½14¾Fºa¿³¸ô73«Ñ32¸¹,121.312238,24.953621
6,®ç¶é¥«¤K¼w°Ïºa¿³¸ô¤@¤­¸¹¤@¼Ó,®ç¶é¥«¤K¼w°Ï¤j¦Ë¨½1¾Fºa¿³¸ô15¸¹,121.311910,24.955847
7,®ç¶é¥«¤K¼w°Ïºa¿³¸ô¤C¤C¸¹,®ç¶é¥«¤K¼w°Ï¤j¦Ë¨½1¾Fºa¿³¸ô77¸¹,121.311246,24.953816
8,®ç¶é¥«¤K¼w°Ïºa¿³¸ô¤­¤@¸¹,®ç¶é¥«¤K¼w°Ï¤j¦Ë¨½1¾Fºa¿³¸ô51¸¹,121.311546,24.954717
9,®ç¶é¥«¤K¼w°Ïºa¿³¸ô¤»¤­¸¹,®ç¶é¥«¤K¼w°Ï¤j¦Ë¨½1¾Fºa¿³¸ô65¸¹,121.311419,24.954537
10,®ç¶é¥«¤K¼w°Ï¤j©úµó¤C¤T¸¹¤@¼Ó,®ç¶é¥«¤K¼w°Ï¤j§»¨½15¾F¤j©úµó73¸¹,121.297184,24.969019
11,®ç¶é¥«¤K¼w°Ï®ç¼w¸ô¤@¤@¤C¸¹,®ç¶é¥«¤K¼w°Ï¤j§»¨½7¾F®ç¼w¸ô117¸¹,121.294581,24.967968
12,®ç¶é¥«¤K¼w°Ï®ç¼w¸ô¤@¤C¥|¸¹,®ç¶é¥«¤K¼w°Ï¤j§»¨½14¾F®ç¼w¸ô174¸¹,121.295598,24.969532
13,®ç¶é¥«¤K¼w°Ï®ç¼w¸ô¤@¤K¤E¸¹,®ç¶é¥«¤K¼w°Ï¤j§»¨½14¾F®ç¼w¸ô189¸¹,121.295477,24.969753
14,®ç¶é¥«¤K¼w°Ï®ç¼w¸ô¤@¤K¤­¸¹,®ç¶é¥«¤K¼w°Ï¤j§»¨½14¾F®ç¼w¸ô185¸¹,121.295433,24.969674
15,®ç¶é¥«¤K¼w°Ï®ç¼w¸ô¤@¤K¥|«Ñ¤G¤K¸¹,®ç¶é¥«¤K¼w°Ï¤j§»¨½14¾F®ç¼w¸ô184«Ñ28¸¹,121.296417,24.969584
16,®ç¶é¥«¤K¼w°Ï®ç¼w¸ô¤»¥|¸¹,®ç¶é¥«¤K¼w°Ï¤j§»¨½1¾F®ç¼w¸ô64¸¹,121.294701,24.966635
17,®ç¶é¥«¤K¼w°Ï©M¦¨¸ô¢³¢¶¸¹,®ç¶é¥«¤K¼w°Ï¤jµo¨½18¾F©M¦¨¸ô47¸¹,121.323585,24.959907
18,®ç¶é¥«¤K¼w°Ï©M¦¨¸ô¤G¢¯¸¹,®ç¶é¥«¤K¼w°Ï¤jµo¨½18¾F©M¦¨¸ô20¸¹,121.322034,24.962052
19,®ç¶é¥«¤K¼w°Ï©M¦¨¸ô¥|¤T¸¹,®ç¶é¥«¤K¼w°Ï¤jµo¨½18¾F©M¦¨¸ô43¸¹,121.323394,24.960260
20,®ç¶é¥«¤K¼w°Ï«áÉÜµó¤@¤@¤T¸¹,®ç¶é¥«¤K¼w°Ï¤jµo¨½7¾F«áÉÜµó113¸¹,121.327451,24.958493
21,®ç¶é¥«¤K¼w°Ï«áÉÜµó¤E¡³«Ñ¤G¤G¸¹,®ç¶é¥«¤K¼w°Ï¤jµo¨½8¾F«áÉÜµó90«Ñ22¸¹,121.327294,24.957565
22,®ç¶é¥«¤K¼w°Ï«áÉÜµó¤G¤»«Ñ¤@¡³¸¹,®ç¶é¥«¤K¼w°Ï¤jµo¨½10¾F«áÉÜµó26«Ñ1¤§1¸¹,121.324619,24.956828
23,®ç¶é¥«¤K¼w°Ï«áÉÜµó¤G¤»«Ñ¤­¸¹,®ç¶é¥«¤K¼w°Ï¤jµo¨½10¾F«áÉÜµó26«Ñ5¸¹,121.324385,24.956449
24,®ç¶é¥«¤K¼w°Ï«áÉÜµó¤T¤T«Ñ¤@0¸¹,®ç¶é¥«¤K¼w°Ï¤jµo¨½5¾F«áÉÜµó33«Ñ10¸¹,121.324010,24.957353
25,®ç¶é¥«¤K¼w°Ï«áÉÜµó¤T¤T«Ñ¤E¸¹,®ç¶é¥«¤K¼w°Ï¤jµo¨½5¾F«áÉÜµó33«Ñ9¸¹,121.323634,24.957388
26,®ç¶é¥«¤K¼w°Ï´Iºaµó¤@¡³¸¹,®ç¶é¥«¤K¼w°Ï¤jµo¨½5¾F´Iºaµó50¤§1¸¹,121.320384,24.957525
27,®ç¶é¥«¤K¼w°ÏºÖ¼w¤@¸ô¢°¢¶¢¶«Ñ¢µ¢µ¸¹,®ç¶é¥«¤K¼w°Ï¤jµo¨½6¾FºÖ¼w¤@¸ô177«Ñ66¸¹,121.328378,24.964398
28,®ç¶é¥«¤K¼w°ÏºÖ¼w¤@¸ô¤»¤G«Ñ¥|¤G¸¹,®ç¶é¥«¤K¼w°Ï¤j©ú¨½16¾FºÖ¼w¤@¸ô62«Ñ42¸¹,121.327876,24.966579
29,®ç¶é¥«¤K¼w°Ï¤j¿³¸ô¤­¤­¤K¸¹,®ç¶é¥«¤K¼w°Ï¤j¶¶¨½26¾F¤j¿³¸ô558¸¹,121.301304,24.945193
30,®ç¶é¥«¤K¼w°Ï¤O¦æ¸ô¤­¢¯«Ñ¤E§Ë¤G¸¹,§ä¤£¨ì«ü©wªºªùµP¦a§}¡C,,
31,®ç¶é¥«¤K¼w°Ï­«¼yµó¢°¢¸¢·«Ñ¢°¢´¢²¸¹¢°¼Ó¤Î¢°¢´¢´¸¹¢°¼Ó,§ä¤£¨ì«ü©wªºªùµP¦a§}¡C,,
32,®ç¶é¥«¤K¼w°Ïºa¿³¸ô533«Ñ60¸¹1¼Ó,®ç¶é¥«¤K¼w°Ï¤j¿³¨½20¾Fºa¿³¸ô533«Ñ60¸¹,121.309639,24.944959
33,®ç¶é¥«¤K¼w°ÏÁp©ú¤@µó9¸¹,®ç¶é¥«¤K¼w°Ï­XÐ¤¨½11¾FÁp©ú¤@µó9¸¹,121.277797,24.969355
34,®ç¶é¥«¤K¼w°Ï¢°¢·¾F¥Ã¿³µó¢´¢´¸¹,®ç¶é¥«¤K¼w°Ï¥ÃÂ×¨½9¾F¥Ã¿³µó55¸¹,121.274869,24.976100
35,®ç¶é¥«¤K¼w°Ï¤¤µØ¸ô¤G¡³¡³¸¹,®ç¶é¥«¤K¼w°Ï­X©ú¨½1¾F¤¤µØ¸ô85¤§1¸¹,121.280775,24.985487
36,®ç¶é¥«¤K¼w°Ï¥Ã¿³µó¢°¢´¸¹¢°¼Ó,®ç¶é¥«¤K¼w°Ï¥ÃÂ×¨½9¾F¥Ã¿³µó15¸¹,121.275304,24.974614
37,®ç¶é¥«¤K¼w°Ï¥Ã¿³µó18¤§1¸¹1¼Ó,®ç¶é¥«¤K¼w°Ï¥ÃÂ×¨½9¾F¥Ã¿³µó18¤§1¸¹,121.275436,24.975012
38,®ç¶é¥«¤K¼w°Ï¥Ã¿³µó¢°¢·¸¹,®ç¶é¥«¤K¼w°Ï¥ÃÂ×¨½9¾F¥Ã¿³µó18¤§2¸¹,121.275641,24.975056
39,®ç¶é¥«¤K¼w°Ï¥Ã¿³µó¢²¢³¸¹,®ç¶é¥«¤K¼w°Ï¥ÃÂ×¨½9¾F¥Ã¿³µó34¸¹,121.275320,24.975694
40,®ç¶é¥«¤K¼w°Ï¥Ã¿³µó¢²¢¶«Ñ¢±¢±§Ë¢°¢µ¸¹,®ç¶é¥«¤K¼w°Ï¥ÃÂ×¨½9¾F¥Ã¿³µó37«Ñ22§Ë16¸¹,121.274618,24.975902
41,®ç¶é¥«¤K¼w°Ï¥Ã¿³µó¢²¢¶«Ñ¢±¢±§Ë¢°¸¹,®ç¶é¥«¤K¼w°Ï¥ÃÂ×¨½9¾F¥Ã¿³µó37«Ñ22§Ë1¸¹,121.274534,24.975530
42,®ç¶é¥«¤K¼w°Ï¥Ã¿³µó37«Ñ22§Ë2¡B4¸¹,®ç¶é¥«¤K¼w°Ï¥ÃÂ×¨½9¾F¥Ã¿³µó37«Ñ22§Ë2¸¹,121.274707,24.975570
43,®ç¶é¥«¤K¼w°Ï¥Ã¿³µó¢²¢¶«Ñ¢´¸¹¢°¼Ó,®ç¶é¥«¤K¼w°Ï¥ÃÂ×¨½9¾F¥Ã¿³µó37«Ñ5¸¹,121.274713,24.975423
44,®ç¶é¥«¤K¼w°Ï¥Ã¿³µó¢²¢·¸¹,®ç¶é¥«¤K¼w°Ï¥ÃÂ×¨½9¾F¥Ã¿³µó38¸¹,121.275149,24.976038
45,®ç¶é¥«¤K¼w°Ï¥Ã¿³µó¤@¤K¤§¤G¡B¤@¤K¤§¤T¸¹,®ç¶é¥«¤K¼w°Ï¥ÃÂ×¨½9¾F¥Ã¿³µó15¤§1¸¹,121.275286,24.974685
46,®ç¶é¥«¤K¼w°Ï¥Ã¿³µó¤@¤K¤§¤­¸¹,®ç¶é¥«¤K¼w°Ï¥ÃÂ×¨½9¾F¥Ã¿³µó15¤§1¸¹,121.275286,24.974685
47,®ç¶é¥«¤K¼w°Ï¥Ã¿³µó¤@¤K¤§¤»¸¹,®ç¶é¥«¤K¼w°Ï¥ÃÂ×¨½9¾F¥Ã¿³µó15¤§1¸¹,121.275286,24.974685
48,®ç¶é¥«¤K¼w°Ï¥Ã¿³µó¤@¥|¸¹,®ç¶é¥«¤K¼w°Ï¥ÃÂ×¨½9¾F¥Ã¿³µó14¸¹,121.275497,24.974762
49,®ç¶é¥«¤K¼w°Ï¥Ã¿³µó¤@¸¹,®ç¶é¥«¤K¼w°Ï¥ÃÂ×¨½9¾F¥Ã¿³µó1¸¹,121.275355,24.974407
50,®ç¶é¥«¤K¼w°Ï¥Ã¿³µó¤K¸¹¤@¼Ó,®ç¶é¥«¤K¼w°Ï¥ÃÂ×¨½9¾F¥Ã¿³µó8¸¹,121.275612,24.974562
51,®ç¶é¥«¤K¼w°Ï¥Ã¿³µó¤T¤C«Ñ¤@¸¹,®ç¶é¥«¤K¼w°Ï¥ÃÂ×¨½9¾F¥Ã¿³µó37«Ñ1¸¹,121.274849,24.975463
52,®ç¶é¥«¤K¼w°Ï¥Ã¿³µó¤T¤C«Ñ¤C¡B¤E¡B¤@¤@¸¹,®ç¶é¥«¤K¼w°Ï¥ÃÂ×¨½9¾F¥Ã¿³µó37«Ñ1¸¹,121.274849,24.975463
53,®ç¶é¥«¤K¼w°Ï¥Ã¿³µó¤T¤C«Ñ¤G¤G§Ë¤@¤G¸¹,®ç¶é¥«¤K¼w°Ï¥ÃÂ×¨½9¾F¥Ã¿³µó37«Ñ22§Ë12¸¹,121.274651,24.975771
54,®ç¶é¥«¤K¼w°Ï¥Ã¿³µó¤T¤C«Ñ¤G¤G§Ë¤E¸¹,®ç¶é¥«¤K¼w°Ï¥ÃÂ×¨½9¾F¥Ã¿³µó37«Ñ22§Ë9¸¹,121.274430,24.975779
55,®ç¶é¥«¤K¼w°Ï¥Ã¿³µó¤T¤C«Ñ¤G¤G§Ë¤K¸¹,®ç¶é¥«¤K¼w°Ï¥ÃÂ×¨½9¾F¥Ã¿³µó37«Ñ22§Ë8¸¹,121.274662,24.975729
56,®ç¶é¥«¤K¼w°Ï¥Ã¿³µó¤T¤C«Ñ¤G¤G§Ë¤T¸¹,®ç¶é¥«¤K¼w°Ï¥ÃÂ×¨½9¾F¥Ã¿³µó37«Ñ22§Ë3¸¹,121.274504,24.975599
57,®ç¶é¥«¤K¼w°Ï¥Ã¿³µó¤T¤E¸¹,®ç¶é¥«¤K¼w°Ï¥ÃÂ×¨½9¾F¥Ã¿³µó39¸¹,121.275030,24.975668
58,®ç¶é¥«¤K¼w°Ï¥Ã¿³µó¤T¤G«Ñ¤G¸¹,®ç¶é¥«¤K¼w°Ï¥ÃÂ×¨½9¾F¥Ã¿³µó32«Ñ2¸¹,121.275395,24.975475
59,®ç¶é¥«¤K¼w°Ï¥Ã¿³µó¤T¤G«Ñ¤K¸¹,®ç¶é¥«¤K¼w°Ï¥ÃÂ×¨½9¾F¥Ã¿³µó32«Ñ8¸¹,121.275491,24.975489
60,®ç¶é¥«¤K¼w°Ï¥Ã¿³µó¤T¤»¸¹,®ç¶é¥«¤K¼w°Ï¥ÃÂ×¨½9¾F¥Ã¿³µó36¸¹,121.275232,24.975903
61,®ç¶é¥«¤K¼w°Ï¥Ã¿³µó¤T¥|¤§¤@¸¹,®ç¶é¥«¤K¼w°Ï¥ÃÂ×¨½9¾F¥Ã¿³µó15¤§1¸¹,121.275286,24.974685
62,®ç¶é¥«¤K¼w°Ï¥Ã¿³µó¥|¤@¸¹,®ç¶é¥«¤K¼w°Ï¥ÃÂ×¨½9¾F¥Ã¿³µó41¸¹,121.275033,24.975720
63,®ç¶é¥«¤K¼w°Ï¥Ã¿³µó¥|¤T¡B¥|¤­¸¹,®ç¶é¥«¤K¼w°Ï¥ÃÂ×¨½9¾F¥Ã¿³µó15¤§1¸¹,121.275286,24.974685
64,®ç¶é¥«¤K¼w°Ï©¾¶Ôµó¤T¤T¤§¤G¸¹¤@¼Ó,®ç¶é¥«¤K¼w°Ï¥ÃÂ×¨½7¾F©¾¶Ôµó33¤§1¸¹,121.271895,24.970148
65,®ç¶é¥«¤K¼w°Ï°ª«°¤Eµó¢±¢²¸¹,®ç¶é¥«¤K¼w°Ï°ª©ú¨½31¾F°ª«°¤Eµó23¸¹,121.276937,24.975837
66,®ç¶é¥«¤K¼w°Ï°ª«°¸ô221¸¹1¼Ó,®ç¶é¥«¤K¼w°Ï°ª©ú¨½31¾F°ª«°¸ô221¸¹,121.275980,24.974295
67,®ç¶é¥«¤K¼w°Ï°êÁpµó¤@¤K¸¹,®ç¶é¥«¤K¼w°Ï¥ÃÂ×¨½11¾F°êÁpµó18¸¹,121.274813,24.973059
68,®ç¶é¥«¤K¼w°Ï°êÁpµó¤G¤G«Ñ¤@¤E¸¹,®ç¶é¥«¤K¼w°Ï¥ÃÂ×¨½11¾F°êÁpµó22«Ñ19¸¹,121.275325,24.972878
69,®ç¶é¥«¤K¼w°Ï°êÁpµó¤»¤@¸¹,®ç¶é¥«¤K¼w°Ï¥ÃÂ×¨½12¾F°êÁpµó61¸¹,121.275808,24.973271
70,®ç¶é¥«¤K¼w°ÏµØ±dµó¢±¢¯¢³¡Ð¢°¸¹,®ç¶é¥«¤K¼w°Ï¥ÃÂ×¨½14¾FµØ±dµó204¤§1¸¹,121.269401,24.970362
71,®ç¶é¥«¤K¼w°ÏµØ±dµó¢±¢¯¢¶«Ñ¢°¢²¸¹,®ç¶é¥«¤K¼w°Ï¥ÃÂ×¨½14¾FµØ±dµó207«Ñ13¸¹,121.270058,24.970397
72,®ç¶é¥«¤K¼w°ÏµØ±dµó¢±¢¯¢¶«Ñ¢°¢´¸¹,®ç¶é¥«¤K¼w°Ï¥ÃÂ×¨½14¾FµØ±dµó207«Ñ15¸¹,121.270149,24.970422
73,®ç¶é¥«¤K¼w°ÏµØ±dµó¢±¢¯¢¶«Ñ¢°¢·¸¹,®ç¶é¥«¤K¼w°Ï¥ÃÂ×¨½14¾FµØ±dµó207«Ñ18¸¹,121.270209,24.970211
74,®ç¶é¥«¤K¼w°ÏµØ±dµó¢±¢¯¢¶«Ñ¢±¢±§Ë¢°¢¶¸¹,®ç¶é¥«¤K¼w°Ï¥ÃÂ×¨½14¾FµØ±dµó207«Ñ22§Ë17¸¹,121.270854,24.970029
75,®ç¶é¥«¤K¼w°ÏµØ±dµó¢±¢¯¢¶«Ñ¢±¢±§Ë¢±¢°¸¹,®ç¶é¥«¤K¼w°Ï¥ÃÂ×¨½14¾FµØ±dµó207«Ñ22§Ë21¸¹,121.270870,24.969651
76,®ç¶é¥«¤K¼w°ÏµØ±dµó207«Ñ22§Ë26¤§2¸¹,®ç¶é¥«¤K¼w°Ï¥ÃÂ×¨½14¾FµØ±dµó207«Ñ22§Ë26¤§2¸¹,121.270524,24.970005
77,®ç¶é¥«¤K¼w°ÏµØ±dµó207«Ñ22§Ë28¸¹,®ç¶é¥«¤K¼w°Ï¥ÃÂ×¨½14¾FµØ±dµó207«Ñ22§Ë28¸¹,121.270614,24.969732
78,®ç¶é¥«¤K¼w°ÏµØ±dµó207«Ñ22§Ë28¸¹1¼Ó,®ç¶é¥«¤K¼w°Ï¥ÃÂ×¨½14¾FµØ±dµó207«Ñ22§Ë28¸¹,121.270614,24.969732
79,®ç¶é¥«¤K¼w°ÏµØ±dµó207«Ñ22§Ë31¸¹,®ç¶é¥«¤K¼w°Ï¥ÃÂ×¨½14¾FµØ±dµó207«Ñ22§Ë31¸¹,121.270880,24.969476
80,®ç¶é¥«¤K¼w°ÏµØ±dµó¢±¢¯¢¶«Ñ¢±¢±§Ë¢²¢´¸¹¢°¼Ó,®ç¶é¥«¤K¼w°Ï¥ÃÂ×¨½14¾FµØ±dµó207«Ñ22§Ë35¸¹,121.270897,24.969338
81,®ç¶é¥«¤K¼w°ÏµØ±dµó207«Ñ23¸¹,®ç¶é¥«¤K¼w°Ï¥ÃÂ×¨½14¾FµØ±dµó207«Ñ23¸¹,121.270882,24.970338
82,®ç¶é¥«¤K¼w°ÏµØ±dµó¢±¢¯¢¸¸¹,®ç¶é¥«¤K¼w°Ï¥ÃÂ×¨½14¾FµØ±dµó209¸¹,121.269683,24.970213
83,®ç¶é¥«¤K¼w°ÏµØ±dµó248¡B248-2¸¹,®ç¶é¥«¤K¼w°Ï¥ÃÂ×¨½14¾FµØ±dµó200¤§1¸¹,121.269399,24.970410
84,®ç¶é¥«¤K¼w°ÏµØ±dµó¢±¢³¢¸«Ñ¢±¢³¸¹¢°¼Ó,®ç¶é¥«¤K¼w°Ï¥ÃÂ×¨½14¾FµØ±dµó249«Ñ24¸¹,121.270615,24.969048
85,®ç¶é¥«¤K¼w°ÏµØ±dµó272¸¹,®ç¶é¥«¤K¼w°Ï¥ÃÂ×¨½14¾FµØ±dµó272¸¹,121.269456,24.968622
86,®ç¶é¥«¤K¼w°ÏµØ±dµó¢±¢¶¢±¸¹,®ç¶é¥«¤K¼w°Ï¥ÃÂ×¨½14¾FµØ±dµó272¸¹,121.269456,24.968622
87,®ç¶é¥«¤K¼w°ÏµØ±dµó¤G¡³¤@¸¹¤@¼Ó,®ç¶é¥«¤K¼w°Ï¥ÃÂ×¨½14¾FµØ±dµó200¤§1¸¹,121.269399,24.970410
88,®ç¶é¥«¤K¼w°ÏµØ±dµó¤G¡³¤C«Ñ¤@¤@¸¹,®ç¶é¥«¤K¼w°Ï¥ÃÂ×¨½13¾FµØ±dµó11¸¹,121.270549,24.975360
89,®ç¶é¥«¤K¼w°ÏµØ±dµó¤G¡³¤C«Ñ¤G¤G§Ë¤G¤E¸¹,®ç¶é¥«¤K¼w°Ï¥ÃÂ×¨½14¾FµØ±dµó207«Ñ22§Ë29¸¹,121.270889,24.969543
90,®ç¶é¥«¤K¼w°ÏµØ±dµó¤G¡³¤C«Ñ¤G¤G§Ë¤T¤C¸¹,®ç¶é¥«¤K¼w°Ï¥ÃÂ×¨½14¾FµØ±dµó207«Ñ22§Ë37¸¹,121.270907,24.969172
91,®ç¶é¥«¤K¼w°ÏµØ±dµó¤G¡³¤K¸¹,®ç¶é¥«¤K¼w°Ï¥ÃÂ×¨½14¾FµØ±dµó200¤§1¸¹,121.269399,24.970410
92,®ç¶é¥«¤K¼w°ÏµØ±dµó¤G¢¯¤C«Ñ¤@¤E¸¹¤@¡B¤G¼Ó,®ç¶é¥«¤K¼w°Ï¥ÃÂ×¨½14¾FµØ±dµó207«Ñ19¸¹,121.270292,24.970444
93,®ç¶é¥«¤K¼w°ÏµØ±dµó¤G¢¯¤C«Ñ¤@¥|¸¹,®ç¶é¥«¤K¼w°Ï¥ÃÂ×¨½14¾FµØ±dµó207«Ñ14¸¹,121.270079,24.970199
94,®ç¶é¥«¤K¼w°ÏµØ±dµó¤G¢¯¤C«Ñ¤G¤G§Ë¤G¤»¤§¤@¸¹,®ç¶é¥«¤K¼w°Ï¥ÃÂ×¨½14¾FµØ±dµó207«Ñ22§Ë26¤§1¸¹,121.270503,24.970115
95,®ç¶é¥«¤K¼w°ÏµØ±dµó¤G¢¯¤C«Ñ¤G¤G§Ë¤G¤»¤§¤T¸¹,®ç¶é¥«¤K¼w°Ï¥ÃÂ×¨½14¾FµØ±dµó207«Ñ22§Ë26¤§1¸¹,121.270503,24.970115
96,®ç¶é¥«¤K¼w°ÏµØ±dµó¤G¢¯¤C«Ñ¤G¤G§Ë¤G¤»¸¹,®ç¶é¥«¤K¼w°Ï¥ÃÂ×¨½14¾FµØ±dµó207«Ñ22§Ë26¸¹,121.270519,24.970221
97,®ç¶é¥«¤K¼w°ÏµØ±dµó¤G¤@¤E¸¹,®ç¶é¥«¤K¼w°Ï¥ÃÂ×¨½14¾FµØ±dµó219¸¹,121.269702,24.969896
98,®ç¶é¥«¤K¼w°ÏµØ±dµó¤G¤@¤­¸¹,®ç¶é¥«¤K¼w°Ï¥ÃÂ×¨½14¾FµØ±dµó215¸¹,121.269683,24.970029
99,®ç¶é¥«¤K¼w°ÏµØ±dµó¤G¥|¤E«Ñ¤G¤@¸¹,®ç¶é¥«¤K¼w°Ï¥ÃÂ×¨½14¾FµØ±dµó249«Ñ21¸¹,121.270143,24.969164
100,®ç¶é¥«¤K¼w°ÏµØ±dµó¤G¥|¤E«Ñ¤G¤­¸¹,®ç¶é¥«¤K¼w°Ï¥ÃÂ×¨½14¾FµØ±dµó249«Ñ25¸¹,121.270720,24.969200
101,®ç¶é¥«¤K¼w°Ï¶}¶©µó¢°¢±¸¹¢°¼Ó,®ç¶é¥«¤K¼w°Ï¥ÃÂ×¨½9¾F¶}¶©µó12¸¹,121.274484,24.973640
102,®ç¶é¥«¤K¼w°Ï¶}¶©µó¢±¢±«Ñ¤G¸¹,®ç¶é¥«¤K¼w°Ï¥ÃÂ×¨½11¾F¶}¶©µó22«Ñ2¸¹,121.274711,24.973588
103,®ç¶é¥«¤K¼w°Ï¶}¶©µó¢²¢²¸¹,®ç¶é¥«¤K¼w°Ï¥ÃÂ×¨½9¾F¶}¶©µó33¸¹,121.275051,24.974131
104,®ç¶é¥«¤K¼w°Ï¶}¶©µó40¸¹,®ç¶é¥«¤K¼w°Ï¥ÃÂ×¨½9¾F¶}¶©µó40¸¹,121.275288,24.973943
105,®ç¶é¥«¤K¼w°Ï¶}¶©µó¢³¢°«Ñ¢°¢±¸¹,®ç¶é¥«¤K¼w°Ï¥ÃÂ×¨½9¾F¶}¶©µó41«Ñ12¸¹,121.275127,24.974834
106,®ç¶é¥«¤K¼w°Ï¶}¶©µó41«Ñ9-3¡B9-4¡B9-5¸¹,®ç¶é¥«¤K¼w°Ï¥ÃÂ×¨½9¾F¶}¶©µó41«Ñ9¤§1¸¹,121.274768,24.974796
107,®ç¶é¥«¤K¼w°Ï¶}¶©µó¢³¢°«Ñ¢¸¤§¢±¸¹,®ç¶é¥«¤K¼w°Ï¥ÃÂ×¨½9¾F¶}¶©µó41«Ñ9¤§2¸¹,121.274837,24.974942
108,®ç¶é¥«¤K¼w°Ï¶}¶©µó¢³¢°«Ñ¢¸¸¹¡B¢¸¤§¢°¸¹,®ç¶é¥«¤K¼w°Ï¥ÃÂ×¨½9¾F¶}¶©µó41«Ñ9¸¹,121.274833,24.974702
109,®ç¶é¥«¤K¼w°Ï¶}¶©µó42¸¹,®ç¶é¥«¤K¼w°Ï¥ÃÂ×¨½9¾F¶}¶©µó42¸¹,121.275394,24.973960
110,®ç¶é¥«¤K¼w°Ï¶}¶©µó¢³¢´¸¹¢²¼Ó,®ç¶é¥«¤K¼w°Ï¥ÃÂ×¨½9¾F¶}¶©µó45¸¹,121.275323,24.974195
111,®ç¶é¥«¤K¼w°Ï¶}¶©µó¢³¢µ¸¹,®ç¶é¥«¤K¼w°Ï¥ÃÂ×¨½9¾F¶}¶©µó46¸¹,121.275469,24.973997
112,®ç¶é¥«¤K¼w°Ï¶}¶©µó¢³¢·¸¹,®ç¶é¥«¤K¼w°Ï¥ÃÂ×¨½9¾F¶}¶©µó48¸¹,121.275566,24.974030
113,®ç¶é¥«¤K¼w°Ï¶}¶©µó55.55¤§1¸¹2.3¼Ó,®ç¶é¥«¤K¼w°Ï¥ÃÂ×¨½9¾F¶}¶©µó29¤§3¸¹,121.274725,24.974226
114,®ç¶é¥«¤K¼w°Ï¶}¶©µó¢´¢µ«Ñ¢·¸¹,®ç¶é¥«¤K¼w°Ï¥ÃÂ×¨½9¾F¶}¶©µó56«Ñ8¸¹,121.275694,24.973759
115,®ç¶é¥«¤K¼w°Ï¶}¶©µó60¸¹,®ç¶é¥«¤K¼w°Ï¥ÃÂ×¨½9¾F¶}¶©µó60¸¹,121.275893,24.974023
116,®ç¶é¥«¤K¼w°Ï¶}¶©µó¢¶¢µ«Ñ¢°¢±§Ë¢°¢°¸¹,®ç¶é¥«¤K¼w°Ï¥ÃÂ×¨½10¾F¶}¶©µó76«Ñ12§Ë11¸¹,121.275850,24.973556
117,®ç¶é¥«¤K¼w°Ï¶}¶©µó¢¶¢µ«Ñ¢°¢±§Ë¢¶¸¹,®ç¶é¥«¤K¼w°Ï¥ÃÂ×¨½10¾F¶}¶©µó76«Ñ12§Ë7¸¹,121.275991,24.973516
118,®ç¶é¥«¤K¼w°Ï¶}¶©µó¢¶¢µ«Ñ¢°¢³¸¹¢°¼Ó,®ç¶é¥«¤K¼w°Ï¥ÃÂ×¨½10¾F¶}¶©µó76«Ñ14¸¹,121.276375,24.973469
119,®ç¶é¥«¤K¼w°Ï¶}¶©µó76«Ñ8¡B10¸¹,®ç¶é¥«¤K¼w°Ï¥ÃÂ×¨½10¾F¶}¶©µó76«Ñ76¸¹,121.276424,24.973087
120,®ç¶é¥«¤K¼w°Ï¶}¶©µó82¸¹,®ç¶é¥«¤K¼w°Ï¥ÃÂ×¨½10¾F¶}¶©µó82¸¹,121.276809,24.973836
121,®ç¶é¥«¤K¼w°Ï¶}¶©µó¤C¤K¸¹,®ç¶é¥«¤K¼w°Ï¥ÃÂ×¨½10¾F¶}¶©µó78¸¹,121.276648,24.973853
122,®ç¶é¥«¤K¼w°Ï¶}¶©µó¤C¤»«Ñ¤@¤G§Ë¤@¤­¸¹,®ç¶é¥«¤K¼w°Ï¥ÃÂ×¨½10¾F¶}¶©µó76«Ñ12§Ë15¸¹,121.275714,24.973645
123,®ç¶é¥«¤K¼w°Ï¶}¶©µó¤C¤»«Ñ¤@¤G§Ë¤@¸¹,®ç¶é¥«¤K¼w°Ï¥ÃÂ×¨½10¾F¶}¶©µó76«Ñ12§Ë1¸¹,121.276207,24.973475
124,®ç¶é¥«¤K¼w°Ï¶}¶©µó¤C¤»«Ñ¤@¤G§Ë¤T¸¹¤@¼Ó,®ç¶é¥«¤K¼w°Ï¥ÃÂ×¨½10¾F¶}¶©µó76«Ñ12§Ë3¸¹,121.276127,24.973490
125,®ç¶é¥«¤K¼w°Ï¶}¶©µó¤C¤»«Ñ¤@¤»¸¹,®ç¶é¥«¤K¼w°Ï¥ÃÂ×¨½10¾F¶}¶©µó76«Ñ16¸¹,121.276365,24.973406
126,®ç¶é¥«¤K¼w°Ï¶}¶©µó¤C¤»«Ñ¤C¢¯¸¹,®ç¶é¥«¤K¼w°Ï¥ÃÂ×¨½10¾F¶}¶©µó76«Ñ70¸¹,121.276389,24.973253
127,®ç¶é¥«¤K¼w°Ï¶}¶©µó¤C¤»«Ñ¤C¸¹,®ç¶é¥«¤K¼w°Ï¥ÃÂ×¨½10¾F¶}¶©µó76«Ñ7¸¹,121.276562,24.973769
128,®ç¶é¥«¤K¼w°Ï¶}¶©µó¤C¤»«Ñ¤E¸¹,®ç¶é¥«¤K¼w°Ï¥ÃÂ×¨½10¾F¶}¶©µó76«Ñ9¸¹,121.276567,24.973655
129,®ç¶é¥«¤K¼w°Ï¶}¶©µó¤C¤»«Ñ¤»¤»¸¹,®ç¶é¥«¤K¼w°Ï¥ÃÂ×¨½10¾F¶}¶©µó76«Ñ66¸¹,121.276401,24.973334
130,®ç¶é¥«¤K¼w°Ï¶}¶©µó¤C¤»«Ñ¤»¸¹,®ç¶é¥«¤K¼w°Ï¥ÃÂ×¨½10¾F¶}¶©µó76«Ñ6¸¹,121.276280,24.973743
131,®ç¶é¥«¤K¼w°Ï¶}¶©µó¤C¥|¸¹,®ç¶é¥«¤K¼w°Ï¥ÃÂ×¨½9¾F¶}¶©µó74¸¹,121.276360,24.973901
132,®ç¶é¥«¤K¼w°Ï¶}¶©µó¤E¢¯¸¹¤@¼Ó,®ç¶é¥«¤K¼w°Ï¥ÃÂ×¨½10¾F¶}¶©µó90¸¹,121.277056,24.973916
133,®ç¶é¥«¤K¼w°Ï¶}¶©µó¤E¤G¸¹,®ç¶é¥«¤K¼w°Ï¥ÃÂ×¨½10¾F¶}¶©µó92¸¹,121.277113,24.973935
134,®ç¶é¥«¤K¼w°Ï¶}¶©µó¤G¤C¸¹,®ç¶é¥«¤K¼w°Ï¥ÃÂ×¨½9¾F¶}¶©µó27¸¹,121.274756,24.974019
135,®ç¶é¥«¤K¼w°Ï¶}¶©µó¤G¸¹,®ç¶é¥«¤K¼w°Ï¥ÃÂ×¨½9¾F¶}¶©µó2¸¹,121.274249,24.973499
136,®ç¶é¥«¤K¼w°Ï¶}¶©µó¤K¤K¸¹,®ç¶é¥«¤K¼w°Ï¥ÃÂ×¨½10¾F¶}¶©µó88¸¹,121.276967,24.973891
137,®ç¶é¥«¤K¼w°Ï¶}¶©µó¤T¡³¸¹¤G¼Ó,®ç¶é¥«¤K¼w°Ï¥ÃÂ×¨½9¾F¶}¶©µó29¤§1¸¹,121.274836,24.974141
138,®ç¶é¥«¤K¼w°Ï¶}¶©µó¤­¤G¸¹,®ç¶é¥«¤K¼w°Ï¥ÃÂ×¨½9¾F¶}¶©µó52¸¹,121.275682,24.974025
139,®ç¶é¥«¤K¼w°Ï¶}¶©µó¤­¤»«Ñ¤»¸¹,®ç¶é¥«¤K¼w°Ï¥ÃÂ×¨½9¾F¶}¶©µó56«Ñ6¸¹,121.275704,24.973811
140,®ç¶é¥«¤K¼w°Ï¶}¶©µó¤»¤K¸¹,®ç¶é¥«¤K¼w°Ï¥ÃÂ×¨½9¾F¶}¶©µó68¸¹,121.276095,24.973786
141,®ç¶é¥«¤K¼w°Ï¶}¶©¸ô¢³¢´¸¹¢°¡B¢±¼Ó,®ç¶é¥«¤K¼w°Ï¥ÃÂ×¨½9¾F¶}¶©µó45¸¹,121.275323,24.974195
142,®ç¶é¥«¤K¼w°Ï¼sºÖ¸ô¤K¤C¤E«Ñ¤@¤C¤C§Ë¤@¤K¸¹,®ç¶é¥«¤K¼w°Ï¥ÕÆO¨½25¾F¼sºÖ¸ô879«Ñ177§Ë18¸¹,121.275110,24.956694
143,®ç¶é¥«¤K¼w°ÏÄ_Â×µó¤@¤­«Ñ¤@¸¹,®ç¶é¥«¤K¼w°Ï­XÐ¤¨½13¾FÄ_Â×µó15«Ñ1¸¹,121.276311,24.966286
144,®ç¶é¥«¤K¼w°Ï¥ÁÅv¸ô¢±¢¸¸¹¢°¡B¢±¼Ó,§ä¤£¨ì«ü©wªºªùµP¦a§}¡C,,
145,®ç¶é¥«¤K¼w°Ï16¾F¤¶¹Ø¸ô2¬q252«Ñ71§Ë70¸¹,®ç¶é¥«¤K¼w°Ï·ç¿³¨½16¾F¤¶¹Ø¸ô¤G¬q252«Ñ71§Ë70¸¹,121.295151,24.950161
146,®ç¶é¥«¤K¼w°Ï¤¶¹Ø¸ô¤G¬q252«Ñ71§Ë75¸¹1¼Ó,®ç¶é¥«¤K¼w°Ï·ç¿³¨½16¾F¤¶¹Ø¸ô¤G¬q252«Ñ71§Ë75¸¹,121.295363,24.949903
147,®ç¶é¥«¤K¼w°Ï¤¶¹Ø¸ô¤G¬q252«Ñ71§Ë77¸¹1¼Ó,®ç¶é¥«¤K¼w°Ï·ç¿³¨½16¾F¤¶¹Ø¸ô¤G¬q252«Ñ71§Ë77¸¹,121.295134,24.949318
148,®ç¶é¥«¤K¼w°Ï¤¶¹Ø¸ô¤G¬q¤G¤­¤G«Ñ¤C¤@§Ë¤C¤E¸¹,®ç¶é¥«¤K¼w°Ï·ç¿³¨½16¾F¤¶¹Ø¸ô¤G¬q252«Ñ71§Ë79¸¹,121.294845,24.949026
149,®ç¶é¥«¤K¼w°Ï¤¶¹Ø¸ô¤G¬q¤G¤­¤G«Ñ¤C¤@§Ë¤C¤T¸¹,®ç¶é¥«¤K¼w°Ï·ç¿³¨½16¾F¤¶¹Ø¸ô¤G¬q252«Ñ71§Ë55¤§1¸¹,121.295770,24.950848
150,®ç¶é¥«¤K¼w°Ï¤¶¹Ø¸ô¤G¬q¤G¤­¤G«Ñ¤C¤@§Ë¤C¤­¤§¤@¸¹,®ç¶é¥«¤K¼w°Ï·ç¿³¨½16¾F¤¶¹Ø¸ô¤G¬q252«Ñ71§Ë55¤§1¸¹,121.295770,24.950848
151,®ç¶é¥«¤K¼w°Ï«Ø°ê¸ô¢²¢¯¢µ«Ñ¢¸¢µ¸¹¢°¼Ó,®ç¶é¥«¤K¼w°Ï·ç¿³¨½2¾F«Ø°ê¸ô306«Ñ96¸¹,121.290755,24.938583
152,®ç¶é¥«¤K¼w°Ï«Ø°ê¸ô386¸¹,®ç¶é¥«¤K¼w°Ï·ç¿³¨½4¾F«Ø°ê¸ô386¸¹,121.288203,24.940054
153,®ç¶é¥«¤K¼w°Ï«Ø°ê¸ô¢³¢³¢±«Ñ¢¶¢¯¸¹,®ç¶é¥«¤K¼w°Ï·ç¿³¨½6¾F«Ø°ê¸ô442«Ñ70¸¹,121.289594,24.942451
154,®ç¶é¥«¤K¼w°Ï«Ø°ê¸ô772«Ñ160§Ë22¸¹,®ç¶é¥«¤K¼w°Ï·ç¿³¨½14¾F«Ø°ê¸ô772«Ñ160§Ë22¸¹,121.293847,24.949288
155,®ç¶é¥«¤K¼w°Ï«Ø°ê¸ô772«Ñ160§Ë28¸¹1¼Ó,®ç¶é¥«¤K¼w°Ï·ç¿³¨½14¾F«Ø°ê¸ô772«Ñ160§Ë28¸¹,121.293760,24.949192
156,®ç¶é¥«¤K¼w°Ï«Ø°ê¸ô¤C¤C¤G«Ñ¤@¤»¢¯§Ë¤G¸¹,®ç¶é¥«¤K¼w°Ï·ç¿³¨½14¾F«Ø°ê¸ô772«Ñ160§Ë2¸¹,121.294219,24.949763
157,®ç¶é¥«¤K¼w°Ï«Ø°ê¸ô¥|¢¯¥|«Ñ¤E¸¹¤@¼Ó,®ç¶é¥«¤K¼w°Ï·ç¿³¨½4¾F«Ø°ê¸ô404«Ñ9¸¹,121.288434,24.940937
158,®ç¶é¥«¤K¼w°Ï·çµoµó¤@¤@¤K¸¹¤@¼Ó,®ç¶é¥«¤K¼w°Ï·çµo¨½22¾F·çµoµó118¸¹,121.300617,24.933898
159,®ç¶é¥«¤K¼w°Ï«Ø°ê¸ô¤C¤C¤G«Ñ¤@¤G¡³§Ë¤@ÛÁ¤G¤@¸¹,®ç¶é¥«¤K¼w°Ï·ç¿³¨½15¾F«Ø°ê¸ô772«Ñ160§Ë21¸¹,121.294091,24.949281
160,®ç¶é¥«¤K¼w°Ï«Ø°ê¸ô¤C¤C¤G«Ñ¤@¤G¡³§Ë¤TÛÁ¤@¥|¸¹¤@¼Ó,®ç¶é¥«¤K¼w°Ï¼s¼w¨½13¾F«Ø°ê¸ô772«Ñ120§Ë14¸¹,121.293650,24.949370
161,®ç¶é¥«¤K¼w°Ï·s¿³¸ô¢µ¢´¤§¢±¸¹,®ç¶é¥«¤K¼w°Ï¼s¼w¨½15¾F·s¿³¸ô65¤§2¸¹,121.289621,24.951888
162,®ç¶é¥«¤K¼w°ÏÀs®cµó¢²¢²«Ñ¢²¢·¸¹¢°¼Ó,®ç¶é¥«¤K¼w°ÏÀs¤Í¨½13¾FÀs®cµó33«Ñ38¸¹,121.257783,24.925866
163,®ç¶é¥«¤j¶é°Ï?ªL¸ô215¸¹,®ç¶é¥«¤j¶é°Ï¤T¥Û¨½8¾F?ªL¸ô19¸¹,121.259431,25.073976
164,®ç¶é¥«¤j¶é°Ï¤T¥Á¸ô¤G¬q¢·¢²¢°¸¹¢°¼Ó,®ç¶é¥«¤j¶é°Ï?ªL¨½1¾F¤T¥Á¸ô¤G¬q831¸¹,121.261398,25.069776
165,®ç¶é¥«¤j¶é°Ï¤T¥Á¸ô¤G¬q¤K¤G¤C¸¹,®ç¶é¥«¤j¶é°Ï?ªL¨½1¾F¤T¥Á¸ô¤G¬q827¸¹,121.261229,25.070047
166,®ç¶é¥«¤j¶é°Ï¤T¥Á¸ô¤G¬q¤T¤T¤C«Ñ¤T¤Q§Ë¤K¸¹,®ç¶é¥«¤j¶é°Ï?ªL¨½18¾F¤T¥Á¸ô¤G¬q337«Ñ30§Ë8¸¹,121.258606,25.081678
167,®ç¶é¥«¤j¶é°Ï¤­¡³¤§¤T¡D¤­¡³¤§¥|¸¹,®ç¶é¥«¤j¶é°Ï?ªL¨½1¾F©Þ¤lªL1¤§1¸¹,121.260544,25.069553
168,®ç¶é¥«¤j¶é°Ï¥|¤»¤§¤­¥|¸¹,§ä¤£¨ì«ü©wªºªùµP¦a§}¡C,,
169,®ç¶é¥«¤j¶é°Ï´_¿³µó18¸¹1¼Ó,®ç¶é¥«¤j¶é°Ï?ªL¨½21¾F´_¿³µó18¸¹,121.255176,25.086991
170,®ç¶é¥«¤j¶é°ÏºÖ¼w¸ô68«Ñ1§Ë10¸¹1¼Ó,®ç¶é¥«¤j¶é°Ï?ªL¨½6¾FºÖ¼w¸ô68«Ñ1§Ë10¸¹,121.257776,25.074976
171,®ç¶é¥«¤j¶é°Ï¥Á±Ú¸ô11¸¹,§ä¤£¨ì«ü©wªºªùµP¦a§}¡C,,
172,®ç¶é¥«¤j¶é°Ï¥Á±Ú¸ô11¸¹1¼Ó,§ä¤£¨ì«ü©wªºªùµP¦a§}¡C,,
173,®ç¶é¥«¤j¶é°Ï¥Á±Ú¸ô12¸¹,§ä¤£¨ì«ü©wªºªùµP¦a§}¡C,,
174,®ç¶é¥«¤j¶é°Ï¥Á±Ú¸ô¢¶¡B¢¶¤§¢°¡B¢¸¸¹,§ä¤£¨ì«ü©wªºªùµP¦a§}¡C,,
175,®ç¶é¥«¤j¶é°Ï¥Á±Ú¸ô¤T¸¹,§ä¤£¨ì«ü©wªºªùµP¦a§}¡C,,
176,®ç¶é¥«¤j¶é°Ï¤u¤T¸ô7¸¹,§ä¤£¨ì«ü©wªºªùµP¦a§}¡C,,
177,®ç¶é¥«¤j·Ë°Ï¤G¥|¾F«H¸q¸ô¤G¤­¢¯¸¹,®ç¶é¥«¤j·Ë°Ï¥Ð¤ß¨½1¾F«H¸q¸ô250¸¹,121.296382,24.887086
178,®ç¶é¥«¤j·Ë°Ï¤K¾FªF¤@¸ô¤K¤T¸¹,®ç¶é¥«¤j·Ë°Ï¥Ð¤ß¨½37¾FªF¤@¸ô79¤§1¸¹,121.292108,24.882906
179,®ç¶é¥«¤j·Ë°Ï«H¸q¸ô230¸¹,®ç¶é¥«¤j·Ë°Ï¥Ð¤ß¨½1¾F«H¸q¸ô230¸¹,121.295652,24.886146
180,®ç¶é¥«¤j·Ë°Ï«H¸q¸ô¢±¢³¢¯¤§¢°¸¹,®ç¶é¥«¤j·Ë°Ï¥Ð¤ß¨½1¾F«H¸q¸ô240¤§1¸¹,121.295951,24.886777
181,®ç¶é¥«¤j·Ë°Ï«H¸q¸ô¢±¢³¢¯¸¹,®ç¶é¥«¤j·Ë°Ï¥Ð¤ß¨½1¾F«H¸q¸ô240¸¹,121.295796,24.886639
182,®ç¶é¥«¤j·Ë°Ï«H¸q¸ô¢±¢·¢±¸¹,®ç¶é¥«¤j·Ë°Ï¥Ð¤ß¨½1¾F«H¸q¸ô282¸¹,121.297672,24.887871
183,®ç¶é¥«¤j·Ë°Ï«H¸q¸ô¤@¤E¢¯¸¹,®ç¶é¥«¤j·Ë°Ï¥Ð¤ß¨½3¾F«H¸q¸ô190¸¹,121.294071,24.885596
184,®ç¶é¥«¤j·Ë°Ï«H¸q¸ô¤G¤@¤»¸¹,®ç¶é¥«¤j·Ë°Ï¥Ð¤ß¨½1¾F«H¸q¸ô216¸¹,121.294418,24.885688
185,®ç¶é¥«¤j·Ë°Ï«H¸q¸ô¤G¤K¤G¸¹,®ç¶é¥«¤j·Ë°Ï¥Ð¤ß¨½1¾F«H¸q¸ô282¸¹,121.297672,24.887871
186,®ç¶é¥«¤j·Ë°Ï¤¤µØ¸ô¢¶¢¶«Ñ¢±¢´§Ë¢²¢·¸¹¢°¼Ó,®ç¶é¥«¤j·Ë°Ï¥Ð¤ß¨½5¾F¤¤µØ¸ô77«Ñ25§Ë38¸¹,121.294884,24.884697
187,®ç¶é¥«¤j·Ë°Ï¤¤µØ¸ô¤@¤G¤@«Ñ¤G¤@§Ë¤C¡B¤E¸¹,®ç¶é¥«¤j·Ë°Ï¥Ð¤ß¨½6¾F¤¤µØ¸ô121«Ñ21§Ë1¸¹,121.295948,24.883149
188,®ç¶é¥«¤j·Ë°Ï«H¸q¸ô¤G¤G¤»¸¹,®ç¶é¥«¤j·Ë°Ï¥Ð¤ß¨½1¾F«H¸q¸ô226¸¹,121.295037,24.885263
189,®ç¶é¥«¤j·Ë°Ï¤¯©M¸ô¤@¬q¤@¤C¤­¸¹¤@¼Ó,®ç¶é¥«¤j·Ë°Ï¤¯©M¨½9¾F¤¯©M¸ô¤@¬q175¸¹,121.275803,24.900801
190,®ç¶é¥«¤j·Ë°Ï¦Û±jµó¤G¤K«Ñ¤@§Ë¥|¸¹¤@¼Ó,®ç¶é¥«¤j·Ë°Ï¤¯¤å¨½10¾F¦Û±jµó28«Ñ1§Ë4¸¹,121.285816,24.901138
191,®ç¶é¥«¤j·Ë°Ï¤­¾F³»¤s?¤T¤»¤§¤@¸¹,®ç¶é¥«¤j·Ë°Ï«n¿³¨½13¾F¥Ã©÷¸ô1¤§1¸¹,121.265205,24.903410
192,®ç¶é¥«¤¤Ãc°Ï¦NªL¸ô9¸¹,®ç¶é¥«¤¤Ãc°Ï¥ÃºÖ¨½7¾F¦NªL¸ô9¸¹,121.239164,24.979898
193,®ç¶é¥«¤¤Ãc°Ï¤¤¤sªF¸ô¤@¬q¤G¤T¥|¤§¤­¸¹,®ç¶é¥«¤¤Ãc°Ï¼w¸q¨½5¾F¤¤¤sªF¸ô¤@¬q3¤§1¸¹,121.229039,24.955856
194,®ç¶é¥«¤¤Ãc°Ï¤¤¤sªF¸ô¤@¬q¤G¤T¥|¤§¤»¸¹,®ç¶é¥«¤¤Ãc°Ï¼w¸q¨½5¾F¤¤¤sªF¸ô¤@¬q3¤§1¸¹,121.229039,24.955856
195,®ç¶é¥«¤¤Ãc°Ï¤¤¥_¸ô¢±¬q¢²¢¶¢²«Ñ¢°¢±¸¹¢°¼Ó,®ç¶é¥«¤¤Ãc°Ï¥¿¸q¨½6¾F¤¤¥_¸ô¤G¬q373«Ñ12¸¹,121.230955,24.954596
196,®ç¶é¥«¤¤Ãc°Ï¤¤¥_¸ô¢±¬q¢³¢´¢°«Ñ¢°¸¹,®ç¶é¥«¤¤Ãc°Ï¥¿¸q¨½7¾F¤¤¥_¸ô¤G¬q451«Ñ1¸¹,121.232356,24.954540
197,®ç¶é¥«¤¤Ãc°Ï·s¿³¥_µó¤@«Ñ¤G¤C¸¹,®ç¶é¥«¤¤Ãc°Ï¥¿¸q¨½1¾F·s¿³¥_µó1«Ñ27¸¹,121.230394,24.955058
198,®ç¶é¥«¤¤Ãc°Ï·s¿³¥_µó¤G¥|«Ñ¤­¸¹,®ç¶é¥«¤¤Ãc°Ï¥¿¸q¨½1¾F·s¿³¥_µó24«Ñ5¸¹,121.230565,24.954367
199,®ç¶é¥«¤¤Ãc°Ï·s¿³¥_¸ô¤@«Ñ¥|¤C¸¹,®ç¶é¥«¤¤Ãc°Ï¥¿¸q¨½1¾F·s¿³¥_µó1«Ñ47¸¹,121.230909,24.955285
200,®ç¶é¥«¤¤Ãc°Ï¤¯¬ü¸ô¤­¤G¤§¤G¸¹,§ä¤£¨ì«ü©wªºªùµP¦a§}¡C,,
201,®ç¶é¥«¤¤Ãc°Ï´¶©¾¸ô¢±¢°¢°«Ñ¢°¢³¸¹,®ç¶é¥«¤¤Ãc°Ï´¶©¾¨½20¾F´¶©¾¸ô211«Ñ14¸¹,121.246594,24.961232
202,®ç¶é¥«¤¤Ãc°Ï´¶©¾¸ô¢±¢°¢°«Ñ¢·§Ë¢±¢¯¡B¢±¢±¸¹¢±¼Ó,®ç¶é¥«¤¤Ãc°Ï´¶©¾¨½20¾F´¶©¾¸ô211«Ñ8§Ë8¸¹,121.246905,24.961036
203,®ç¶é¥«¤¤Ãc°Ï´¶©¾¸ô¢±¢²¢°«Ñ¢±¢°¸¹,®ç¶é¥«¤¤Ãc°Ï´¶©¾¨½20¾F´¶©¾¸ô231«Ñ21¸¹,121.247134,24.961095
204,®ç¶é¥«¤¤Ãc°Ï´¶©¾¸ô¢±¢³¢²¸¹¢°¼Ó,®ç¶é¥«¤¤Ãc°Ï´¶©¾¨½20¾F´¶©¾¸ô243¸¹,121.246883,24.960235
205,®ç¶é¥«¤¤Ãc°Ï´¶©¾¸ô¢±¢³¢´¸¹¢±¼Ó,®ç¶é¥«¤¤Ãc°Ï´¶©¾¨½20¾F´¶©¾¸ô245¸¹,121.246969,24.960167
206,®ç¶é¥«¤¤Ãc°Ï´¶©¾¸ô¤G¤@¤@«Ñ¤C§Ë¤G¸¹¤@¼Ó,®ç¶é¥«¤¤Ãc°Ï´¶©¾¨½20¾F´¶©¾¸ô211«Ñ7§Ë2¸¹,121.246329,24.961300
207,®ç¶é¥«¤¤Ãc°Ï´¶©¾¸ô¤G¤@¤@«Ñ¤K§Ë¤@¢¯¸¹¤@¼Ó,®ç¶é¥«¤¤Ãc°Ï´¶©¾¨½20¾F´¶©¾¸ô211«Ñ8§Ë10¸¹,121.246477,24.960817
208,®ç¶é¥«¤¤Ãc°Ï´¶©¾¸ô¤G¤@¤­¸¹,®ç¶é¥«¤¤Ãc°Ï´¶©¾¨½20¾F´¶©¾¸ô215¸¹,121.246212,24.960870
209,®ç¶é¥«¤¤Ãc°Ï´¶©¾¸ô¤G¤T¤@«Ñ¤@¤K¤§¤G¸¹,®ç¶é¥«¤¤Ãc°Ï´¶©¾¨½20¾F´¶©¾¸ô231«Ñ18¤§2¸¹,121.247271,24.960724
210,®ç¶é¥«¤¤Ãc°Ï´¶©¾¸ô¤T¤­¤@¸¹,®ç¶é¥«¤¤Ãc°Ï´¶©¾¨½20¾F´¶©¾¸ô351¸¹,121.248688,24.958433
211,®ç¶é¥«¤¤Ãc°Ï´¶©¾¸ô¤T¥|¤­¸¹,®ç¶é¥«¤¤Ãc°Ï´¶©¾¨½20¾F´¶©¾¸ô345¸¹,121.248527,24.958595
212,®ç¶é¥«¤¤Ãc°ÏÀô¤¤ªF¸ô¢´¢µ¢±¸¹,®ç¶é¥«¤¤Ãc°Ï´¶©¾¨½20¾FÀô¤¤ªF¸ô562¸¹,121.249303,24.958270
213,®ç¶é¥«¤¤Ãc°ÏªQ¬f¸ô¤@¡³¸¹,®ç¶é¥«¤¤Ãc°Ï¤å¤Æ¨½6¾FªQ¬f¸ô3¸¹,121.247362,24.984788
214,®ç¶é¥«¤¤Ãc°Ï7¾F¦è¶é¸ô77«Ñ32§Ë30¸¹1¼Ó,§ä¤£¨ì«ü©wªºªùµP¦a§}¡C,,
215,®ç¶é¥«¤¤Ãc°Ï¤»¾FÀs¿³¸ô¥|¤@¤­«Ñ¤­¤§¤@¸¹,®ç¶é¥«¤¤Ãc°ÏÀs¼w¨½4¾FÀs¿³¸ô415«Ñ1¤§1¸¹,121.241908,24.940390
216,®ç¶é¥«¤¤Ãc°ÏÀs¿³¸ô¢³¢¯¢°«Ñ¢±¤§¢°¸¹¢°¼Ó,®ç¶é¥«¤¤Ãc°ÏÀs¼w¨½4¾FÀs¿³¸ô401«Ñ2¤§1¸¹,121.241873,24.940246
217,®ç¶é¥«¤¤Ãc°ÏÀs¿³¸ô¢³¢°¢´«Ñ¢°¸¹¢°¼Ó,®ç¶é¥«¤¤Ãc°ÏÀs¼w¨½4¾FÀs¿³¸ô415«Ñ1¸¹,121.241957,24.940378
218,®ç¶é¥«¤¤Ãc°ÏÀs¿³¸ô¢³¢°¢´«Ñ¢µ¸¹¢°¼Ó,®ç¶é¥«¤¤Ãc°ÏÀs¼w¨½4¾FÀs¿³¸ô415«Ñ6¸¹,121.241931,24.940614
219,®ç¶é¥«¤¤Ãc°ÏÀs¿³¸ô¢³¢°¢´«Ñ¢µ¸¹¢±¼Ó,®ç¶é¥«¤¤Ãc°ÏÀs¼w¨½4¾FÀs¿³¸ô415«Ñ6¸¹,121.241931,24.940614
220,®ç¶é¥«¤¤Ãc°ÏÀs¿³¸ô¥|¢¯¤@«Ñ¤G¤G¤§¤@¸¹¤@¼Ó,®ç¶é¥«¤¤Ãc°ÏÀs¼w¨½4¾FÀs¿³¸ô401«Ñ2¤§1¸¹,121.241873,24.940246
221,®ç¶é¥«¤¤Ãc°ÏÀs¿³¸ô¥|¤@¤­«Ñ¤@¤T¤§¤@¸¹,®ç¶é¥«¤¤Ãc°ÏÀs¼w¨½4¾FÀs¿³¸ô415«Ñ1¤§1¸¹,121.241908,24.940390
222,®ç¶é¥«¤¤Ãc°ÏÀs¿³¸ô¥|¤@¤­«Ñ¤T¢¯¸¹¤@¼Ó,®ç¶é¥«¤¤Ãc°ÏÀs¼w¨½4¾FÀs¿³¸ô415«Ñ30¸¹,121.241332,24.940783
223,®ç¶é¥«¤¤Ãc°Ï²ø·q¸ô¤K¤T¤K«Ñ¤T¤»¸¹,®ç¶é¥«¤¤Ãc°Ï¦Û«H¨½15¾F²ø·q¸ô838«Ñ36¸¹,121.254118,24.964588
224,®ç¶é¥«¤¤Ãc°Ï¦Û±j¤­¸ô¤T¸¹,§ä¤£¨ì«ü©wªºªùµP¦a§}¡C,,
225,®ç¶é¥«¤¤Ãc°Ï¦Û±j¤­¸ô¤­¸¹,§ä¤£¨ì«ü©wªºªùµP¦a§}¡C,,
226,®ç¶é¥«¤¤Ãc°Ï¤¤¥¿¸ô¤@¤G¤C¥|«Ñ¤T¤E¸¹,®ç¶é¥«¤¤Ãc°Ï¤T¥Á¨½18¾F¤¤¥¿¸ô1274«Ñ39¸¹,121.201550,24.973216
227,®ç¶é¥«¤¤Ãc°Ï¦Û±j¤@¸ô¤C¤T¸¹,®ç¶é¥«¤¤Ãc°Ï´_¿³¨½25¾F¦Û±j¤@¸ô73¸¹,121.244294,24.975940
228,®ç¶é¥«¤¤Ãc°Ï¦Û±j¤T¸ô3¸¹1¡B2¡B4¼Ó,§ä¤£¨ì«ü©wªºªùµP¦a§}¡C,,
229,®ç¶é¥«¤¤Ãc°Ï¦Û±j¤T¸ô3¸¹3¼Ó,§ä¤£¨ì«ü©wªºªùµP¦a§}¡C,,
230,®ç¶é¥«¤¤Ãc°Ï¤G¾F¦è¶é¸ô¤@¥|¤K¸¹,®ç¶é¥«¤¤Ãc°Ï¥ÃºÖ¨½6¾F¦è¶é¸ô148¸¹,121.234139,24.982126
231,®ç¶é¥«¤¤Ãc°Ï¤¤¶é¸ô190¸¹2¼Ó,®ç¶é¥«¤¤Ãc°Ï¥ÃºÖ¨½7¾F¤¤¶é¸ô190¸¹,121.237537,24.983164
232,®ç¶é¥«¤¤Ãc°Ï¤¤¶é¸ô¤@¤E¡³¸¹,®ç¶é¥«¤¤Ãc°Ï©¾¸q¨½1¾F¤¤¶é¸ô20¤§10¸¹,121.236738,24.964776
233,®ç¶é¥«¤¤Ãc°Ï¤¤¶é¸ô¤@¤E¤G¤§¤T¸¹,®ç¶é¥«¤¤Ãc°Ï©¾¸q¨½1¾F¤¤¶é¸ô20¤§1¸¹,121.236564,24.965054
234,®ç¶é¥«¤¤Ãc°Ï¥_¶é¸ô¢±¢±¤§¤@¸¹,®ç¶é¥«¤¤Ãc°Ï¤å¤Æ¨½6¾F¥_¶é¸ô14¸¹,121.242603,24.984377
235,®ç¶é¥«¤¤Ãc°Ï¥_¶é¸ô¤G¤@¸¹,®ç¶é¥«¤¤Ãc°Ï¤å¤Æ¨½6¾F¥_¶é¸ô31¤§1¸¹,121.241966,24.982607
236,®ç¶é¥«¤¤Ãc°ÏªF¶é¤G¸ô14¸¹¤Î16¸¹,®ç¶é¥«¤¤Ãc°Ï¥ÃºÖ¨½7¾FªF¶é¤G¸ô14¸¹,121.238744,24.975779
237,®ç¶é¥«¤¤Ãc°ÏªF¶é¤G¸ô¤Q¤K¸¹,®ç¶é¥«¤¤Ãc°Ï¥ÃºÖ¨½7¾FªF¶é¤G¸ô18¸¹,121.238324,24.976283
238,®ç¶é¥«¤¤Ãc°ÏªF¶é¤G¸ô¤­¤§¤@¸¹,®ç¶é¥«¤¤Ãc°Ï¥ÃºÖ¨½7¾FªF¶é¤G¸ô5¤§1¸¹,121.237594,24.975458
239,®ç¶é¥«¤¤Ãc°ÏªF¶é¤G¸ô¥|¸¹,®ç¶é¥«¤¤Ãc°Ï¥ÃºÖ¨½7¾FªF¶é¤G¸ô4¸¹,121.238567,24.974436
240,®ç¶é¥«¤¤Ãc°ÏªF¶é¸ô17¸¹,®ç¶é¥«¤¤Ãc°Ï¥ÃºÖ¨½7¾FªF¶é¸ô17¸¹,121.239277,24.970054
241,®ç¶é¥«¤¤Ãc°ÏªF¶é¸ô38-1¸¹,®ç¶é¥«¤¤Ãc°Ï¥ÃºÖ¨½7¾FªF¶é¸ô38¤§1¸¹,121.240088,24.976529
242,®ç¶é¥«¤¤Ãc°ÏªF¶é¸ô38¤§2¸¹1¼Ó,®ç¶é¥«¤¤Ãc°Ï¥ÃºÖ¨½7¾FªF¶é¸ô38¤§2¸¹,121.240102,24.976056
243,®ç¶é¥«¤¤Ãc°ÏªF¶é¸ô40¸¹,®ç¶é¥«¤¤Ãc°Ï¥ÃºÖ¨½7¾FªF¶é¸ô40¸¹,121.240041,24.977747
244,®ç¶é¥«¤¤Ãc°ÏªF¶é¸ô61¸¹1¼Ó,®ç¶é¥«¤¤Ãc°Ï¥ÃºÖ¨½7¾FªF¶é¸ô61¸¹,121.239267,24.980180
245,®ç¶é¥«¤¤Ãc°ÏªF¶é¸ô61¸¹4¼Ó,®ç¶é¥«¤¤Ãc°Ï¥ÃºÖ¨½7¾FªF¶é¸ô61¸¹,121.239267,24.980180
246,®ç¶é¥«¤¤Ãc°ÏªF¶é¸ô¢µ¢¶¸¹,®ç¶é¥«¤¤Ãc°Ï¥ÃºÖ¨½7¾FªF¶é¸ô67¸¹,121.239309,24.981296
247,®ç¶é¥«¤¤Ãc°ÏªF¶é¸ô¢µ¢¸¤§¢°¸¹,®ç¶é¥«¤¤Ãc°Ï¥ÃºÖ¨½7¾FªF¶é¸ô69¤§1¸¹,121.239315,24.982559
248,®ç¶é¥«¤¤Ãc°ÏªF¶é¸ô¢µ¢¸¸¹,®ç¶é¥«¤¤Ãc°Ï¥ÃºÖ¨½7¾FªF¶é¸ô69¸¹,121.239259,24.982140
249,®ç¶é¥«¤¤Ãc°ÏªF¶é¸ô¤@¤@¸¹,®ç¶é¥«¤¤Ãc°Ï¥ÃºÖ¨½7¾FªF¶é¸ô11¸¹,121.239300,24.969048
250,®ç¶é¥«¤¤Ãc°ÏªF¶é¸ô¤C¸¹,®ç¶é¥«¤¤Ãc°Ï©¾¸q¨½2¾FªF¶é¸ô7¸¹,121.239319,24.968387
251,®ç¶é¥«¤¤Ãc°ÏªF¶é¸ô¤G¥|¸¹,®ç¶é¥«¤¤Ãc°Ï¥ÃºÖ¨½7¾FªF¶é¸ô24¸¹,121.240066,24.973872
252,®ç¶é¥«¤¤Ãc°ÏªF¶é¸ô¤­¤@¸¹,®ç¶é¥«¤¤Ãc°Ï¥ÃºÖ¨½7¾FªF¶é¸ô51¸¹,121.239200,24.977113
253,®ç¶é¥«¤¤Ãc°ÏªF¶é¸ô¤­¸¹,®ç¶é¥«¤¤Ãc°Ï¥ÃºÖ¨½7¾FªF¶é¸ô9¤§1¸¹,121.239127,24.968796
254,®ç¶é¥«¤¤Ãc°ÏªF¶é¸ô¤»¤T¸¹,®ç¶é¥«¤¤Ãc°Ï¥ÃºÖ¨½7¾FªF¶é¸ô63¸¹,121.239202,24.980699
255,®ç¶é¥«¤¤Ãc°Ï«n¶é¸ô16¸¹,®ç¶é¥«¤¤Ãc°Ï¥ÃºÖ¨½7¾F«n¶é¸ô16¸¹,121.238536,24.970971
256,®ç¶é¥«¤¤Ãc°Ï«n¶é¸ô¢°¤§¢°¸¹,®ç¶é¥«¤¤Ãc°Ï¥ÃºÖ¨½7¾F«n¶é¸ô1¤§1¸¹,121.237747,24.969090
257,®ç¶é¥«¤¤Ãc°Ï«n¶é¸ô¢±¤§¢¶¸¹,®ç¶é¥«¤¤Ãc°Ï©¾¸q¨½2¾F«n¶é¸ô2¤§7¸¹,121.240609,24.967574
258,®ç¶é¥«¤¤Ãc°Ï«n¶é¸ô¤@¸¹,®ç¶é¥«¤¤Ãc°Ï¥ÃºÖ¨½7¾F«n¶é¸ô1¸¹,121.237840,24.968771
259,®ç¶é¥«¤¤Ãc°Ï«n¶é¸ô¤»¡V¤@¸¹,®ç¶é¥«¤¤Ãc°Ï¥ÃºÖ¨½7¾F«n¶é¸ô1¤§1¸¹,121.237747,24.969090
260,®ç¶é¥«¤¤Ãc°Ï«n¶é¸ô¤»¸¹,®ç¶é¥«¤¤Ãc°Ï¥ÃºÖ¨½7¾F«n¶é¸ô6¸¹,121.238473,24.969003
261,®ç¶é¥«¤¤Ãc°ÏÀô¥_¸ô¢µ¢¯¢±¸¹¢°¼Ó,®ç¶é¥«¤¤Ãc°Ï©¯ºÖ¨½1¾FÀô¥_¸ô602¸¹,121.229308,24.963545
262,®ç¶é¥«¤¤Ãc°Ï¤¤¤sªF¸ô¤@¬q¤G¤T¤G¸¹,®ç¶é¥«¤¤Ãc°Ï¥¿¸q¨½18¾F¤¤¤sªF¸ô¤@¬q232¸¹,121.234249,24.956684
263,®ç¶é¥«¤¤Ãc°Ï¤¤¤sªF¸ô¤@¬q¤G¤T¤K¤§¤@¸¹,®ç¶é¥«¤¤Ãc°Ï¼w¸q¨½5¾F¤¤¤sªF¸ô¤@¬q3¤§1¸¹,121.229039,24.955856
264,®ç¶é¥«¤¤Ãc°Ï¤¤¤sªF¸ô¤@¬q¤G¤T¤»¡B¤G¤T¤K¸¹,®ç¶é¥«¤¤Ãc°Ï¼w¸q¨½5¾F¤¤¤sªF¸ô¤@¬q3¤§1¸¹,121.229039,24.955856
265,®ç¶é¥«¤¤Ãc°Ï·s¿³¥_µó¤T¤@¸¹,®ç¶é¥«¤¤Ãc°Ï¥¿¸q¨½1¾F·s¿³¥_µó31¸¹,121.230683,24.954957
266,®ç¶é¥«¤¤Ãc°Ï·s¿³¥_µó¤T¥|¸¹¤@¼Ó,®ç¶é¥«¤¤Ãc°Ï¥¿¸q¨½1¾F·s¿³¥_µó34¸¹,121.230614,24.954710
267,®ç¶é¥«¤¤Ãc°Ï¹Å¿³¤Gµó¤G¥|«Ñ¤@¤­¸¹,®ç¶é¥«¤¤Ãc°Ï¥¿¸q¨½17¾F¹Å¿³¤Gµó24«Ñ15¸¹,121.233726,24.954017
268,®ç¶é¥«¤¤Ãc°ÏªL´Ë¸ô¢¸¢µ¸¹¢°¼Ó,®ç¶é¥«¤¤Ãc°Ï·s¿³¨½22¾FªL´Ë¸ô96¸¹,121.226191,24.945129
269,®ç¶é¥«¤¤Ãc°Ï¥ÃºÖ¸ô¢µ¢²¢³¸¹,®ç¶é¥«¤¤Ãc°Ï¤¤¤s¨½4¾F¥ÃºÖ¸ô634¸¹,121.259026,24.959743
270,®ç¶é¥«¤¤Ãc°Ï¤¤µØ¸ô1¬q550-5¸¹¦a¤U¼h¡B1¼Ó¡B6¼Ó¡B7¼Ó¡B8¼Ó¡B9¼Ó¡B10¼Ó¡B11¼Ó,556¸¹9¡B10¡B11¼Ó,®ç¶é¥«¤¤Ãc°Ï´_µØ¨½3¾F¤¤µØ¸ô¤@¬q550¤§5¸¹,121.251173,24.972473
271,®ç¶é¥«¤¤Ãc°Ï¤@¤T¾FªQ¬f¸ô¤»¸¹,®ç¶é¥«¤¤Ãc°Ï¤å¤Æ¨½6¾FªQ¬f¸ô6¸¹,121.247799,24.984989
272,®ç¶é¥«¤¤Ãc°Ï¥_¶é¤G¸ô1¸¹1¼Ó,®ç¶é¥«¤¤Ãc°Ï¤å¤Æ¨½6¾F¥_¶é¤G¸ô7¸¹,121.242910,24.986280
273,®ç¶é¥«¤¤Ãc°Ï¥_¶é¤G¸ô¢°¸¹¢°¼Ó,®ç¶é¥«¤¤Ãc°Ï¤å¤Æ¨½6¾F¥_¶é¤G¸ô7¸¹,121.242910,24.986280
274,®ç¶é¥«¤¤Ãc°Ï¥_¶é¤G¸ô3¸¹,®ç¶é¥«¤¤Ãc°Ï¤å¤Æ¨½6¾F¥_¶é¤G¸ô7¸¹,121.242910,24.986280
275,®ç¶é¥«¤¤Ãc°Ï¥_¶é¤G¸ô¢²¸¹¢°¼Ó,®ç¶é¥«¤¤Ãc°Ï¤å¤Æ¨½6¾F¥_¶é¤G¸ô7¸¹,121.242910,24.986280
276,®ç¶é¥«¤¤Ãc°Ï¥_¶é¸ô18¸¹,®ç¶é¥«¤¤Ãc°Ï¤å¤Æ¨½6¾F¥_¶é¸ô14¸¹,121.242603,24.984377
277,®ç¶é¥«¤¤Ãc°Ï¥_¶é¸ô19¸¹,®ç¶é¥«¤¤Ãc°Ï¤å¤Æ¨½6¾F¥_¶é¸ô31¤§1¸¹,121.241966,24.982607
278,®ç¶é¥«¤¤Ãc°Ï¥_¶é¸ô22¸¹1¼Ó¤Î2¼Ó,®ç¶é¥«¤¤Ãc°Ï¤å¤Æ¨½6¾F¥_¶é¸ô14¸¹,121.242603,24.984377
279,®ç¶é¥«¤¤Ãc°Ï¥_¶é¸ô22¸¹3¡B4¼Ó,®ç¶é¥«¤¤Ãc°Ï¤å¤Æ¨½6¾F¥_¶é¸ô14¸¹,121.242603,24.984377
280,®ç¶é¥«¤¤Ãc°Ï¥_¶é¸ô¢±¢³¸¹,®ç¶é¥«¤¤Ãc°Ï¤å¤Æ¨½6¾F¥_¶é¸ô14¸¹,121.242603,24.984377
281,®ç¶é¥«¤¤Ãc°Ï¥_¶é¸ô¢²¢¯¸¹,®ç¶é¥«¤¤Ãc°Ï¤å¤Æ¨½6¾F¥_¶é¸ô14¸¹,121.242603,24.984377
282,®ç¶é¥«¤¤Ãc°Ï¥_¶é¸ô38¸¹,®ç¶é¥«¤¤Ãc°Ï¤å¤Æ¨½6¾F¥_¶é¸ô14¸¹,121.242603,24.984377
283,®ç¶é¥«¤¤Ãc°Ï¥_¶é¸ô¤@¤C¸¹,®ç¶é¥«¤¤Ãc°Ï¤å¤Æ¨½6¾F¥_¶é¸ô31¤§1¸¹,121.241966,24.982607
284,®ç¶é¥«¤¤Ãc°Ï¥_¶é¸ô¤T¤E¸¹,®ç¶é¥«¤¤Ãc°Ï¤å¤Æ¨½6¾F¥_¶é¸ô31¤§1¸¹,121.241966,24.982607
285,®ç¶é¥«¤¤Ãc°Ï¦X¦`«n¸ô¤­¸¹,®ç¶é¥«¤¤Ãc°Ï¤å¤Æ¨½6¾F¦X¦`«n¸ô11¸¹,121.245998,24.986888
286,®ç¶é¥«¤¤Ãc°Ï¦X¦¿¤G¸ô¤Q¤­¸¹,®ç¶é¥«¤¤Ãc°Ï¤å¤Æ¨½6¾F¦X¦¿¤G¸ô15¸¹,121.245630,24.986318
287,®ç¶é¥«¤¤Ãc°Ï¦X¦¿¤G¸ô¥|¸¹,®ç¶é¥«¤¤Ãc°Ï¤å¤Æ¨½6¾F¦X¦¿¤G¸ô4¸¹,121.244309,24.985117
288,®ç¶é¥«¤¤Ãc°Ï¦NªL¸ô¤@¤K¸¹,®ç¶é¥«¤¤Ãc°Ï¤å¤Æ¨½20¾F¦NªL¸ô20¤§1¸¹,121.243118,24.978840
289,®ç¶é¥«¤¤Ãc°Ï¦NªL¸ô¤G¤G¸¹,®ç¶é¥«¤¤Ãc°Ï¤å¤Æ¨½20¾F¦NªL¸ô20¤§1¸¹,121.243118,24.978840
290,®ç¶é¥«¤¤Ãc°Ï¦wªF¸ô¤Q¤@¸¹,®ç¶é¥«¤¤Ãc°Ï¤å¤Æ¨½6¾F¦wªF¸ô11¸¹,121.244140,24.982260
291,®ç¶é¥«¤¤Ãc°Ï¦Û±j¤G¸ô¢·¸¹,®ç¶é¥«¤¤Ãc°Ï´_µØ¨½11¾F¦Û±j¤G¸ô8¸¹,121.245913,24.971200
292,®ç¶é¥«¤¤Ãc°Ï¦Û±j¤G¸ô¤G¸¹,®ç¶é¥«¤¤Ãc°Ï´_µØ¨½11¾F¦Û±j¤G¸ô2¸¹,121.245980,24.970052
293,®ç¶é¥«¤¤Ãc°Ï¦Û±j¥|¸ô¢´¸¹,®ç¶é¥«¤¤Ãc°Ï´_µØ¨½11¾F¦Û±j¥|¸ô5¸¹,121.241436,24.972415
294,®ç¶é¥«¤¤Ãc°Ï¦Û±j¥|¸ô9¸¹1¼Ó.2¼Ó,®ç¶é¥«¤¤Ãc°Ï´_µØ¨½11¾F¦Û±j¥|¸ô9¸¹,121.240667,24.972420
295,®ç¶é¥«¤¤Ãc°Ï¦Û±j¥|¸ô¤T¤§¤@¸¹,®ç¶é¥«¤¤Ãc°Ï´_µØ¨½11¾F¦Û±j¥|¸ô3¤§1¸¹,121.242767,24.972340
296,®ç¶é¥«¤¤Ãc°ÏªQ¦¿«n¸ô¤Q¤@¸¹,®ç¶é¥«¤¤Ãc°Ï¤å¤Æ¨½6¾FªQ¦¿«n¸ô11¸¹,121.247643,24.984438
297,®ç¶é¥«¤¤Ãc°ÏªQ¬f¸ô¤@¤T¸¹,®ç¶é¥«¤¤Ãc°Ï¤å¤Æ¨½6¾FªQ¬f¸ô13¸¹,121.246004,24.985596
298,®ç¶é¥«¤¤Ãc°Ï¤¤¤sªF¸ô¤G¬q¤@¤»¤»¸¹,®ç¶é¥«¤¤Ãc°Ï´¶±j¨½23¾F¤¤¤sªF¸ô¤G¬q166¸¹,121.239565,24.952476
299,®ç¶é¥«¤¤Ãc°Ï´¶©¾¸ô¢±¢°¢°«Ñ¢·§Ë¢´ÛÁ¢°¸¹¢°¼Ó,®ç¶é¥«¤¤Ãc°Ï´¶©¾¨½20¾F´¶©¾¸ô211«Ñ8§Ë1¸¹,121.246581,24.961041
300,®ç¶é¥«¤¤Ãc°Ï´¶©¾¸ô¢²¢´¢²¸¹,®ç¶é¥«¤¤Ãc°Ï´¶©¾¨½20¾F´¶©¾¸ô353¸¹,121.248941,24.958457
301,®ç¶é¥«¤¤Ãc°Ï´¶©¾¸ô¤G¤@¤@«Ñ¤@¡³¸¹,®ç¶é¥«¤¤Ãc°Ï´¶©¾¨½20¾F´¶©¾¸ô211«Ñ9¸¹,121.246390,24.961421
302,®ç¶é¥«¤¤Ãc°Ï´¶©¾¸ô¤G¤@¤@«Ñ¤C§Ë¤»¸¹,®ç¶é¥«¤¤Ãc°Ï´¶©¾¨½20¾F´¶©¾¸ô211«Ñ7§Ë6¸¹,121.246218,24.961406
303,®ç¶é¥«¤¤Ãc°Ï´¶©¾¸ô¤G¤@¤@«Ñ¤K§Ë¤G¤»¸¹,®ç¶é¥«¤¤Ãc°Ï´¶©¾¨½20¾F´¶©¾¸ô211«Ñ8§Ë26¸¹,121.246891,24.960422
304,®ç¶é¥«¤¤Ãc°Ï´¶©¾¸ô¤G¤@¤@«Ñ¤K§Ë¤K¸¹,®ç¶é¥«¤¤Ãc°Ï´¶©¾¨½20¾F´¶©¾¸ô211«Ñ8§Ë8¸¹,121.246905,24.961036
305,®ç¶é¥«¤¤Ãc°Ï´¶©¾¸ô¤G¤@¤@«Ñ¤K§Ë¤­ÛÁ¤C¸¹,®ç¶é¥«¤¤Ãc°Ï´¶©¾¨½20¾F´¶©¾¸ô211«Ñ8§Ë7¸¹,121.246753,24.961190
306,®ç¶é¥«¤¤Ãc°Ï´¶©¾¸ô¤G¤@¤@«Ñ¤K§Ë¤­ÛÁ¤K¸¹,®ç¶é¥«¤¤Ãc°Ï´¶©¾¨½20¾F´¶©¾¸ô211«Ñ8§Ë8¸¹,121.246905,24.961036
307,®ç¶é¥«¤¤Ãc°Ï´¶©¾¸ô¤G¤@¤@«Ñ¤K§Ë¤­ÛÁ¤­¸¹,®ç¶é¥«¤¤Ãc°Ï´¶©¾¨½20¾F´¶©¾¸ô211«Ñ8§Ë5¸¹,121.246684,24.961141
308,®ç¶é¥«¤¤Ãc°Ï´¶©¾¸ô¤G¤@¤@«Ñ¤K§Ë¤­ÛÁ¥|¸¹,®ç¶é¥«¤¤Ãc°Ï´¶©¾¨½20¾F´¶©¾¸ô211«Ñ8§Ë4¸¹,121.246339,24.960986
309,®ç¶é¥«¤¤Ãc°Ï´¶©¾¸ô¤G¤G¤@¸¹,®ç¶é¥«¤¤Ãc°Ï´¶©¾¨½20¾F´¶©¾¸ô221¸¹,121.246330,24.960752
310,®ç¶é¥«¤¤Ãc°Ï´¶©¾¸ô¤G¤T¤@«Ñ¤@¤T¤§¤­¸¹,®ç¶é¥«¤¤Ãc°Ï´¶©¾¨½20¾F´¶©¾¸ô231«Ñ18¤§2¸¹,121.247271,24.960724
311,®ç¶é¥«¤¤Ãc°Ï´¶©¾¸ô¤G¤T¤@«Ñ¤@¤T¸¹,®ç¶é¥«¤¤Ãc°Ï´¶©¾¨½20¾F´¶©¾¸ô231«Ñ13¸¹,121.246993,24.960938
312,®ç¶é¥«¤¤Ãc°Ï´¶©¾¸ô¤G¤T¤@«Ñ¤G¤T¸¹,®ç¶é¥«¤¤Ãc°Ï´¶©¾¨½20¾F´¶©¾¸ô231«Ñ23¸¹,121.247179,24.961132
313,®ç¶é¥«¤¤Ãc°Ï´¶©¾¸ô¤T¤T¤E¸¹,®ç¶é¥«¤¤Ãc°Ï´¶©¾¨½20¾F´¶©¾¸ô339¸¹,121.248310,24.958730
314,®ç¶é¥«¤¤Ãc°Ïºa¦w¤Eµó40¸¹,®ç¶é¥«¤¤Ãc°Ï¤¤¿³¨½5¾Fºa¦w¤Eµó40¸¹,121.257276,24.962395
315,®ç¶é¥«¤¤Ãc°Ï13¾F©µ¥­¸ô69¸¹,®ç¶é¥«¤¤Ãc°Ï¤¯¸q¨½13¾F©µ¥­¸ô69¸¹,121.231737,24.963319
316,®ç¶é¥«¤¤Ãc°Ï¤¤¤sªF¸ô¤@¬q¤@¤E¤@¸¹,®ç¶é¥«¤¤Ãc°Ï¼w¸q¨½7¾F¤¤¤sªF¸ô¤@¬q191¸¹,121.232787,24.956893
317,®ç¶é¥«¤¤Ãc°Ï¤¤µØ¸ô¢±¬q¢²¢µ¢¶«Ñ¢³¢¸¸¹,®ç¶é¥«¤¤Ãc°Ï©¾¸q¨½12¾F¤¤µØ¸ô¤G¬q367«Ñ49¸¹,121.236390,24.962703
318,®ç¶é¥«¤¤Ãc°Ï¤¤µØ¸ô¤@¬q¤K¤C¤E«Ñ¤­¸¹,®ç¶é¥«¤¤Ãc°Ï©¾¸q¨½10¾F¤¤µØ¸ô¤@¬q879«Ñ5¸¹,121.244682,24.966748
319,®ç¶é¥«¤¤Ãc°Ï¤¤µØ¸ô¤G¬q¤T¤»¤E¸¹,®ç¶é¥«¤¤Ãc°Ï¤¯¸q¨½9¾F¤¤µØ¸ô¤G¬q369¸¹,121.234397,24.958987
320,®ç¶é¥«¤¤Ãc°Ï¤¤µØ¸ô¤G¬q¤­¡³¥|¸¹,®ç¶é¥«¤¤Ãc°Ï©¾¸q¨½2¾F¤¤µØ¸ô¤G¬q102¤§1¸¹,121.241457,24.966487
321,®ç¶é¥«¤¤Ãc°Ï¨|¼Ö¸ô¤»¤­¸¹¤@¼Ó,®ç¶é¥«¤¤Ãc°Ï¤¯¸q¨½19¾F¨|¼Ö¸ô65¸¹,121.234937,24.965603
322,®ç¶é¥«¤¤Ãc°Ï©µ¥­¸ô¤@¥|¸¹,®ç¶é¥«¤¤Ãc°Ï¤¯¸q¨½14¾F©µ¥­¸ô6¤§1¸¹,121.233456,24.963685
323,®ç¶é¥«¤¤Ãc°Ï©µ¥­¸ô¤­¤­¸¹,®ç¶é¥«¤¤Ãc°Ï¤¯¸q¨½13¾F©µ¥­¸ô55¸¹,121.232210,24.963358
324,®ç¶é¥«¤¤Ãc°Ï´¶¸q¸ô¤G¤G¤G¸¹,®ç¶é¥«¤¤Ãc°Ï¤¯¸q¨½12¾F´¶¸q¸ô222¸¹,121.231220,24.961772
325,®ç¶é¥«¤¤Ãc°Ï´¶¸q¸ô¤K¤G¸¹,®ç¶é¥«¤¤Ãc°Ï¤¯¸q¨½9¾F´¶¸q¸ô82¸¹,121.233071,24.958808
326,®ç¶é¥«¤¤Ãc°Ï´¶¸q¸ô¤­¥|¸¹¤@¼Ó,®ç¶é¥«¤¤Ãc°Ï¤¯¸q¨½9¾F´¶¸q¸ô54¸¹,121.233536,24.958239
327,®ç¶é¥«¤¤Ãc°Ï¦ÊÃü¤@µó¤G¡³¸¹¤@¼Ó,®ç¶é¥«¤¤Ãc°ÏªL´Ë¨½8¾F¦ÊÃü¤@µó16¤§1¸¹,121.228791,24.944801
328,®ç¶é¥«¤¤Ãc°Ï·s¥Í¸ô¤@¤»¤­¸¹,®ç¶é¥«¤¤Ãc°Ï¿³°ê¨½12¾F·s¥Í¸ô165¸¹,121.222810,24.961221
329,®ç¶é¥«¤¤Ãc°Ï¦Û±j¤@¸ô¢°¢µ¡Ð¢±¸¹,®ç¶é¥«¤¤Ãc°Ï´_µØ¨½11¾F¦Û±j¤@¸ô16¤§6¸¹,121.245022,24.973292
330,®ç¶é¥«¤¤Ãc°Ï¦Û±j¥|¸ô¤T¤§¤G¸¹¤@¼Ó,®ç¶é¥«¤¤Ãc°Ï´_µØ¨½11¾F¦Û±j¥|¸ô3¤§1¸¹,121.242767,24.972340
331,®ç¶é¥«¤¤Ãc°Ï¦Û±j¥|¸ô¤T¤§¤G¸¹¤G¡B¤T¡B¥|¼Ó,®ç¶é¥«¤¤Ãc°Ï´_µØ¨½11¾F¦Û±j¥|¸ô3¤§1¸¹,121.242767,24.972340
332,®ç¶é¥«¤¤Ãc°Ï¤¤ºÖ¸ô¢±¬q¢°¢¯«Ñ¢¸¸¹,®ç¶é¥«¤¤Ãc°Ï¥ÃºÖ¨½5¾F¤¤ºÖ¸ô¤G¬q10«Ñ9¸¹,121.233706,24.979626
333,®ç¶é¥«¤¤Ãc°Ï¦è¶é¸ô¢°¢²¢¯¤§¢°¸¹,®ç¶é¥«¤¤Ãc°Ï¥ÃºÖ¨½6¾F¦è¶é¸ô130¤§1¸¹,121.234283,24.979779
334,®ç¶é¥«¤¤Ãc°Ï¦è¶é¸ô¢°¢²¢¯¸¹¢°¼Ó¤Î¢±¼Ó,®ç¶é¥«¤¤Ãc°Ï¥ÃºÖ¨½6¾F¦è¶é¸ô130¸¹,121.234283,24.979782
335,®ç¶é¥«¤¤Ãc°ÏªF¶é¤G¸ô¢±¢°¸¹,®ç¶é¥«¤¤Ãc°Ï¥ÃºÖ¨½7¾FªF¶é¤G¸ô21¸¹,121.237836,24.976784
336,®ç¶é¥«¤¤Ãc°ÏªF¶é¤G¸ô¤@¢¯¸¹,®ç¶é¥«¤¤Ãc°Ï¥ÃºÖ¨½7¾FªF¶é¤G¸ô10¸¹,121.238419,24.975204
337,®ç¶é¥«¤¤Ãc°ÏªF¶é¤G¸ô¤­¸¹,®ç¶é¥«¤¤Ãc°Ï¥ÃºÖ¨½7¾FªF¶é¤G¸ô5¸¹,121.237826,24.974640
338,®ç¶é¥«¤¤Ãc°ÏªF¶é¸ô¤C¤E¸¹¥|¼Ó,®ç¶é¥«¤¤Ãc°Ï¥ÃºÖ¨½7¾FªF¶é¸ô9¤§1¸¹,121.239127,24.968796
339,®ç¶é¥«¤¤Ãc°Ï«n¶é¸ô¢°¢°¸¹¢°¼Ó,®ç¶é¥«¤¤Ãc°Ï¥ÃºÖ¨½7¾F«n¶é¸ô11¸¹,121.237712,24.970347
340,®ç¶é¥«¤¤Ãc°Ï¢³¾FÀs¿³¸ô¢³¢¯¢°«Ñ¢±¤§¢°¸¹¢±¼Ó,®ç¶é¥«¤¤Ãc°ÏÀs¼w¨½4¾FÀs¿³¸ô401«Ñ2¤§1¸¹,121.241873,24.940246
341,®ç¶é¥«¤¤Ãc°Ï¢µ¾FÀs¿³¸ô¢³¢°¢´«Ñ¢±¢µ¸¹¢°¼Ó,®ç¶é¥«¤¤Ãc°ÏÀs¼w¨½4¾FÀs¿³¸ô415«Ñ26¸¹,121.241428,24.940756
342,®ç¶é¥«¤¤Ãc°Ï¦NªL¸ô¢±¢¯¸¹,®ç¶é¥«¤¤Ãc°Ï¤å¤Æ¨½20¾F¦NªL¸ô20¤§2¸¹,121.243634,24.978932
343,®ç¶é¥«¤¤Ãc°ÏÀs¿³¸ô415«Ñ21¤§1¸¹1¼Ó,®ç¶é¥«¤¤Ãc°ÏÀs¼w¨½4¾FÀs¿³¸ô415«Ñ21¤§1¸¹,121.241397,24.940510
344,®ç¶é¥«¤¤Ãc°ÏÀs¿³¸ô415«Ñ21¤§1¸¹2¼Ó,®ç¶é¥«¤¤Ãc°ÏÀs¼w¨½4¾FÀs¿³¸ô415«Ñ21¤§1¸¹,121.241397,24.940510
345,®ç¶é¥«¤¤Ãc°ÏÀs¿³¸ô¥|¤@¤­«Ñ¤@¡³¸¹,®ç¶é¥«¤¤Ãc°ÏÀs¼w¨½4¾FÀs¿³¸ô415«Ñ1¤§1¸¹,121.241908,24.940390
346,®ç¶é¥«¤¤Ãc°ÏÀs¿³¸ô¥|¤@¤­«Ñ¤G¤G¸¹,®ç¶é¥«¤¤Ãc°ÏÀs¼w¨½4¾FÀs¿³¸ô415«Ñ22¸¹,121.241533,24.940726
347,®ç¶é¥«¤¤Ãc°ÏÀs¿³¸ô¥|¤G¤@¸¹¤@¼Ó,®ç¶é¥«¤¤Ãc°ÏÀs¼w¨½4¾FÀs¿³¸ô421¸¹,121.242157,24.940611
348,®ç¶é¥«¤¤Ãc°Ï¤¤Â×¸ô180¸¹1¼Ó,®ç¶é¥«¤¤Ãc°Ï¿³¥­¨½10¾F¤¤Â×¸ô180¸¹,121.219637,24.961185
349,®ç¶é¥«¥­Âí°Ï¤¤Â×¸ô«n¶Õ¤G¬q¥|¤»¡³«Ñ¤@¡³¤K¸¹,®ç¶é¥«¥­Âí°Ï«n¶Õ¨½6¾F¤¤Â×¸ô«n¶Õ¤G¬q1¤§1¸¹,121.211646,24.919786
350,®ç¶é¥«¥­Âí°ÏÃö·Ý¥_¸ô¤@¤@¤C¸¹,®ç¶é¥«¥­Âí°Ï¥_¿³¨½31¾FÃö·Ý¥_¸ô117¸¹,121.217782,24.932762
351,®ç¶é¥«¥­Âí°ÏÃö·ÝªF¸ô¢±¢±¸¹,®ç¶é¥«¥­Âí°Ï¥_¶Q¨½18¾FÃö·ÝªF¸ô2¤§1¸¹,121.219917,24.929133
352,®ç¶é¥«¥­Âí°ÏÃö·ÝªF¸ô37«Ñ1¸¹2¼Ó,®ç¶é¥«¥­Âí°Ï¥_¶Q¨½20¾FÃö·ÝªF¸ô37«Ñ1¸¹,121.221357,24.928779
353,®ç¶é¥«¥­Âí°ÏÃö·ÝªF¸ô¤@¤G¸¹,®ç¶é¥«¥­Âí°Ï¥_¶Q¨½18¾FÃö·ÝªF¸ô12¸¹,121.220682,24.928572
354,®ç¶é¥«¥­Âí°Ï¤¤±e¸ô¤@¬q¤@¤G¤E¤§¤T¸¹,®ç¶é¥«¥­Âí°ÏÂí¿³¨½22¾F¤¤±e¸ô¤@¬q129¤§1¸¹,121.200503,24.908567
355,®ç¶é¥«¥­Âí°Ï¤¤¿³¸ô¥|¤E¤T¡D¥|¤E¤­¸¹,®ç¶é¥«¥­Âí°ÏÂí¿³¨½13¾F¤¤¿³¸ô¥­Âí¬q263¤§1¸¹,121.191058,24.904353
356,®ç¶é¥«¥­Âí°Ï¤¤¿³¸ô¥­Âí¬q¤­¤G¤C¸¹,®ç¶é¥«¥­Âí°ÏÂí¿³¨½18¾F¤¤¿³¸ô¥­Âí¬q527¸¹,121.194002,24.897129
357,®ç¶é¥«¥­Âí°Ï«n¥­¸ô¤G¬q¥|¤K¤C¸¹¤@¼Ó,®ç¶é¥«¥­Âí°ÏÂí¿³¨½3¾F«n¥­¸ô¤G¬q487¸¹,121.192033,24.921649
358,®ç¶é¥«¥­Âí°Ï¿³¶©¸ô¢¸¢°¸¹,®ç¶é¥«¥­Âí°ÏÂí¿³¨½16¾F¿³¶©¸ô91¸¹,121.190062,24.899314
359,®ç¶é¥«¥­Âí°Ï¿³¶©¸ô¤G¤T¡³¸¹,®ç¶é¥«¥­Âí°ÏÂí¿³¨½16¾F¿³¶©¸ô2¤§1¸¹,121.189542,24.905682
360,®ç¶é¥«¥­Âí°Ï±R¸q¤­µó¤»«Ñ¤T¸¹¤@¼Ó,®ç¶é¥«¥­Âí°Ï¥­¿³¨½10¾F±R¸q¤­µó6«Ñ3¸¹,121.205141,24.943848
361,®ç¶é¥«¥­Âí°Ï·s¥ú¸ô¤G¬q¤K¤T¸¹,®ç¶é¥«¥­Âí°Ï¼s¤¯¨½1¾F·s¥ú¸ô¤G¬q83¸¹,121.204851,24.931195
362,®ç¶é¥«¥­Âí°Ï¼s¸qµó¤@¤K¸¹¤@¼Ó,®ç¶é¥«¥­Âí°Ï¥­¿³¨½14¾F¼s¸qµó18¸¹,121.203509,24.945442
363,®ç¶é¥«¥­Âí°Ï¤Ó¥­ªF¸ô¤T¸¹,®ç¶é¥«¥­Âí°Ï·s¦w¨½1¾F¤Ó¥­ªF¸ô1¤§20¸¹,121.250242,24.904105
364,®ç¶é¥«¥­Âí°ÏªF¥ú¸ô¤@¤­¸¹,®ç¶é¥«¥­Âí°Ï·s¦w¨½19¾FªF¥ú¸ô15¸¹,121.254011,24.918219
365,®ç¶é¥«¥­Âí°Ï¤¤¿³¸ô¤EÀs¬q172«Ñ89¸¹1¼Ó,§ä¤£¨ì«ü©wªºªùµP¦a§}¡C,,
366,®ç¶é¥«¥­Âí°Ïª÷?´ò¤­¤­¤§¤G¸¹,®ç¶é¥«¥­Âí°Ï¥_¶Q¨½13¾F¤j´¼µó1¤§1¸¹,121.227058,24.928842
367,®ç¶é¥«¥­Âí°Ï¤¤Â×¸ô«n¶Õ¤G¬q¥|¤»¡³«Ñ¤@¤@¤C¸¹,®ç¶é¥«¥­Âí°Ï«n¶Õ¨½35¾F¤¤Â×¸ô«n¶Õ¤G¬q117¸¹,121.210882,24.915978
368,®ç¶é¥«¥­Âí°Ï¤¤Â×¸ô«n¶Õ¤G¬q¥|¤»¡³«Ñ¤@¤@¤E¸¹,®ç¶é¥«¥­Âí°Ï«n¶Õ¨½35¾F¤¤Â×¸ô«n¶Õ¤G¬q119¸¹,121.210874,24.915875
369,®ç¶é¥«¥­Âí°Ï¤Ñ¬zµó¢°¢¶¢°¸¹,®ç¶é¥«¥­Âí°Ï¥­«n¨½40¾F¤Ñ¬zµó171¸¹,121.207396,24.908529
370,®ç¶é¥«¥­Âí°Ï¤¤Â×¸ô¤G¬q¤»¸¹¤@¼Ó,®ç¶é¥«¥­Âí°Ï¥­¦w¨½1¾F¤¤Â×¸ô«n¶Õ¤@¬q6¸¹,121.211949,24.924733
371,®ç¶é¥«¥­Âí°Ï¤¤Â×¸ô¤G¬q¥|¤G¸¹,®ç¶é¥«¥­Âí°Ï¥­¦w¨½24¾F¤¤Â×¸ô«n¶Õ¤G¬q42¸¹,121.210957,24.918637
372,®ç¶é¥«¥­Âí°Ï¤Ó¥­ªF¸ô1-21¸¹3¼Ó,®ç¶é¥«¥­Âí°Ï·s¦w¨½1¾F¤Ó¥­ªF¸ô1¤§21¸¹,121.250553,24.904205
373,®ç¶é¥«¥­Âí°Ï¤Ó¥­ªF¸ô¢°¤§¢±¢°¸¹¡]¦a¤U¼h¡B1¡B2¡B3¡B4¡B5¼Ó¡^,®ç¶é¥«¥­Âí°Ï·s¦w¨½1¾F¤Ó¥­ªF¸ô1¤§21¸¹,121.250553,24.904205
374,®ç¶é¥«¥­Âí°Ï¬x¦`¸ô¤G¤T¡³¸¹,®ç¶é¥«¥­Âí°Ï·s¦w¨½1¾F¬x¦`¸ô326¤§1¸¹,121.249312,24.907149
375,®ç¶é¥«¥­Âí°Ï¬x¦`¸ô¤T¤C¤K¸¹,®ç¶é¥«¥­Âí°ÏªF¶Õ¨½16¾F¬x¦`¸ô378¤§16¸¹,121.247924,24.903298
376,®ç¶é¥«¥­Âí°Ï¤u·~¤@¸ô¢°¢³¤§¢±¸¹¢°¼Ó,®ç¶é¥«¥­Âí°Ï´éÂ×¨½15¾F¤u·~¤@¸ô14¤§2¸¹,121.204419,24.905456
377,®ç¶é¥«¥­Âí°Ï¤u·~¤@¸ô¤@¡³¸¹,®ç¶é¥«¥­Âí°Ï´éÂ×¨½15¾F¤u·~¤@¸ô1¤§1¸¹,121.204231,24.900555
378,®ç¶é¥«¥­Âí°Ï¤u·~¤@¸ô¤@¥|¤§¤G¡B¤@¥|¤§¤E¸¹¥|¼Ó,®ç¶é¥«¥­Âí°Ï´éÂ×¨½15¾F¤u·~¤@¸ô1¤§1¸¹,121.204231,24.900555
379,®ç¶é¥«¥­Âí°Ï¤u·~¤C¸ô8¸¹1¼Ó,®ç¶é¥«¥­Âí°Ï´é¦w¨½21¾F¤u·~¤C¸ô8¸¹,121.204630,24.898096
380,®ç¶é¥«¥­Âí°Ï¤u·~¤C¸ô¤K¸¹,®ç¶é¥«¥­Âí°Ï´é¦w¨½21¾F¤u·~¤C¸ô8¸¹,121.204630,24.898096
381,®ç¶é¥«¥­Âí°Ï¤u·~¤C¸ô¤»¸¹,®ç¶é¥«¥­Âí°Ï´é¦w¨½21¾F¤u·~¤C¸ô6¸¹,121.204562,24.898649
382,®ç¶é¥«¥­Âí°Ï¤u·~¤G¸ô7¸¹,®ç¶é¥«¥­Âí°Ï´éÂ×¨½15¾F¤u·~¤G¸ô7¸¹,121.201598,24.902529
383,®ç¶é¥«¥­Âí°Ï¤u·~¤G¸ô¤@¤C¸¹,®ç¶é¥«¥­Âí°Ï´éÂ×¨½15¾F¤u·~¤G¸ô17¸¹,121.201044,24.904974
384,®ç¶é¥«¥­Âí°Ï¤u·~¤G¸ô¤@¤­¸¹,®ç¶é¥«¥­Âí°Ï´éÂ×¨½15¾F¤u·~¤G¸ô15¸¹,121.201393,24.905026
385,®ç¶é¥«¥­Âí°Ï¤u·~¤G¸ô¤G¤§¤@¸¹,®ç¶é¥«¥­Âí°Ï´éÂ×¨½15¾F¤u·~¤G¸ô2¤§1¸¹,121.202738,24.901132
386,®ç¶é¥«¥­Âí°Ï¤u·~¤Q¤G¸ô¢°¸¹,®ç¶é¥«¥­Âí°Ï´é¦w¨½21¾F¤u·~¤Q¤G¸ô1¸¹,121.203882,24.897264
387,®ç¶é¥«¥­Âí°Ï¤u·~¤Q¤G¸ô¤G¸¹,®ç¶é¥«¥­Âí°Ï´é¦w¨½21¾F¤u·~¤Q¤G¸ô2¸¹,121.203064,24.897166
388,®ç¶é¥«¥­Âí°Ï¤u·~¤Q¤G¸ô¤­¸¹,®ç¶é¥«¥­Âí°Ï´é¦w¨½21¾F¤u·~¤Q¤G¸ô5¸¹,121.203696,24.896257
389,®ç¶é¥«¥­Âí°Ï¤u·~¤T¸ô¤@¤§¤@¸¹,®ç¶é¥«¥­Âí°Ï´éÂ×¨½15¾F¤u·~¤T¸ô1¤§1¸¹,121.199716,24.900714
390,®ç¶é¥«¥­Âí°Ï¤u·~¤T¸ô¤C¸¹,®ç¶é¥«¥­Âí°Ï´éÂ×¨½15¾F¤u·~¤T¸ô7¸¹,121.199533,24.902314
391,®ç¶é¥«¥­Âí°Ï¤u·~«n¸ô¤@¤­¤E¸¹¤@¼Ó,®ç¶é¥«¥­Âí°Ï´é¦w¨½15¾F¤u·~«n¸ô159¸¹,121.200930,24.896257
392,®ç¶é¥«¥­Âí°Ï¦Û¥Ñµó¤C«Ñ¥|¤»¡B¥|¤K¸¹¤@¼Ó,®ç¶é¥«¥­Âí°Ï´é¦w¨½5¾F¦Û¥Ñµó7«Ñ7¸¹,121.203726,24.890763
393,®ç¶é¥«¥­Âí°Ï¥­ªF¸ô¤@¬q¤@¤C¤K«Ñ¤G¤»§Ë¤@¡³¸¹,®ç¶é¥«¥­Âí°Ï«Ø¦w¨½25¾F¥­ªF¸ô¤@¬q178«Ñ26§Ë1¸¹,121.232886,24.913434
394,®ç¶é¥«¥­Âí°Ï¥­ªF¸ô¤@¬q¤@¤C¤K«Ñ¤G¤»§Ë¤@¸¹¡B¤T¸¹,®ç¶é¥«¥­Âí°Ï«Ø¦w¨½25¾F¥­ªF¸ô¤@¬q178«Ñ26§Ë1¸¹,121.232886,24.913434
395,®ç¶é¥«¥­Âí°Ï¥­ªF¸ô¤@¬q¤@¤C¤K«Ñ¤T¤K§Ë¤G¸¹,®ç¶é¥«¥­Âí°Ï«Ø¦w¨½25¾F¥­ªF¸ô¤@¬q178«Ñ38§Ë2¸¹,121.232934,24.913762
396,®ç¶é¥«¥­Âí°Ï´é?¸ô¢²¢µ«Ñ¢²¢¸¸¹¢°¼Ó,§ä¤£¨ì«ü©wªºªùµP¦a§}¡C,,
397,®ç¶é¥«¥­Âí°Ï¤u·~¤Q¸ô8¤§1¸¹,®ç¶é¥«¥­Âí°Ï´é¦w¨½21¾F¤u·~¤Q¸ô8¤§2¸¹,121.202680,24.897615
398,®ç¶é¥«¥­Âí°Ïª÷³®¸ô4¬q477«Ñ10¸¹,®ç¶é¥«¥­Âí°Ï«Ø¦w¨½29¾Fª÷³®¸ô¥|¬q477«Ñ10¸¹,121.231786,24.912145
399,®ç¶é¥«¥­Âí°ÏÃö·Ý¦è¸ô¤G¸¹,®ç¶é¥«¥­Âí°Ï·s¶Q¨½12¾FÃö·Ý¦è¸ô2¸¹,121.218110,24.930450
400,®ç¶é¥«¥­Âí°ÏÃö·Ý¦è¸ô¤T¤K«Ñ¤­¤G¸¹,®ç¶é¥«¥­Âí°Ï·s¶Q¨½11¾FÃö·Ý¦è¸ô38«Ñ52¸¹,121.216708,24.929063
401,®ç¶é¥«¥­Âí°Ï¨|¹F¸ô¤G¤@¤E«Ñ¤G§Ë¤@¸¹,®ç¶é¥«¥­Âí°Ï¸q¿³¨½9¾F¨|¹F¸ô219«Ñ2§Ë1¸¹,121.207840,24.951109
402,®ç¶é¥«¥­Âí°Ï·s¿³¸ô¤@¤C¤C«Ñ¤@¤»¸¹,®ç¶é¥«¥­Âí°Ï¸q¿³¨½5¾F·s¿³¸ô177«Ñ16¸¹,121.208463,24.949422
403,®ç¶é¥«¥­Âí°Ï·s¿³¸ô¤@¤C¤C«Ñ¤G¥|§Ë¤K¸¹¤@¼Ó,®ç¶é¥«¥­Âí°Ï¸q¿³¨½5¾F·s¿³¸ô177«Ñ24§Ë8¸¹,121.208828,24.949394
404,®ç¶é¥«¥­Âí°Ï¿³¶©¸ô¤G¥|¤»¸¹,®ç¶é¥«¥­Âí°ÏÂí¿³¨½16¾F¿³¶©¸ô246¸¹,121.189514,24.898759
405,®ç¶é¥«¥­Âí°Ï¿³¶©µó¤G¤T¤K¸¹,§ä¤£¨ì«ü©wªºªùµP¦a§}¡C,,
406,®ç¶é¥«¥­Âí°Ï¥Á±Ú¸ô?³s¤G¬q¤@¤»¤T¸¹,®ç¶é¥«¥­Âí°ÏÂù³s¨½20¾F¥Á±Ú¸ôÂù³s¤G¬q163¸¹,121.181789,24.958144
407,®ç¶é¥«®ç¶é°Ï¤¤¤s¸ô¢°¢¯¢¯¢¯¤§¢´¸¹¢°¢³¼Ó¤§¢´,®ç¶é¥«®ç¶é°Ï¤¤«H¨½25¾F¤¤¤s¸ô1000¤§5¸¹,121.285283,24.989446
408,®ç¶é¥«®ç¶é°Ï¤¤¤s¸ô¢°¢¯¢¯¢¯¤§¢´¸¹¢°¢´¼Ó¤§¢³,®ç¶é¥«®ç¶é°Ï¤¤«H¨½25¾F¤¤¤s¸ô1000¤§5¸¹,121.285283,24.989446
409,®ç¶é¥«®ç¶é°Ï¤¤¤s¸ô956«Ñ121¸¹,®ç¶é¥«®ç¶é°Ï¤¤«H¨½21¾F¤¤¤s¸ô956«Ñ121¸¹,121.284933,24.991567
410,®ç¶é¥«®ç¶é°Ï¤¤¤s¸ô¢¸¢´¢µ«Ñ¢¶¢°¸¹,®ç¶é¥«®ç¶é°Ï¤¤«H¨½20¾F¤¤¤s¸ô956«Ñ71¸¹,121.286011,24.990375
411,®ç¶é¥«®ç¶é°Ï¤¤¤s¸ô¢¸¢´¢µ«Ñ¢¸¢µ¸¹¢°¼Ó,®ç¶é¥«®ç¶é°Ï¤¤«H¨½21¾F¤¤¤s¸ô956«Ñ96¸¹,121.285611,24.990923
412,®ç¶é¥«®ç¶é°Ï¤¤¤s¸ô¤E¤­¤»«Ñ¤@¡³¤G¸¹,®ç¶é¥«®ç¶é°Ï¤¤«H¨½20¾F¤¤¤s¸ô956«Ñ24¤§1¸¹,121.287336,24.990014
413,®ç¶é¥«®ç¶é°Ï¤¤¤s¸ô¤E¤­¤»«Ñ¤E¤G¸¹,®ç¶é¥«®ç¶é°Ï¤¤«H¨½21¾F¤¤¤s¸ô956«Ñ92¸¹,121.285645,24.990796
414,®ç¶é¥«®ç¶é°Ï¤¤¤s¸ô¤E¤­¤»«Ñ¤E¤T¸¹¥|¡B¤­¼Ó,®ç¶é¥«®ç¶é°Ï¤¤«H¨½21¾F¤¤¤s¸ô956«Ñ93¸¹,121.285236,24.990770
415,®ç¶é¥«®ç¶é°Ï¤¤¤s¸ô¤E¤­¤»«Ñ¤E¤»¸¹¤G¼Ó,®ç¶é¥«®ç¶é°Ï¤¤«H¨½21¾F¤¤¤s¸ô956«Ñ96¸¹,121.285611,24.990923
416,®ç¶é¥«®ç¶é°Ï¦N¦wµó¤@¥|¤T¸¹,®ç¶é¥«®ç¶é°Ï¤¤¦¨¨½10¾F¦N¦wµó143¸¹,121.290912,25.004083
417,®ç¶é¥«®ç¶é°Ï©µ¹Øµó¤K¤E¸¹¤@¼Ó,®ç¶é¥«®ç¶é°Ï¤¤¸ô¨½2¾F©µ¹Øµó7¤§1¸¹,121.293411,24.991765
418,®ç¶é¥«®ç¶é°Ï®ç¼w¸ô¢°¢°¢²«Ñ¢²¢¶¤§¢°¸¹,®ç¶é¥«®ç¶é°Ï¤¤¼w¨½13¾F®ç¼w¸ô113«Ñ37¤§1¸¹,121.293581,24.967614
419,®ç¶é¥«®ç¶é°Ï®ç¼w¸ô39«Ñ55¸¹,®ç¶é¥«®ç¶é°Ï¤¤¼w¨½®ç¼w¸ô39«Ñ55¸¹,121.292900,24.965673
420,®ç¶é¥«®ç¶é°Ï¤¤¤s¸ô¢°¢¯¢¯¢¯¡Ð¢°¸¹¢°¼Ó¤§¢±,®ç¶é¥«®ç¶é°Ï¤¤«H¨½23¾F¤¤¤s¸ô1000¤§1¸¹,121.285459,24.989048
421,®ç¶é¥«®ç¶é°Ï¤¤¤s¸ô¢°¢¯¢¯¢¯¤§¢°¸¹¢¶¼Ó¤§¢±,®ç¶é¥«®ç¶é°Ï¤¤«H¨½23¾F¤¤¤s¸ô1000¤§1¸¹,121.285459,24.989048
422,®ç¶é¥«®ç¶é°Ï¤¤¤s¸ô¢°¢¯¢¯¢¯¸¹¢°¢²¼Ó¤§¢°¢±,®ç¶é¥«®ç¶é°Ï¤¤«H¨½22¾F¤¤¤s¸ô1000¸¹,121.285375,24.988722
423,®ç¶é¥«®ç¶é°Ï¤¤¤s¸ô¢°¢¯¢¯¢¯¸¹¢²¼Ó¤§¢´,®ç¶é¥«®ç¶é°Ï¤¤«H¨½22¾F¤¤¤s¸ô1000¸¹,121.285375,24.988722
424,®ç¶é¥«®ç¶é°Ï¤¤¤s¸ô¢°¢¯¢¯¢¯¸¹¢·¼Ó¤§¢²,®ç¶é¥«®ç¶é°Ï¤¤«H¨½22¾F¤¤¤s¸ô1000¸¹,121.285375,24.988722
425,®ç¶é¥«®ç¶é°Ï¥¿¥úµó¤@¤T¤C¸¹,§ä¤£¨ì«ü©wªºªùµP¦a§}¡C,,
426,®ç¶é¥«®ç¶é°Ï¥Ã¦w¸ô¤­¤T¤­«Ñ¤@¤G¸¹,®ç¶é¥«®ç¶é°Ï¤¤¦¨¨½6¾F¥Ã¦w¸ô535«Ñ12¸¹,121.294985,25.003909
427,®ç¶é¥«®ç¶é°Ï²ø¤Gµó¤@¤»¤»«Ñ¤T¥|¸¹,®ç¶é¥«®ç¶é°Ï¥_®H¨½11¾F²ø¤Gµó166«Ñ34¸¹,121.293167,25.024137
428,®ç¶é¥«®ç¶é°Ï·ç¼y¸ô¤T¤C¤C«Ñ¤»¸¹¤@¼Ó,®ç¶é¥«®ç¶é°Ï·ç¼y¨½6¾F·ç¼y¸ô377«Ñ6¸¹,121.291383,25.019121
429,®ç¶é¥«®ç¶é°Ï·R¤Qµó¤T¤T¸¹,®ç¶é¥«®ç¶é°Ïªø¦w¨½19¾F·R¤Qµó33¸¹,121.302274,25.005273
430,®ç¶é¥«®ç¶é°Ï¥É¤sµó150¸¹,®ç¶é¥«®ç¶é°Ï®õ¤s¨½16¾F¥É¤sµó150¸¹,121.300518,24.987730
431,®ç¶é¥«®ç¶é°Ï¥É¤sµó¢°¢¶¢µ¸¹¢°¼Ó,®ç¶é¥«®ç¶é°Ï®õ¤s¨½16¾F¥É¤sµó176¸¹,121.300519,24.986687
432,®ç¶é¥«®ç¶é°Ï¥É¤sµó¢°¢¶¢µ¸¹¢±¼Ó,®ç¶é¥«®ç¶é°Ï®õ¤s¨½16¾F¥É¤sµó176¸¹,121.300519,24.986687
433,®ç¶é¥«®ç¶é°Ï¥É¤sµó¤@¤K¤»¸¹,®ç¶é¥«®ç¶é°Ï®õ¤s¨½1¾F¥É¤sµó186¸¹,121.300328,24.985960
434,®ç¶é¥«®ç¶é°Ï¥É¤sµó¤@¤­¥|¸¹,®ç¶é¥«®ç¶é°Ï®õ¤s¨½16¾F¥É¤sµó154¸¹,121.300529,24.987588
435,®ç¶é¥«®ç¶é°Ï¥É¤sµó¤@¥|¤K¸¹,®ç¶é¥«®ç¶é°Ï®õ¤s¨½16¾F¥É¤sµó148¸¹,121.300491,24.987887
436,®ç¶é¥«®ç¶é°Ï¥É¤sµó¤G¤@¥|¸¹,®ç¶é¥«®ç¶é°Ï®õ¤s¨½1¾F¥É¤sµó214¸¹,121.299917,24.985158
437,®ç¶é¥«®ç¶é°Ï®õ¦¨¸ô¤»¤G«Ñ¤­¤G¡B¤­¥|¡B¤­¤»¸¹¤@¼Ó,®ç¶é¥«®ç¶é°Ï®õ¤s¨½6¾F®õ¦¨¸ô62«Ñ62¸¹,121.297351,24.988893
438,®ç¶é¥«®ç¶é°Ï®õ¦¨¸ô¤»¤G«Ñ¤­¤­¸¹,®ç¶é¥«®ç¶é°Ï®õ¤s¨½6¾F®õ¦¨¸ô62«Ñ55¸¹,121.297660,24.988704
439,®ç¶é¥«®ç¶é°Ï®õ¦¨¸ô¤»¤G«Ñ¤­¥|¡B¤­¤»¸¹¤G¼Ó,®ç¶é¥«®ç¶é°Ï®õ¤s¨½6¾F®õ¦¨¸ô62«Ñ62¸¹,121.297351,24.988893
440,®ç¶é¥«®ç¶é°Ï®õ¦¨¸ô¤»¤G«Ñ¥|¤K¸¹,®ç¶é¥«®ç¶é°Ï®õ¤s¨½6¾F®õ¦¨¸ô62«Ñ48¸¹,121.297568,24.989109
441,®ç¶é¥«®ç¶é°Ï¼é¦{µó¤G¤E¸¹,§ä¤£¨ì«ü©wªºªùµP¦a§}¡C,,
442,®ç¶é¥«®ç¶é°Ï¼é¦{µó¤­¤»¸¹,§ä¤£¨ì«ü©wªºªùµP¦a§}¡C,,
443,®ç¶é¥«®ç¶é°Ï¼é¬wµó¤@¤K¡B¤G¡³¸¹,®ç¶é¥«®ç¶é°Ï®õ¤s¨½3¾F¼é¬wµó6¤§2¸¹,121.300324,24.987045
444,®ç¶é¥«®ç¶é°Ï¼é¬wµó¤K¡B¤@¡³¸¹,®ç¶é¥«®ç¶é°Ï®õ¤s¨½3¾F¼é¬wµó6¤§2¸¹,121.300324,24.987045
445,®ç¶é¥«®ç¶é°Ï¼é¬wµó¤»¤G¸¹,®ç¶é¥«®ç¶é°Ï®õ¤s¨½3¾F¼é¬wµó62¸¹,121.299518,24.987792
446,®ç¶é¥«®ç¶é°Ï¼é¬wµó¤»¤K¡B¤C¢¯¸¹,®ç¶é¥«®ç¶é°Ï®õ¤s¨½3¾F¼é¬wµó6¤§2¸¹,121.300324,24.987045
447,®ç¶é¥«®ç¶é°Ï¼é¬wµó¤»¤§¤T¸¹,®ç¶é¥«®ç¶é°Ï®õ¤s¨½3¾F¼é¬wµó10¤§1¸¹,121.300127,24.987016
448,®ç¶é¥«®ç¶é°Ï¼é¬wµó¥|¤G¸¹,®ç¶é¥«®ç¶é°Ï®õ¤s¨½3¾F¼é¬wµó42¸¹,121.299683,24.987325
449,®ç¶é¥«®ç¶é°Ï¤¤¤s¸ô¤G¤­¤G¤§¤G¸¹¤T¼Ó,®ç¶é¥«®ç¶é°Ï¥Á¥Í¨½5¾F¤¤¤s¸ô1¤§1¸¹,121.313096,24.995248
450,®ç¶é¥«®ç¶é°Ï?®w¦èµó¢³¢µ«Ñ¢°¢¯¸¹¡@,§ä¤£¨ì«ü©wªºªùµP¦a§}¡C,,
451,®ç¶é¥«®ç¶é°Ï?®w¦èµó¢·¢·¸¹,§ä¤£¨ì«ü©wªºªùµP¦a§}¡C,,
452,®ç¶é¥«®ç¶é°Ï?®w¦èµó¤­¤G¸¹,§ä¤£¨ì«ü©wªºªùµP¦a§}¡C,,
453,®ç¶é¥«®ç¶é°Ï?®w¦èµó¤»¤G¸¹,§ä¤£¨ì«ü©wªºªùµP¦a§}¡C,,
454,®ç¶é¥«®ç¶é°Ï?®w¦èµó¥|¥|¸¹,§ä¤£¨ì«ü©wªºªùµP¦a§}¡C,,
455,®ç¶é¥«®ç¶é°Ï?®wµó¤­¤»¸¹,§ä¤£¨ì«ü©wªºªùµP¦a§}¡C,,
456,®ç¶é¥«®ç¶é°Ï?°È¸ô22-1«Ñ26¸¹,§ä¤£¨ì«ü©wªºªùµP¦a§}¡C,,
457,®ç¶é¥«®ç¶é°Ï?°È¸ô¢±¢±¤§¢°«Ñ¢°¢µ¸¹,§ä¤£¨ì«ü©wªºªùµP¦a§}¡C,,
458,®ç¶é¥«®ç¶é°Ï?°È¸ô26-1¸¹2¼Ó,§ä¤£¨ì«ü©wªºªùµP¦a§}¡C,,
459,®ç¶é¥«®ç¶é°Ï?°È¸ô50¸¹2¼Ó,§ä¤£¨ì«ü©wªºªùµP¦a§}¡C,,
460,®ç¶é¥«®ç¶é°Ï?°È¸ô¤G¤G«Ñ¤G¸¹,§ä¤£¨ì«ü©wªºªùµP¦a§}¡C,,
461,®ç¶é¥«®ç¶é°Ï¤j¦³¸ô¢µ¢°¸¹,®ç¶é¥«®ç¶é°Ï¤T¤¸¨½6¾F¤j¦³¸ô61¸¹,121.323077,25.003024
462,®ç¶é¥«®ç¶é°Ï¤j¦³¸ô¤»¤T¸¹,®ç¶é¥«®ç¶é°Ï¤T¤¸¨½6¾F¤j¦³¸ô63¸¹,121.323025,25.003416
463,®ç¶é¥«®ç¶é°Ï¤¤¥¿¤Tµó¤T¤G¤C«Ñ¤G¸¹,®ç¶é¥«®ç¶é°Ïªø¼w¨½19¾F¤¤¥¿¤Tµó327«Ñ2¸¹,121.299817,25.000964
464,®ç¶é¥«®ç¶é°Ï¤¤¥¿¤­µó¤@¤@¤»¸¹,®ç¶é¥«®ç¶é°Ïªø¼w¨½1¾F¤¤¥¿¤­µó116¸¹,121.302854,25.006353
465,®ç¶é¥«®ç¶é°Ï¥Ã¦w¸ô¤­¡³¤»¸¹¤@¼Ó,®ç¶é¥«®ç¶é°Ïªø¬ü¨½6¾F¥Ã¦w¸ô13¤§1¸¹,121.310050,24.995359
466,®ç¶é¥«®ç¶é°Ï·R¤Cµó¤G¸¹¤@¼Ó,®ç¶é¥«®ç¶é°Ïªø¼w¨½9¾F·R¤Cµó2¸¹,121.301025,25.004265
467,®ç¶é¥«®ç¶é°Ï¦NªL¸ô5¸¹,§ä¤£¨ì«ü©wªºªùµP¦a§}¡C,,
468,®ç¶é¥«®ç¶é°ÏªL´Ë¸ô¤»¤K«Ñ¤@¤E¸¹,§ä¤£¨ì«ü©wªºªùµP¦a§}¡C,,
469,®ç¶é¥«®ç¶é°ÏªL´Ë¸ô¤»¤K«Ñ¤G¤E¸¹,§ä¤£¨ì«ü©wªºªùµP¦a§}¡C,,
470,®ç¶é¥«®ç¶é°ÏªL´Ë¸ô¤»¤K«Ñ¤T¤­¸¹,§ä¤£¨ì«ü©wªºªùµP¦a§}¡C,,
471,®ç¶é¥«®ç¶é°Ï¼é¦{µó¢±¢¶¸¹¢°¼Ó¡B¥É¤sµó¢°¢·¢³«Ñ¢°¢·¸¹¢°¼Ó,§ä¤£¨ì«ü©wªºªùµP¦a§}¡C,,
472,®ç¶é¥«®ç¶é°Ï¼é¦{µó¤­¡³¡B¤­¤G¸¹,§ä¤£¨ì«ü©wªºªùµP¦a§}¡C,,
473,®ç¶é¥«®ç¶é°Ïª÷ªù¥|µó¥|¤G¸¹,®ç¶é¥«®ç¶é°Ï¤jÂ×¨½7¾Fª÷ªù¥|µó12¤§1¸¹,121.313762,24.983173
474,®ç¶é¥«®ç¶é°Ï¬K¤é¸ô¤@¡³¤­¤@«Ñ¤G¸¹¤@¼Ó,®ç¶é¥«®ç¶é°Ï¤j¿³¨½10¾F¬K¤é¸ô1051«Ñ2¸¹,121.309380,25.011738
475,®ç¶é¥«®ç¶é°Ï¬K¤é¸ô¤@¤G¤G¤@¸¹,®ç¶é¥«®ç¶é°Ï¬K¤é¨½18¾F¬K¤é¸ô1221¸¹,121.308729,25.016208
476,®ç¶é¥«®ç¶é°Ï¬K¤é¸ô¤K¥|¥|¸¹,®ç¶é¥«®ç¶é°Ï¤j¿³¨½5¾F¬K¤é¸ô844¸¹,121.309401,25.014586
477,®ç¶é¥«®ç¶é°Ï°·¦æ¸ô¤T¤­¸¹,®ç¶é¥«®ç¶é°Ï¨X¬w¨½11¾F°·¦æ¸ô45¤§1¸¹,121.309528,25.022195
478,®ç¶é¥«®ç¶é°ÏºÖ¤sµó¤@¤@¤@¸¹¤@¼Ó,®ç¶é¥«®ç¶é°Ï¤j¿³¨½16¾FºÖ¤sµó111¸¹,121.310890,25.014954
479,®ç¶é¥«®ç¶é°ÏºÖ¤sµó¤@¥|¸¹¤@¼Ó,®ç¶é¥«®ç¶é°Ï¤j¿³¨½6¾FºÖ¤sµó14¸¹,121.310305,25.012775
480,®ç¶é¥«®ç¶é°ÏºÖ¤sµó¤C¤E«Ñ¤G§Ë¤G¥|¸¹,®ç¶é¥«®ç¶é°Ï¤j¿³¨½13¾FºÖ¤sµó79«Ñ2§Ë24¸¹,121.310328,25.014699
481,®ç¶é¥«®ç¶é°ÏºÖ¤sµó¤T¸¹¤@¼Ó,®ç¶é¥«®ç¶é°Ï¤j¿³¨½6¾FºÖ¤sµó13¸¹,121.310181,25.012927
482,®ç¶é¥«®ç¶é°Ï?Àsµó¥|¢¯¸¹¤@¼Ó,§ä¤£¨ì«ü©wªºªùµP¦a§}¡C,,
483,®ç¶é¥«®ç¶é°Ï¤å¤¤¸ô¤C¤@¤G¸¹,®ç¶é¥«®ç¶é°ÏÀs¦w¨½1¾F¤å¤¤¸ô712¸¹,121.275781,24.993732
484,®ç¶é¥«®ç¶é°Ï¤¤¤s¸ô1138¸¹1¼Ó,®ç¶é¥«®ç¶é°ÏÀs»ñ¨½6¾F¤¤¤s¸ô1138¸¹,121.281364,24.986590
485,®ç¶é¥«®ç¶é°Ï¸Î©Mµó¢´¢³«Ñ¢²¸¹,®ç¶é¥«®ç¶é°ÏÀs²»¨½6¾F¸Î©Mµó54«Ñ3¸¹,121.274417,24.982592
486,®ç¶é¥«®ç¶é°Ï¸Î©Mµó¢¶¢¯¸¹,®ç¶é¥«®ç¶é°ÏÀs²»¨½6¾F¸Î©Mµó70¸¹,121.274251,24.982953
487,®ç¶é¥«®ç¶é°Ï¸Î©Mµó¤T¤C¸¹,®ç¶é¥«®ç¶é°ÏÀs²»¨½6¾F¸Î©Mµó37¸¹,121.273914,24.982348
488,®ç¶é¥«®ç¶é°Ï¸Î©Mµó¤T¤E¸¹,®ç¶é¥«®ç¶é°ÏÀs²»¨½6¾F¸Î©Mµó39¸¹,121.273889,24.982426
489,®ç¶é¥«®ç¶é°Ï¸Î©Mµó¤­¥|«Ñ¤@¸¹,®ç¶é¥«®ç¶é°ÏÀs²»¨½6¾F¸Î©Mµó54«Ñ1¸¹,121.274288,24.982600
490,®ç¶é¥«®ç¶é°Ï¸Î©Mµó¤»¥|¸¹,®ç¶é¥«®ç¶é°ÏÀs²»¨½6¾F¸Î©Mµó64¸¹,121.274184,24.982766
491,®ç¶é¥«®ç¶é°Ï¸Î©Mµó¥|¤E¸¹,®ç¶é¥«®ç¶é°ÏÀs²»¨½6¾F¸Î©Mµó49¸¹,121.273949,24.982729
492,®ç¶é¥«®ç¶é°ÏÀs¦wµó¤@¥|«Ñ¤@¤@¸¹¤@¼Ó,®ç¶é¥«®ç¶é°ÏÀs»ñ¨½4¾FÀs¦wµó14«Ñ11¸¹,121.281974,24.987951
493,®ç¶é¥«®ç¶é°ÏÀs¹Øµó206«Ñ12¤§4§Ë5¸¹,®ç¶é¥«®ç¶é°ÏÀs¹Ø¨½16¾FÀs¹Øµó206«Ñ12¤§4§Ë5¸¹,121.270159,24.986126
494,®ç¶é¥«®ç¶é°ÏÀs¹Øµó¢±¢¶¢²«Ñ¢±¢¶¸¹,®ç¶é¥«®ç¶é°ÏÀs¤s¨½26¾FÀs¹Øµó273«Ñ27¸¹,121.266387,24.988859
495,®ç¶é¥«®ç¶é°ÏÀs¹Øµó¤@¤E¤E¸¹,®ç¶é¥«®ç¶é°ÏÀs¤s¨½1¾FÀs¹Øµó199¸¹,121.267644,24.984834
496,®ç¶é¥«®ç¶é°ÏÀs¹Øµó¤@¥|¤@¸¹,®ç¶é¥«®ç¶é°ÏÀs¤s¨½6¾FÀs¹Øµó141¸¹,121.267944,24.982038
497,®ç¶é¥«®ç¶é°ÏÀs¹Øµó¤G¤@¡³¤§¤@¤G¸¹,®ç¶é¥«®ç¶é°ÏÀs¹Ø¨½3¾FÀs¹Øµó30¤§1¸¹,121.269588,24.978534
498,®ç¶é¥«®ç¶é°ÏÀs¹Øµó¤G¤C¤T«Ñ¤@¤­¸¹,®ç¶é¥«®ç¶é°ÏÀs¤s¨½26¾FÀs¹Øµó273«Ñ15¸¹,121.266729,24.988916
499,®ç¶é¥«®ç¶é°ÏÀs»ñ¤@µó¢²¸¹¢°¼Ó,®ç¶é¥«®ç¶é°ÏÀs»ñ¨½7¾FÀs»ñ¤@µó3¸¹,121.280814,24.986316
500,®ç¶é¥«®ç¶é°ÏÀs¹Øµó¢±¢¯¢µ«Ñ¢°¢±¡Ð¢³§Ë¢²¸¹,®ç¶é¥«®ç¶é°ÏÀs¹Ø¨½16¾FÀs¹Øµó206«Ñ12¤§4§Ë3¸¹,121.270143,24.986236
501,®ç¶é¥«®ç¶é°ÏÀs¹Øµó¢²¢¯¢¯¤§¢´¸¹,®ç¶é¥«®ç¶é°ÏÀs¤s¨½1¾FÀs¹Øµó300¤§5¸¹,121.267980,24.988862
502,®ç¶é¥«®ç¶é°ÏÀs¹Øµó¤G¡³¤»«Ñ¤@¤G¤§¤@¸¹,®ç¶é¥«®ç¶é°ÏÀs¹Ø¨½16¾FÀs¹Øµó206«Ñ2¤§1¸¹,121.268572,24.986002
503,®ç¶é¥«®ç¶é°ÏÀs¹Øµó¤G¡³¤»«Ñ¤@¤G¤§¥|§Ë¤@¸¹,®ç¶é¥«®ç¶é°ÏÀs¤s¨½19¾FÀs¹Øµó83«Ñ8§Ë1¸¹,121.267669,24.981142
504,®ç¶é¥«®ç¶é°Ï¸Î©Mµó51¸¹¡]1¼Ó¡^,®ç¶é¥«®ç¶é°ÏÀs²»¨½6¾F¸Î©Mµó51¸¹,121.273959,24.982789
505,®ç¶é¥«®ç¶é°Ï°ê»Ú¸ô¤@¬q¤@¡³¤K¤C¸¹,®ç¶é¥«®ç¶é°Ï¤¤¼w¨½15¾F°ê»Ú¸ô¤@¬q260¤§1¸¹,121.292595,24.968003
506,®ç¶é¥«·s«Î°Ï¤C¾F¤W?·}¤G¤T¸¹,®ç¶é¥«·s«Î°Ï²MµØ¨½12¾F¥_¶Õ1¤§10¸¹,121.129426,24.995590
507,®ç¶é¥«·s«Î°Ï?·}¤@¤§¤G¸¹,®ç¶é¥«·s«Î°Ï¤E¤æ¨½10¾F¤W«C®H1¤§1¸¹,121.137794,24.970737
508,®ç¶é¥«·s«Î°Ï?·}¥|¥|¤§¤@¸¹,®ç¶é¥«·s«Î°Ï¤E¤æ¨½10¾F¤W«C®H1¤§1¸¹,121.137794,24.970737
509,®ç¶é¥«·s«Î°Ï?·}¥|¥|¸¹,®ç¶é¥«·s«Î°Ï¤E¤æ¨½1¾F¤¤µØ«n¸ô¤@¬q1¤§10¸¹,121.110882,24.967376
510,®ç¶é¥«·s«Î°Ï¤¤¤s¦è¸ô¤G¬q¤@¤@¤@¤T¸¹,®ç¶é¥«·s«Î°Ï¤U¥Ð¨½1¾F¤¤¤s¦è¸ô¤G¬q1113¸¹,121.051386,24.985275
511,®ç¶é¥«·s«Î°Ï1¾F?ÀY¬w5¸¹,®ç¶é¥«·s«Î°Ï³H¶¡¨½1¾F³H–à´ä5¸¹,121.001561,24.948154
512,®ç¶é¥«·s«Î°Ï¹©ÄÁ¸ô210¸¹,§ä¤£¨ì«ü©wªºªùµP¦a§}¡C,,
513,®ç¶é¥«·¨±ö°Ï¤¤¤s«n¸ô¤K¢¯¢¯«Ñ¤@¢¯¢¯¸¹,®ç¶é¥«·¨±ö°Ï¤W´ò¨½22¾F¤¤¤s«n¸ô800«Ñ100¸¹,121.107674,24.897425
514,®ç¶é¥«·¨±ö°Ï¤¤¤s«n¸ô¤K¡³¡³«Ñ¤»¤»¸¹,®ç¶é¥«·¨±ö°Ï¤j¥­¨½7¾F¤¤¤s«n¸ô300«Ñ66¸¹,121.132467,24.907076
515,®ç¶é¥«·¨±ö°ÏÀç½L?¤­¤§¤G¸¹,®ç¶é¥«·¨±ö°Ï¥Ã¥­¨½6¾F¤T¤¸µó1¤§1¸¹,121.172631,24.912028
516,®ç¶é¥«·¨±ö°Ï¤¤¤s¥_¸ô¤@¬q159¸¹,®ç¶é¥«·¨±ö°Ï¤¤¤s¨½4¾F¤¤¤s¥_¸ô¤@¬q159¸¹,121.153126,24.907094
517,®ç¶é¥«·¨±ö°Ï¤¤¤s¥_¸ô¤@¬q27¸¹1¼Ó,®ç¶é¥«·¨±ö°Ï¤¤¤s¨½2¾F¤¤¤s¥_¸ô¤@¬q27¸¹,121.150185,24.907263
518,®ç¶é¥«·¨±ö°Ï¤¤¤s¥_¸ô¤@¬q¤G¤@«Ñ¤G¤§¤G¸¹¤T¼Ó,®ç¶é¥«·¨±ö°Ï¤¤¤s¨½2¾F¤¤¤s¥_¸ô¤@¬q21«Ñ2¤§1¸¹,121.149872,24.906982
519,®ç¶é¥«·¨±ö°Ï¤¤¤s¥_¸ô¤@¬q¤G¤C¤@¸¹,®ç¶é¥«·¨±ö°Ï¤¤¤s¨½4¾F¤¤¤s¥_¸ô¤@¬q271¸¹,121.155636,24.907814
520,®ç¶é¥«·¨±ö°Ï¤¤¤s¥_¸ô¤@¬q¤G¤E¤T«Ñ¤G¤K¸¹,®ç¶é¥«·¨±ö°Ï¤¤¤s¨½4¾F¤¤¤s¥_¸ô¤@¬q293«Ñ28¸¹,121.156847,24.906289
521,®ç¶é¥«·¨±ö°Ï¤¤¤s¥_¸ô¤@¬q¤G¤»¤E¸¹¤G¡B¤T¼Ó,®ç¶é¥«·¨±ö°Ï¤¤¤s¨½4¾F¤¤¤s¥_¸ô¤@¬q269¸¹,121.155525,24.907749
522,®ç¶é¥«·¨±ö°Ï¦æµ½¸ô¢±¢µ¸¹,®ç¶é¥«·¨±ö°Ï¤¤¤s¨½3¾F¦æµ½¸ô26¸¹,121.151970,24.906751
523,®ç¶é¥«·¨±ö°Ï¦æµ½¸ô¢µ¢µ¸¹,®ç¶é¥«·¨±ö°Ï¤¤¤s¨½3¾F¦æµ½¸ô66¸¹,121.152510,24.905938
524,®ç¶é¥«·¨±ö°Ï¦æµ½¸ô¤E¸¹,®ç¶é¥«·¨±ö°Ï¤¤¤s¨½3¾F¦æµ½¸ô9¸¹,121.152121,24.907036
525,®ç¶é¥«·¨±ö°Ï¦æµ½¸ô¤G¤G«Ñ¤@¤T¸¹,®ç¶é¥«·¨±ö°Ï¤¤¤s¨½3¾F¦æµ½¸ô22«Ñ1¸¹,121.151780,24.906554
526,®ç¶é¥«·¨±ö°Ï¦æµ½¸ô¤G¤G«Ñ¤K¸¹,®ç¶é¥«·¨±ö°Ï¤¤¤s¨½3¾F¦æµ½¸ô22«Ñ8¸¹,121.151227,24.906103
527,®ç¶é¥«·¨±ö°Ï¦æµ½¸ô¤G¥|¸¹,®ç¶é¥«·¨±ö°Ï¤¤¤s¨½3¾F¦æµ½¸ô24¸¹,121.151914,24.906812
528,®ç¶é¥«·¨±ö°Ï¦æµ½¸ô¤T¤G«Ñ¤@¡³¡B¤@¤G¸¹¤@¼Ó,®ç¶é¥«·¨±ö°Ï¤¤¤s¨½3¾F¦æµ½¸ô32«Ñ14¤§1¸¹,121.151600,24.905920
529,®ç¶é¥«·¨±ö°Ï¦æµ½¸ô¥|¡³¸¹,®ç¶é¥«·¨±ö°Ï¤¤¤s¨½3¾F¦æµ½¸ô3¸¹,121.151988,24.907213
530,®ç¶é¥«·¨±ö°ÏÀôªF¸ô¤@¤­¡³«Ñ¤@¤­¸¹,®ç¶é¥«·¨±ö°Ï¤¤¤s¨½1¾FÀôªF¸ô150«Ñ15¸¹,121.155260,24.903591
531,®ç¶é¥«·¨±ö°Ï¥®¤@¸ô5¸¹,®ç¶é¥«·¨±ö°Ï°ª¤W¨½2¾F¥®¤@¸ô5¸¹,121.171516,24.928873
532,®ç¶é¥«·¨±ö°Ï¤¤¤s¥_¸ô¤@¬q¤G¤@«Ñ¤G¤§¤G¸¹¤­¼Ó,®ç¶é¥«·¨±ö°Ï¤¤¤s¨½2¾F¤¤¤s¥_¸ô¤@¬q21«Ñ2¤§1¸¹,121.149872,24.906982
533,®ç¶é¥«·¨±ö°Ï¤¤¤s¥_¸ô¤@¬q¤G¤E¤T«Ñ¤@¤C¸¹¤@¼Ó,®ç¶é¥«·¨±ö°Ï¤¤¤s¨½4¾F¤¤¤s¥_¸ô¤@¬q293«Ñ17¸¹,121.157117,24.906736
534,®ç¶é¥«·¨±ö°Ï¤¤¤s¥_¸ô¤@¬q¤G¥|¤­¸¹,®ç¶é¥«·¨±ö°Ï¤¤¤s¨½4¾F¤¤¤s¥_¸ô¤@¬q245¸¹,121.155273,24.907956
535,®ç¶é¥«·¨±ö°ÏÀôªF¸ô¤G¤E¤­«Ñ¤G¢¯¸¹,®ç¶é¥«·¨±ö°Ï¤¤¤s¨½4¾FÀôªF¸ô295«Ñ20¸¹,121.156740,24.907430
536,®ç¶é¥«·¨±ö°Ï¥|¾F¤¤¤s¥_¸ô¤@¬q¤G¤E¤T«Ñ¤@¤T¸¹¤@¼Ó,®ç¶é¥«·¨±ö°Ï¤¤¤s¨½4¾F¤¤¤s¥_¸ô¤@¬q293«Ñ13¸¹,121.157095,24.906887
537,®ç¶é¥«·¨±ö°Ï¦æµ½¸ô¢°¢²¸¹¢°¼Ó,®ç¶é¥«·¨±ö°Ï¤¤¤s¨½3¾F¦æµ½¸ô13¸¹,121.152097,24.906873
538,®ç¶é¥«·¨±ö°Ï¦æµ½¸ô¢°¢²¸¹¢±¡B¢²¼Ó,®ç¶é¥«·¨±ö°Ï¤¤¤s¨½3¾F¦æµ½¸ô13¸¹,121.152097,24.906873
539,®ç¶é¥«·¨±ö°Ï¦æµ½¸ô¢±¢±«Ñ¢±¤§¢°¸¹,®ç¶é¥«·¨±ö°Ï¤¤¤s¨½3¾F¦æµ½¸ô22«Ñ2¤§1¸¹,121.151502,24.906644
540,®ç¶é¥«·¨±ö°Ï¦æµ½¸ô¤G¤G«Ñ¤@¤T¤§¤@¸¹,®ç¶é¥«·¨±ö°Ï¤¤¤s¨½3¾F¦æµ½¸ô22«Ñ2¤§1¸¹,121.151502,24.906644
541,®ç¶é¥«·¨±ö°Ï¦æµ½¸ô¤T¸¹,®ç¶é¥«·¨±ö°Ï¤¤¤s¨½3¾F¦æµ½¸ô3¸¹,121.151988,24.907213
542,®ç¶é¥«·¨±ö°ÏÀôªF¸ô¢±¢·¢¶¸¹,®ç¶é¥«·¨±ö°Ï¤¤¤s¨½4¾FÀôªF¸ô287¸¹,121.157385,24.907001
543,®ç¶é¥«·¨±ö°ÏÀôªF¸ô¤G¤C¤­¸¹¤@¼Ó,®ç¶é¥«·¨±ö°Ï¤¤¤s¨½4¾FÀôªF¸ô275¸¹,121.157390,24.906637
544,®ç¶é¥«·¨±ö°ÏÀôªF¸ô¤G¤E¤T¸¹¤@¼Ó,®ç¶é¥«·¨±ö°Ï¤¤¤s¨½4¾FÀôªF¸ô293¸¹,121.157397,24.907189
545,®ç¶é¥«·¨±ö°ÏÀôªF¸ô¤G¤E¤­«Ñ¤@¤G¸¹,®ç¶é¥«·¨±ö°Ï¤¤¤s¨½4¾FÀôªF¸ô295«Ñ12¸¹,121.157014,24.907411
546,®ç¶é¥«·¨±ö°ÏÀôªF¸ô¤G¤E¤­«Ñ¤@¸¹,®ç¶é¥«·¨±ö°Ï¤¤¤s¨½4¾FÀôªF¸ô295«Ñ1¸¹,121.157141,24.907125
547,®ç¶é¥«·¨±ö°ÏÀôªF¸ô¤G¤E¤­«Ñ¤K¸¹,®ç¶é¥«·¨±ö°Ï¤¤¤s¨½4¾FÀôªF¸ô295«Ñ8¸¹,121.157164,24.907415
548,®ç¶é¥«·¨±ö°ÏÀôªF¸ô¤G¤E¤­«Ñ¤­¸¹¤@¼Ó,®ç¶é¥«·¨±ö°Ï¤¤¤s¨½4¾FÀôªF¸ô295«Ñ5¸¹,121.156978,24.907115
549,®ç¶é¥«·¨±ö°ÏÀôªF¸ô¤G¤E¤­«Ñ¤»¸¹,®ç¶é¥«·¨±ö°Ï¤¤¤s¨½4¾FÀôªF¸ô295«Ñ6¸¹,121.157229,24.907412
550,®ç¶é¥«·¨±ö°ÏÀôªF¸ô¤G¤K¤@¸¹,®ç¶é¥«·¨±ö°Ï¤¤¤s¨½4¾FÀôªF¸ô281¸¹,121.157397,24.906816
551,®ç¶é¥«·¨±ö°ÏÀôªF¸ô¤G¤K¤­¸¹¤@¼Ó,®ç¶é¥«·¨±ö°Ï¤¤¤s¨½4¾FÀôªF¸ô285¸¹,121.157385,24.906943
552,®ç¶é¥«·¨±ö°Ï·à¤@¸ô¥|¤§¤@¡B¥|¤§¤G¡B¥|¤§¤T¸¹,®ç¶é¥«·¨±ö°Ï«C¤s¨½2¾F·à¤@¸ô1¤§1¸¹,121.176987,24.923292
553,®ç¶é¥«·¨±ö°Ï·à£¸¸ô¢·¸¹¢°¼Ó,§ä¤£¨ì«ü©wªºªùµP¦a§}¡C,,
554,®ç¶é¥«·¨±ö°Ï¢±¢²¾F°ª«C¸ô¢±¢·«Ñ¢°¢±¸¹,®ç¶é¥«·¨±ö°Ï°ª¤W¨½4¾F°ª«C¸ô28«Ñ12¸¹,121.160478,24.930518
555,®ç¶é¥«·¨±ö°Ï¢±¢²¾F°ª«C¸ô¢±¢·«Ñ¢´¡Ð¢°¸¹,®ç¶é¥«·¨±ö°Ï°ª¤W¨½4¾F°ª«C¸ô28«Ñ5¤§1¸¹,121.160639,24.929719
556,®ç¶é¥«·¨±ö°Ï5¾F°ª·à¸ô863«Ñ20¸¹,®ç¶é¥«·¨±ö°Ï°ª¤W¨½8¾F°ª·à¸ô863«Ñ20¸¹,121.165825,24.928493
557,®ç¶é¥«·¨±ö°Ï¤­¾F°ª«C¸ô¢²¢¶¸¹,®ç¶é¥«·¨±ö°Ï°ª¤W¨½8¾F°ª«C¸ô37¸¹,121.161039,24.927500
558,®ç¶é¥«·¨±ö°Ï¤­¾F°ª«C¸ô¤T¤G«Ñ¤@¤»¸¹,®ç¶é¥«·¨±ö°Ï°ª¤W¨½4¾F°ª«C¸ô32«Ñ16¸¹,121.159577,24.930274
559,®ç¶é¥«·¨±ö°Ï¤»¾F·à¤@¸ô¤@¤C¸¹,®ç¶é¥«·¨±ö°Ï«C¤s¨½2¾F·à¤@¸ô17¸¹,121.172049,24.922255
560,®ç¶é¥«·¨±ö°Ï¤Ü¤T¾F°ª«C¸ô¤G¤K«Ñ¤@¸¹,®ç¶é¥«·¨±ö°Ï°ª¤W¨½4¾F°ª«C¸ô28«Ñ1¸¹,121.161432,24.928787
561,®ç¶é¥«·¨±ö°Ï¤Ü¤T¾F°ª«C¸ô¤Q«Ñ¤@¤@¸¹,®ç¶é¥«·¨±ö°Ï°ª¤W¨½4¾F°ª«C¸ô10«Ñ11¸¹,121.162123,24.930819
562,®ç¶é¥«·¨±ö°Ï¥®¤@¸ô11¸¹1¡B2¡B3¡B4¼Ó,®ç¶é¥«·¨±ö°Ï°ª¤W¨½2¾F¥®¤@¸ô11¸¹,121.170147,24.927615
563,®ç¶é¥«·¨±ö°Ï¥®¤@¸ô¢·¸¹,®ç¶é¥«·¨±ö°Ï°ª¤W¨½2¾F¥®¤@¸ô8¸¹,121.170673,24.928865
564,®ç¶é¥«·¨±ö°Ï¥®¤G¸ô¢°¸¹¤Î¢°¤§¢°¸¹,®ç¶é¥«·¨±ö°Ï°ª¤W¨½2¾F¥®¤G¸ô1¸¹,121.172949,24.927828
565,®ç¶é¥«·¨±ö°Ï¥®¤T¸ô¢°¸¹,®ç¶é¥«·¨±ö°Ï°ª¤W¨½2¾F¥®¤T¸ô1¸¹,121.171970,24.928140
566,®ç¶é¥«·¨±ö°Ï¥®¤T¸ô¢´¸¹¢°¼Ó,®ç¶é¥«·¨±ö°Ï°ª¤W¨½2¾F¥®¤T¸ô5¸¹,121.171981,24.928558
567,®ç¶é¥«·¨±ö°Ï¥®¥|¸ô1¸¹,®ç¶é¥«·¨±ö°Ï°ª¤W¨½2¾F¥®¥|¸ô1¸¹,121.170957,24.927234
568,®ç¶é¥«·¨±ö°Ï«C¦~¸ô¤G¬q301«Ñ170¸¹,®ç¶é¥«·¨±ö°Ï°ª¤W¨½7¾F«C¦~¸ô¤G¬q301«Ñ170¸¹,121.160360,24.930658
569,®ç¶é¥«·¨±ö°Ï°ª«C¸ô¢°¢¯«Ñ¢°¢¯¸¹,®ç¶é¥«·¨±ö°Ï°ª¤W¨½4¾F°ª«C¸ô10«Ñ10¸¹,121.163051,24.930659
570,®ç¶é¥«·¨±ö°Ï°ª«C¸ô¢°¢¯«Ñ¢°¢±¸¹,®ç¶é¥«·¨±ö°Ï°ª¤W¨½4¾F°ª«C¸ô10«Ñ12¸¹,121.162893,24.930808
571,®ç¶é¥«·¨±ö°Ï°ª«C¸ô¢°¢¯«Ñ¢¶¸¹,®ç¶é¥«·¨±ö°Ï°ª¤W¨½4¾F°ª«C¸ô10«Ñ7¸¹,121.162554,24.930276
572,®ç¶é¥«·¨±ö°Ï°ª«C¸ô16¸¹,®ç¶é¥«·¨±ö°Ï°ª¤W¨½4¾F°ª«C¸ô16¸¹,121.162757,24.929595
573,®ç¶é¥«·¨±ö°Ï°ª«C¸ô¢±¢±«Ñ¢°¢µ¸¹,®ç¶é¥«·¨±ö°Ï°ª¤W¨½4¾F°ª«C¸ô22«Ñ16¸¹,121.161766,24.930266
574,®ç¶é¥«·¨±ö°Ï°ª«C¸ô¢±¢±«Ñ¢±¢¯¸¹,®ç¶é¥«·¨±ö°Ï°ª¤W¨½4¾F°ª«C¸ô22«Ñ20¸¹,121.161498,24.930602
575,®ç¶é¥«·¨±ö°Ï°ª«C¸ô¢±¢±«Ñ¢±¢±¸¹,®ç¶é¥«·¨±ö°Ï°ª¤W¨½4¾F°ª«C¸ô22«Ñ22¸¹,121.161259,24.930746
576,®ç¶é¥«·¨±ö°Ï°ª«C¸ô¢±¢±«Ñ¢·¸¹,®ç¶é¥«·¨±ö°Ï°ª¤W¨½4¾F°ª«C¸ô22«Ñ8¸¹,121.162401,24.929568
577,®ç¶é¥«·¨±ö°Ï°ª«C¸ô¢±¢µ¸¹,®ç¶é¥«·¨±ö°Ï°ª¤W¨½4¾F°ª«C¸ô26¸¹,121.161951,24.928967
578,®ç¶é¥«·¨±ö°Ï°ª«C¸ô28«Ñ10¸¹,®ç¶é¥«·¨±ö°Ï°ª¤W¨½4¾F°ª«C¸ô28«Ñ10¸¹,121.160698,24.930315
579,®ç¶é¥«·¨±ö°Ï°ª«C¸ô¢±¢·«Ñ¢°¢°¸¹¢°¼Ó,®ç¶é¥«·¨±ö°Ï°ª¤W¨½4¾F°ª«C¸ô28«Ñ11¸¹,121.160348,24.930151
580,®ç¶é¥«·¨±ö°Ï°ª«C¸ô¢±¢·«Ñ¢°¤§¢°¸¹¢°¡B¢±¼Ó,®ç¶é¥«·¨±ö°Ï°ª¤W¨½4¾F°ª«C¸ô28«Ñ1¤§1¸¹,121.161519,24.928654
581,®ç¶é¥«·¨±ö°Ï°ª«C¸ô¢±¢·«Ñ¢°¤§¢°¸¹¢²¡B¢´¼Ó,®ç¶é¥«·¨±ö°Ï°ª¤W¨½4¾F°ª«C¸ô28«Ñ1¤§1¸¹,121.161519,24.928654
582,®ç¶é¥«·¨±ö°Ï°ª«C¸ô28«Ñ1¤§1¸¹4¼Ó,®ç¶é¥«·¨±ö°Ï°ª¤W¨½4¾F°ª«C¸ô28«Ñ1¤§1¸¹,121.161519,24.928654
583,®ç¶é¥«·¨±ö°Ï°ª«C¸ô¢±¢·«Ñ¢±¸¹¢²¼Ó,®ç¶é¥«·¨±ö°Ï°ª¤W¨½4¾F°ª«C¸ô28«Ñ2¸¹,121.161677,24.929250
584,®ç¶é¥«·¨±ö°Ï°ª«C¸ô28«Ñ3¸¹1.3¼Ó,®ç¶é¥«·¨±ö°Ï°ª¤W¨½4¾F°ª«C¸ô28«Ñ3¸¹,121.161111,24.929176
585,®ç¶é¥«·¨±ö°Ï°ª«C¸ô28«Ñ3¸¹2¼Ó,®ç¶é¥«·¨±ö°Ï°ª¤W¨½4¾F°ª«C¸ô28«Ñ3¸¹,121.161111,24.929176
586,®ç¶é¥«·¨±ö°Ï°ª«C¸ô¢²¢¯¤§¢°¸¹¢°¼Ó,®ç¶é¥«·¨±ö°Ï°ª¤W¨½4¾F°ª«C¸ô30¤§1¸¹,121.161367,24.928431
587,®ç¶é¥«·¨±ö°Ï°ª«C¸ô32«Ñ12¸¹3¼Ó,®ç¶é¥«·¨±ö°Ï°ª¤W¨½4¾F°ª«C¸ô32«Ñ12¸¹,121.159927,24.929906
588,®ç¶é¥«·¨±ö°Ï°ª«C¸ô¢²¢±«Ñ¢²¸¹¢°¡B¢±¼Ó,®ç¶é¥«·¨±ö°Ï°ª¤W¨½4¾F°ª«C¸ô32«Ñ3¸¹,121.160655,24.928543
589,®ç¶é¥«·¨±ö°Ï°ª«C¸ô¢²¢±«Ñ¢µ¸¹,®ç¶é¥«·¨±ö°Ï°ª¤W¨½4¾F°ª«C¸ô32«Ñ6¸¹,121.160772,24.929033
590,®ç¶é¥«·¨±ö°Ï°ª«C¸ô¢²¢±«Ñ¢¸¸¹,®ç¶é¥«·¨±ö°Ï°ª¤W¨½4¾F°ª«C¸ô32«Ñ9¸¹,121.159472,24.929965
591,®ç¶é¥«·¨±ö°Ï°ª«C¸ô¢²¢±«Ñ¢¸¸¹¢°¼Ó,®ç¶é¥«·¨±ö°Ï°ª¤W¨½4¾F°ª«C¸ô32«Ñ9¸¹,121.159472,24.929965
592,®ç¶é¥«·¨±ö°Ï°ª«C¸ô¢²¢´¸¹,®ç¶é¥«·¨±ö°Ï°ª¤W¨½8¾F°ª«C¸ô35¸¹,121.161495,24.928058
593,®ç¶é¥«·¨±ö°Ï°ª«C¸ô¢²¢µ¸¹,®ç¶é¥«·¨±ö°Ï°ª¤W¨½4¾F°ª«C¸ô36¸¹,121.160934,24.928101
594,®ç¶é¥«·¨±ö°Ï°ª«C¸ô3¸¹,®ç¶é¥«·¨±ö°Ï°ª¤W¨½4¾F°ª«C¸ô3¸¹,121.165490,24.930720
595,®ç¶é¥«·¨±ö°Ï°ª«C¸ô¢²¸¹,®ç¶é¥«·¨±ö°Ï°ª¤W¨½4¾F°ª«C¸ô3¸¹,121.165490,24.930720
596,®ç¶é¥«·¨±ö°Ï°ª«C¸ô¤@¡³«Ñ¤@¤E¸¹,®ç¶é¥«·¨±ö°Ï°ª¤W¨½4¾F°ª«C¸ô10«Ñ19¸¹,121.162503,24.931548
597,®ç¶é¥«·¨±ö°Ï°ª«C¸ô¤@¡³«Ñ¤E¸¹,®ç¶é¥«·¨±ö°Ï°ª¤W¨½4¾F°ª«C¸ô10«Ñ9¸¹,121.162356,24.930569
598,®ç¶é¥«·¨±ö°Ï°ª«C¸ô¤@¡³«Ñ¤­¸¹,®ç¶é¥«·¨±ö°Ï°ª¤W¨½4¾F°ª«C¸ô10«Ñ5¸¹,121.162729,24.930137
599,®ç¶é¥«·¨±ö°Ï°ª«C¸ô¤@¢¯«Ñ¤@¤C¸¹,®ç¶é¥«·¨±ö°Ï°ª¤W¨½4¾F°ª«C¸ô10«Ñ17¸¹,121.162386,24.931341
600,®ç¶é¥«·¨±ö°Ï°ª«C¸ô¤@¢¯«Ñ¤@¤­¸¹,®ç¶é¥«·¨±ö°Ï°ª¤W¨½4¾F°ª«C¸ô10«Ñ15¸¹,121.162193,24.931229
601,®ç¶é¥«·¨±ö°Ï°ª«C¸ô¤G¤G«Ñ¤@¢¯¸¹,®ç¶é¥«·¨±ö°Ï°ª¤W¨½4¾F°ª«C¸ô22«Ñ10¸¹,121.162238,24.929734
602,®ç¶é¥«·¨±ö°Ï°ª«C¸ô¤G¤G«Ñ¤@¤@¸¹,®ç¶é¥«·¨±ö°Ï°ª¤W¨½4¾F°ª«C¸ô22«Ñ11¸¹,121.161456,24.929878
603,®ç¶é¥«·¨±ö°Ï°ª«C¸ô¤G¤G«Ñ¤@¤C¸¹,®ç¶é¥«·¨±ö°Ï°ª¤W¨½4¾F°ª«C¸ô22«Ñ17¸¹,121.160879,24.930618
604,®ç¶é¥«·¨±ö°Ï°ª«C¸ô¤G¤G«Ñ¤@¤T¸¹,®ç¶é¥«·¨±ö°Ï°ª¤W¨½4¾F°ª«C¸ô22«Ñ13¸¹,121.161212,24.930155
605,®ç¶é¥«·¨±ö°Ï°ª«C¸ô¤G¤G«Ñ¤@¤­¸¹,®ç¶é¥«·¨±ö°Ï°ª¤W¨½4¾F°ª«C¸ô22«Ñ15¸¹,121.161095,24.930363
606,®ç¶é¥«·¨±ö°Ï°ª«C¸ô¤G¤G«Ñ¤@¥|¸¹,®ç¶é¥«·¨±ö°Ï°ª¤W¨½4¾F°ª«C¸ô22«Ñ14¸¹,121.161997,24.930128
607,®ç¶é¥«·¨±ö°Ï°ª«C¸ô¤G¤G«Ñ¤@¸¹,®ç¶é¥«·¨±ö°Ï°ª¤W¨½4¾F°ª«C¸ô22«Ñ1¸¹,121.162272,24.929074
608,®ç¶é¥«·¨±ö°Ï°ª«C¸ô¤G¤G«Ñ¤C¸¹,®ç¶é¥«·¨±ö°Ï°ª¤W¨½4¾F°ª«C¸ô22«Ñ7¸¹,121.161853,24.929564
609,®ç¶é¥«·¨±ö°Ï°ª«C¸ô¤G¤G«Ñ¤E¸¹,®ç¶é¥«·¨±ö°Ï°ª¤W¨½4¾F°ª«C¸ô22«Ñ9¸¹,121.161689,24.929681
610,®ç¶é¥«·¨±ö°Ï°ª«C¸ô¤G¤K«Ñ¤C¸¹,®ç¶é¥«·¨±ö°Ï°ª¤W¨½4¾F°ª«C¸ô28«Ñ7¸¹,121.160441,24.929991
611,®ç¶é¥«·¨±ö°Ï°ª«C¸ô¤G¤K«Ñ¤­¸¹,®ç¶é¥«·¨±ö°Ï°ª¤W¨½4¾F°ª«C¸ô28«Ñ5¸¹,121.160872,24.929389
612,®ç¶é¥«·¨±ö°Ï°ª«C¸ô¤G¤K«Ñ¤»¸¹,®ç¶é¥«·¨±ö°Ï°ª¤W¨½4¾F°ª«C¸ô28«Ñ6¸¹,121.161485,24.929404
613,®ç¶é¥«·¨±ö°Ï°ª«C¸ô¤Q«Ñ¤@¥|¸¹,®ç¶é¥«·¨±ö°Ï°ª¤W¨½4¾F°ª«C¸ô10«Ñ14¸¹,121.162713,24.931063
614,®ç¶é¥«·¨±ö°Ï°ª«C¸ô¤Q«Ñ¤G¤@¸¹,®ç¶é¥«·¨±ö°Ï°ª¤W¨½4¾F°ª«C¸ô10«Ñ21¸¹,121.162667,24.931574
615,®ç¶é¥«·¨±ö°Ï°ª«C¸ô¤Q«Ñ¤»¸¹,®ç¶é¥«·¨±ö°Ï°ª¤W¨½4¾F°ª«C¸ô10«Ñ6¸¹,121.163266,24.930382
616,®ç¶é¥«·¨±ö°Ï°ª«C¸ô¤T¡³¸¹,®ç¶é¥«·¨±ö°Ï°ª¤W¨½4¾F°ª«C¸ô30¤§1¸¹,121.161367,24.928431
617,®ç¶é¥«·¨±ö°Ï°ª«C¸ô¤T¤E¸¹,®ç¶é¥«·¨±ö°Ï°ª¤W¨½8¾F°ª«C¸ô39¸¹,121.160776,24.926984
618,®ç¶é¥«·¨±ö°Ï°ª«C¸ô¤T¤G«Ñ¤@¤G¸¹¤G¼Ó,®ç¶é¥«·¨±ö°Ï°ª¤W¨½4¾F°ª«C¸ô32«Ñ12¸¹,121.159927,24.929906
619,®ç¶é¥«·¨±ö°Ï°ª«C¸ô¤T¤G«Ñ¤@¥|¸¹,®ç¶é¥«·¨±ö°Ï°ª¤W¨½4¾F°ª«C¸ô32«Ñ14¸¹,121.159793,24.930034
620,®ç¶é¥«·¨±ö°Ï°ª«C¸ô¤T¤G«Ñ¤C¸¹,®ç¶é¥«·¨±ö°Ï°ª¤W¨½4¾F°ª«C¸ô32«Ñ7¸¹,121.159821,24.929417
621,®ç¶é¥«·¨±ö°Ï°ª«C¸ô¤T¤G«Ñ¤K¸¹,®ç¶é¥«·¨±ö°Ï°ª¤W¨½4¾F°ª«C¸ô32«Ñ8¸¹,121.160452,24.929432
622,®ç¶é¥«·¨±ö°Ï°ª«C¸ô¤T¤G«Ñ¤­¸¹,®ç¶é¥«·¨±ö°Ï°ª¤W¨½4¾F°ª«C¸ô32«Ñ5¸¹,121.160451,24.928676
623,®ç¶é¥«·¨±ö°Ï°ª«C¸ô¤­¢¯¸¹,®ç¶é¥«·¨±ö°Ï°ª¤W¨½4¾F°ª«C¸ô50¸¹,121.160091,24.926820
624,®ç¶é¥«·¨±ö°Ï°ª«C¸ô¥|¢¯¸¹,®ç¶é¥«·¨±ö°Ï°ª¤W¨½4¾F°ª«C¸ô40¸¹,121.160786,24.927969
625,®ç¶é¥«·¨±ö°Ï°ª«C¸ô¥|¤G¤§¤@¸¹,®ç¶é¥«·¨±ö°Ï°ª¤W¨½4¾F°ª«C¸ô30¤§1¸¹,121.161367,24.928431
626,®ç¶é¥«·¨±ö°Ï°ª«C¸ô¥|¤G«Ñ¤K¸¹,®ç¶é¥«·¨±ö°Ï°ª¤W¨½4¾F°ª«C¸ô42«Ñ8¸¹,121.160035,24.927964
627,®ç¶é¥«·¨±ö°Ï°ª«C¸ô¥|¤G«Ñ¤»¸¹,®ç¶é¥«·¨±ö°Ï°ª¤W¨½4¾F°ª«C¸ô42«Ñ6¸¹,121.160409,24.927995
628,®ç¶é¥«·¨±ö°Ï°ª«C¸ô¥|¤»¸¹,®ç¶é¥«·¨±ö°Ï°ª¤W¨½4¾F°ª«C¸ô46¸¹,121.160151,24.927256
629,®ç¶é¥«·¨±ö°Ï°ª·à¸ô863«Ñ10¸¹,®ç¶é¥«·¨±ö°Ï°ª¤W¨½8¾F°ª·à¸ô863«Ñ10¸¹,121.165850,24.927087
630,®ç¶é¥«·¨±ö°Ï°ª·à¸ô¢·¢µ¢²«Ñ¢²¢µ¸¹,®ç¶é¥«·¨±ö°Ï°ª¤W¨½8¾F°ª·à¸ô863«Ñ36¸¹,121.165192,24.929501
631,®ç¶é¥«·¨±ö°Ï°ª·à¸ô¢·¢µ¢²«Ñ¢²¢·¤§¢°¸¹,®ç¶é¥«·¨±ö°Ï°ª¤W¨½8¾F°ª·à¸ô863«Ñ38¤§1¸¹,121.164812,24.929776
632,®ç¶é¥«·¨±ö°Ï°ª·à¸ô¢·¢µ¢²«Ñ¢²¢·¸¹,®ç¶é¥«·¨±ö°Ï°ª¤W¨½8¾F°ª·à¸ô863«Ñ38¸¹,121.164812,24.929776
633,®ç¶é¥«·¨±ö°Ï°ª·à¸ô¢·¢µ¢²«Ñ¢µ¸¹,®ç¶é¥«·¨±ö°Ï°ª¤W¨½8¾F°ª·à¸ô863«Ñ6¸¹,121.166371,24.925954
634,®ç¶é¥«·¨±ö°Ï°ª·à¸ô¢·¢µ¢²«Ñ¢·§Ë¢°¢¯¸¹,®ç¶é¥«·¨±ö°Ï°ª¤W¨½8¾F°ª·à¸ô863«Ñ8§Ë10¸¹,121.167117,24.926396
635,®ç¶é¥«·¨±ö°Ï°ª·à¸ô¢·¢µ¢²«Ñ¢·§Ë¢µ¸¹,®ç¶é¥«·¨±ö°Ï°ª¤W¨½8¾F°ª·à¸ô863«Ñ8§Ë6¸¹,121.166741,24.926223
636,®ç¶é¥«·¨±ö°Ï°ª·à¸ô¤K¤»¤T«Ñ¤@¤G§Ë¤»¸¹,®ç¶é¥«·¨±ö°Ï°ª¤W¨½8¾F°ª·à¸ô863«Ñ12§Ë6¸¹,121.166193,24.927327
637,®ç¶é¥«·¨±ö°Ï°ª·à¸ô¤K¤»¤T«Ñ¤K§Ë¤G¸¹,®ç¶é¥«·¨±ö°Ï°ª¤W¨½8¾F°ª·à¸ô863«Ñ8§Ë2¸¹,121.166546,24.926127
638,®ç¶é¥«·¨±ö°Ï°ª·à¸ô¤K¤»¤T«Ñ¤K§Ë¤K¸¹,®ç¶é¥«·¨±ö°Ï°ª¤W¨½8¾F°ª·à¸ô863«Ñ8§Ë8¸¹,121.166921,24.926320
639,®ç¶é¥«·¨±ö°Ï°ª·à¸ô¤K¤»¤T«Ñ¤K¸¹,®ç¶é¥«·¨±ö°Ï°ª¤W¨½8¾F°ª·à¸ô863«Ñ8¸¹,121.166093,24.926663
640,®ç¶é¥«·¨±ö°Ï°ª·à¸ô¤K¤»¤T«Ñ¥|¸¹,®ç¶é¥«·¨±ö°Ï°ª¤W¨½8¾F°ª·à¸ô863«Ñ4¸¹,121.166529,24.925708
641,®ç¶é¥«·¨±ö°Ï·à¤@¸ô¤@¤»¤§¤@¸¹,®ç¶é¥«·¨±ö°Ï«C¤s¨½2¾F·à¤@¸ô1¤§1¸¹,121.176987,24.923292
642,®ç¶é¥«·¨±ö°Ï·à¤@¸ô¤@¥|¸¹,®ç¶é¥«·¨±ö°Ï«C¤s¨½2¾F·à¤@¸ô14¸¹,121.173616,24.923240
643,®ç¶é¥«·¨±ö°Ï·à¤@¸ô¤»¸¹,®ç¶é¥«·¨±ö°Ï«C¤s¨½2¾F·à¤@¸ô6¸¹,121.176302,24.924385
644,®ç¶é¥«·¨±ö°Ï·à¤G¸ô13¸¹,®ç¶é¥«·¨±ö°Ï«C¤s¨½2¾F·à¤G¸ô13¸¹,121.172576,24.923603
645,®ç¶é¥«·¨±ö°Ï·à¤G¸ô15¸¹¡]1¼Ó¡^,®ç¶é¥«·¨±ö°Ï«C¤s¨½2¾F·à¤G¸ô15¸¹,121.172184,24.923402
646,®ç¶é¥«·¨±ö°Ï·à¤G¸ô15¸¹1¼Ó,®ç¶é¥«·¨±ö°Ï«C¤s¨½2¾F·à¤G¸ô15¸¹,121.172184,24.923402
647,®ç¶é¥«·¨±ö°Ï·à¤G¸ô3¸¹1¼Ó,®ç¶é¥«·¨±ö°Ï«C¤s¨½2¾F·à¤G¸ô3¸¹,121.174829,24.925411
648,®ç¶é¥«·¨±ö°Ï·à¤T¸ô¢±¤§¢°¸¹,®ç¶é¥«·¨±ö°Ï«C¤s¨½2¾F·à¤T¸ô2¤§1¸¹,121.175293,24.924198
649,®ç¶é¥«·¨±ö°Ï·à¤­¸ô¢±¡B¢±¡Ð¢°¸¹,®ç¶é¥«·¨±ö°Ï«C¤s¨½2¾F·à¤­¸ô2¸¹,121.173361,24.925379
650,®ç¶é¥«·¨±ö°Ï·à¤­¸ô¤T¸¹,®ç¶é¥«·¨±ö°Ï«C¤s¨½2¾F·à¤­¸ô1¸¹,121.173559,24.925131
651,®ç¶é¥«·¨±ö°Ï¢°¾F¥Á±Ú¸ô¤­¬q¤T¤T¤­¤§¤@¸¹,®ç¶é¥«·¨±ö°ÏÂùºa¨½1¾F¥Á±Ú¸ô¤­¬q1¸¹,121.176855,24.959096
652,®ç¶é¥«·¨±ö°Ï¥Á±Ú¸ô¤­¬q¤@¥|¤C«Ñ¤@¡³§Ë¤T¤­¸¹¤@¼Ó,®ç¶é¥«·¨±ö°ÏÂùºa¨½10¾F¥Á±Ú¸ô¤­¬q147«Ñ10§Ë35¸¹,121.173057,24.956449
653,®ç¶é¥«·¨±ö°Ï¥Á±Ú¸ô¤­¬q¤@¥|¤C«Ñ¤T¤T¸¹¤@¼Ó,®ç¶é¥«·¨±ö°ÏÂùºa¨½13¾F¥Á±Ú¸ô¤­¬q147«Ñ33¸¹,121.173941,24.955800
654,®ç¶é¥«·¨±ö°Ï¥Á±Ú¸ô¤­¬q¤T¤T¤­¸¹,®ç¶é¥«·¨±ö°ÏÂùºa¨½2¾F¥Á±Ú¸ô¤­¬q335¸¹,121.169400,24.957980
655,®ç¶é¥«·¨±ö°Ï·sºa¸ô¤G¤G¤T«Ñ¤@¢¯¸¹¤@¼Ó,®ç¶é¥«·¨±ö°Ï·sºa¨½11¾F·sºa¸ô223«Ñ10¸¹,121.160129,24.956578
656,®ç¶é¥«·¨±ö°Ï¤¤¤s¥_¸ô¤@¬q¤T¤E¤E¸¹,®ç¶é¥«·¨±ö°Ï·¨©ú¨½3¾F¤¤¤s¥_¸ô¤@¬q399¸¹,121.160028,24.908175
657,®ç¶é¥«·¨±ö°Ïª÷¤sµó¤@¤G¤»¸¹,®ç¶é¥«·¨±ö°Ï·¨©ú¨½5¾Fª÷¤sµó126¸¹,121.158052,24.909758
658,®ç¶é¥«·¨±ö°Ï±ö·à¸ô¤G¬q¤@¤T¤G¸¹,®ç¶é¥«·¨±ö°Ï·ç·Ë¨½14¾F±ö·à¸ô¤G¬q132¸¹,121.176061,24.907702
659,®ç¶é¥«·¨±ö°Ï¤G¾F¥Á¦w¸ô¤T¢¯¢¯¸¹,®ç¶é¥«·¨±ö°Ï´IÂ×¨½2¾F¥Á¦w¸ô300¸¹,121.101922,24.920875
660,®ç¶é¥«·¨±ö°Ï¥Á¦w¸ô¤G«Ñ¤@¤T¤K¸¹,®ç¶é¥«·¨±ö°Ï´IÂ×¨½1¾F¥Á¦w¸ô2«Ñ138¸¹,121.095622,24.931578
661,®ç¶é¥«·¨±ö°Ï¥Á¦w¸ô¤G«Ñ¤@¤T¤»¸¹,®ç¶é¥«·¨±ö°Ï´IÂ×¨½1¾F¥Á¦w¸ô2«Ñ136¸¹,121.096123,24.931328
662,®ç¶é¥«·¨±ö°Ï¥Á¦w¸ô¤G«Ñ¤@¥|¢¯§Ë¤­¸¹,®ç¶é¥«·¨±ö°Ï´IÂ×¨½1¾F¥Á¦w¸ô2«Ñ140§Ë5¸¹,121.095405,24.930711
663,®ç¶é¥«·¨±ö°Ï´I¥Áµó668«Ñ3¸¹,®ç¶é¥«·¨±ö°Ï´IÂ×¨½21¾F´I¥Áµó668«Ñ3¸¹,121.072893,24.928269
664,®ç¶é¥«·¨±ö°Ï6¾F¥_°ª¤s³»¢±¢µ¤§¢°¢±¸¹,®ç¶é¥«·¨±ö°Ï°ªºa¨½2¾F¥_°ª¤s³»42¤§4¸¹,121.160501,24.947154
665,®ç¶é¥«·¨±ö°Ï¥Á´I¸ô¤G¬q161¤§1¸¹,§ä¤£¨ì«ü©wªºªùµP¦a§}¡C,,
666,®ç¶é¥«·¨±ö°Ï¥Á¶©¸ô¤T¸¹,®ç¶é¥«·¨±ö°Ï­û¥»¨½15¾F¥Á¶©¸ô3¸¹,121.101125,24.930480
667,®ç¶é¥«·¨±ö°Ï¤¤¤s¥_¸ô¤G¬q¤G¤K¤G¸¹¤@¼Ó,®ç¶é¥«·¨±ö°Ï¥Ã¥­¨½5¾F¤¤¤s¥_¸ô¤G¬q282¸¹,121.173617,24.910967
668,®ç¶é¥«·¨±ö°Ï¥Ã¥­¸ô523¸¹¡]2¼Ó¡^,®ç¶é¥«·¨±ö°Ï¥Ã¥­¨½11¾F¥Ã¥­¸ô523¸¹,121.174696,24.919064
669,®ç¶é¥«·¨±ö°Ï¥Ã¥­¸ô¢´¢³¢¸«Ñ¢±¸¹,®ç¶é¥«·¨±ö°Ï¥Ã¥­¨½11¾F¥Ã¥­¸ô549«Ñ2¸¹,121.173144,24.918345
670,®ç¶é¥«·¨±ö°Ï¥Ã¥­¸ô605¸¹,®ç¶é¥«·¨±ö°Ï¥Ã¥­¨½11¾F¥Ã¥­¸ô605¸¹,121.172327,24.918041
671,®ç¶é¥«·¨±ö°Ï¥Ã¥­¸ô¢µ¢¯¢¶«Ñ¢±¡Ð¢´¸¹,®ç¶é¥«·¨±ö°Ï¥Ã¥­¨½11¾F¥Ã¥­¸ô607«Ñ2¤§5¸¹,121.172001,24.918325
672,®ç¶é¥«·¨±ö°Ï¥Ã¥­¸ô¢µ¢±¢²¸¹,®ç¶é¥«·¨±ö°Ï¥Ã¥­¨½11¾F¥Ã¥­¸ô623¸¹,121.171410,24.918089
673,®ç¶é¥«·¨±ö°Ï¥Ã¥­¸ô625¸¹,®ç¶é¥«·¨±ö°Ï¥Ã¥­¨½11¾F¥Ã¥­¸ô625¸¹,121.171098,24.918144
674,®ç¶é¥«·¨±ö°Ï¥Ã¥­¸ô¤»¢¯¤C«Ñ¤C¸¹,®ç¶é¥«·¨±ö°Ï¥Ã¥­¨½11¾F¥Ã¥­¸ô607«Ñ7¸¹,121.172415,24.917418
675,®ç¶é¥«·¨±ö°Ï¥Ã¥­¸ô¤»¤G¤C¸¹,®ç¶é¥«·¨±ö°Ï¥Ã¥­¨½11¾F¥Ã¥­¸ô627¸¹,121.171005,24.918064
676,®ç¶é¥«·¨±ö°Ï±ö·à¸ô2¬q616«Ñ5¸¹,®ç¶é¥«·¨±ö°Ï·ç©W¨½18¾F±ö·à¸ô¤G¬q616«Ñ5¸¹,121.181733,24.896595
677,®ç¶é¥«·¨±ö°Ï±ö·à¸ô¤G¬q¤»¤@¤»«Ñ¤@¸¹,®ç¶é¥«·¨±ö°Ï·ç©W¨½18¾F±ö·à¸ô¤G¬q616«Ñ1¸¹,121.182385,24.896821
678,®ç¶é¥«·¨±ö°Ï±ö·à¸ô¤G¬q¤»¤@¤»«Ñ¤»¸¹,®ç¶é¥«·¨±ö°Ï·ç©W¨½18¾F±ö·à¸ô¤G¬q616«Ñ6¸¹,121.181973,24.897046
679,®ç¶é¥«·¨±ö°Ï±ö·à¸ô¤G¬q¤»¤K¤K¸¹,®ç¶é¥«·¨±ö°Ï·ç©W¨½18¾F±ö·à¸ô¤G¬q688¸¹,121.183882,24.896302
680,®ç¶é¥«·¨±ö°Ï±ö·à¸ô¢±¬q¢³¢³¢´«Ñ¢°¸¹,®ç¶é¥«·¨±ö°Ï·ç©W¨½18¾F±ö·à¸ô¤G¬q616«Ñ1¤§1¸¹,121.182745,24.896916
681,®ç¶é¥«·¨±ö°Ï±ö·à¸ô¢±¬q¢´¢¶¢·«Ñ¢°¢µ§Ë¢°¢±¸¹¢°¼Ó,®ç¶é¥«·¨±ö°Ï·ç©W¨½18¾F±ö·à¸ô¤G¬q578«Ñ16§Ë12¸¹,121.182015,24.899053
682,®ç¶é¥«·¨±ö°Ï±ö·à¸ô¢±¬q¢´¢¶¢·«Ñ¢°¢µ§Ë¢°¢µ¸¹¢°¼Ó,®ç¶é¥«·¨±ö°Ï·ç©W¨½18¾F±ö·à¸ô¤G¬q578«Ñ16§Ë16¸¹,121.181975,24.899127
683,®ç¶é¥«·¨±ö°Ï±ö·à¸ô¢±¬q¢´¢¶¢·«Ñ¢°¢µ§Ë¢±¢¯¸¹,®ç¶é¥«·¨±ö°Ï·ç©W¨½18¾F±ö·à¸ô¤G¬q578«Ñ16§Ë20¸¹,121.181858,24.899569
684,®ç¶é¥«·¨±ö°Ï±ö·à¸ô¢±¬q¢´¢¶¢·«Ñ¢°¢µ§Ë¢¶¸¹,®ç¶é¥«·¨±ö°Ï·ç©W¨½18¾F±ö·à¸ô¤G¬q578«Ñ16§Ë7¸¹,121.181590,24.899011
685,®ç¶é¥«·¨±ö°Ï±ö·à¸ô¢±¬q¢´¢¶¢·«Ñ¢°¢µ§Ë¢¸¸¹,®ç¶é¥«·¨±ö°Ï·ç©W¨½18¾F±ö·à¸ô¤G¬q578«Ñ16§Ë9¸¹,121.181513,24.899118
686,®ç¶é¥«·¨±ö°Ï¥Ã¥­¸ô¤­¤G¤T¸¹,®ç¶é¥«·¨±ö°Ï¥Ã¥­¨½11¾F¥Ã¥­¸ô523¸¹,121.174696,24.919064
687,®ç¶é¥«Às¼æ°ÏÀs¥­¸ô1236«Ñ2¸¹1¼Ó,®ç¶é¥«Às¼æ°ÏªZº~¨½22¾FÀs¥­¸ô1236«Ñ2¸¹,121.242034,24.884288
688,®ç¶é¥«Às¼æ°Ï¤K±i?¢´¢´¡Ð¢¶¸¹,®ç¶é¥«Às¼æ°Ï¥Ã¿³¨½1¾F¤j©÷¸ô¤G¬q55¤§1¸¹,121.221977,24.867434
689,®ç¶é¥«Às¼æ°Ï¤K±i?¤­¤­¤§¤@¤­¸¹,®ç¶é¥«Às¼æ°Ï¤T©M¨½10¾Fµf¤lºÛ1¤§1¸¹,121.175605,24.852726
690,®ç¶é¥«Às¼æ°Ï¤K±i?¤­¤­¤§¤@¥|¸¹,®ç¶é¥«Às¼æ°Ï¤T©M¨½10¾Fµf¤lºÛ1¤§1¸¹,121.175605,24.852726
691,®ç¶é¥«Às¼æ°Ï¸t«F¸ô¤K¼w¬q¢±¢²¢µ¤§¢±¸¹,®ç¶é¥«Às¼æ°Ï¸t¼w¨½1¾F¸t«F¸ô¤K¼w¬q2¤§1¸¹,121.202790,24.872961
692,®ç¶é¥«Às¼æ°Ï¸t«F¸ô¤K¼w¬q236¸¹,®ç¶é¥«Às¼æ°Ï¸t¼w¨½1¾F¸t«F¸ô¤K¼w¬q2¤§1¸¹,121.202790,24.872961
693,®ç¶é¥«Às¼æ°Ï¸t«F¸ô¤K¼w¬q¤@¤G¤»¸¹,®ç¶é¥«Às¼æ°Ï¸t¼w¨½2¾F¸t«F¸ô¤K¼w¬q126¸¹,121.201153,24.875482
694,®ç¶é¥«Às¼æ°Ï¸t«F¸ô¤K¼w¬q¤@¤G¥|¸¹,®ç¶é¥«Às¼æ°Ï¸t¼w¨½2¾F¸t«F¸ô¤K¼w¬q124¸¹,121.201381,24.875295
695,®ç¶é¥«Às¼æ°Ï¸t«F¸ô¤K¼w¬q¤K¥|¸¹¤@¼Ó,®ç¶é¥«Às¼æ°Ï¸t¼w¨½2¾F¸t«F¸ô¤K¼w¬q84¸¹,121.201816,24.874485
696,®ç¶é¥«Às¼æ°Ï¸t«F¸ô¤K¼w¬q¤»¤­¢¯¡B¤»¤­¤G¸¹,®ç¶é¥«Às¼æ°Ï¸t¼w¨½1¾F¸t«F¸ô¤K¼w¬q2¤§1¸¹,121.202790,24.872961
697,®ç¶é¥«Às¼æ°Ï¸t¼wµó¢°¢¯¢±¸¹,®ç¶é¥«Às¼æ°Ï¸t¼w¨½13¾F¸t¼wµó102¸¹,121.202151,24.885247
698,®ç¶é¥«Às¼æ°Ï¤¤¥¿¸ô¤TªL¬q¤@¤E¢¯¸¹¤@¼Ó,®ç¶é¥«Às¼æ°Ï´IªL¨½12¾F¤¤¥¿¸ô¤TªL¬q190¸¹,121.228339,24.850103
699,®ç¶é¥«Às¼æ°Ï¤¤¥¿¸ô¤TªL¬q¤G¤G¤»«Ñ¤@¤K¤T¸¹,®ç¶é¥«Às¼æ°Ï´IªL¨½22¾F¤¤¥¿¸ô¤TªL¬q226«Ñ183¸¹,121.225526,24.846875
700,®ç¶é¥«Às¼æ°Ï¤¤¥¿¸ô¤TªL¬q¤G¤G¤»«Ñ¤@¥|¤­¸¹¤@¼Ó,®ç¶é¥«Às¼æ°Ï´IªL¨½22¾F¤¤¥¿¸ô¤TªL¬q226«Ñ145¸¹,121.225952,24.847127
701,®ç¶é¥«Às¼æ°Ï¤u¤­¸ô252¸¹(1.2¼Ó),®ç¶é¥«Às¼æ°Ï¯QªL¨½39¾F¤u¤­¸ô252¸¹,121.204825,24.889291
702,®ç¶é¥«Às¼æ°Ï¤¤Â×¸ô¢´¢µ¢¯¸¹,®ç¶é¥«Às¼æ°Ï¯Q¾ðªL¨½6¾F¤¤Â×¸ô560¸¹,121.212955,24.884834
703,®ç¶é¥«Às¼æ°Ï¤¤Â×¸ô¤»¤@¤K¸¹,®ç¶é¥«Às¼æ°Ï¯Q¾ðªL¨½6¾F¤¤Â×¸ô618¸¹,121.212522,24.886251
704,®ç¶é¥«Às¼æ°Ï¯Q¾ðªL¤¤Â×¸ô420«Ñ54¤§1¸¹,§ä¤£¨ì«ü©wªºªùµP¦a§}¡C,,
705,®ç¶é¥«Às¼æ°Ï°ª·¨«n¸ô238«Ñ126§Ë2¸¹,®ç¶é¥«Às¼æ°Ï°ª¥­§ø11¾F°ª·¨«n¸ô238«Ñ126§Ë2¸¹,121.210736,24.833045
706,®ç¶é¥«Às¼æ°Ï°ª´­«n¸ô296¸¹,§ä¤£¨ì«ü©wªºªùµP¦a§}¡C,,
707,®ç¶é¥«Às¼æ°ÏÀs¬ìµó228¸¹,Às¶é¤@¸ô288¸¹,Às¶é¤@¸ô338¸¹,Às¶é¤@¸ô338¸¹¤§1,®ç¶é¥«Às¼æ°Ï¤K¼w¨½40¾FÀs¬ìµó235¸¹,121.186872,24.876859
708,®ç¶é¥«Àt¤s°Ï©¾¸q¸ô¢±¬q¢±¢µ¢¯«Ñ¢´¢µ¸¹¢°¡B¢±¼Ó,®ç¶é¥«Àt¤s°Ï¤jµØ¨½27¾F©¾¸q¸ô¤G¬q260«Ñ56¸¹,121.359318,25.045339
709,®ç¶é¥«Àt¤s°Ï³»´ò¤Eµó¤@¤­¸¹,®ç¶é¥«Àt¤s°Ï¤jµØ¨½27¾F³»´ò¤Eµó15¸¹,121.367239,25.039075
710,®ç¶é¥«Àt¤s°Ï¢±¢¶¾F³»´ò¸ô¢°¢¶¸¹¢²¼Ó,®ç¶é¥«Àt¤s°Ï¤jµØ¨½27¾F³»´ò¸ô17¸¹,121.361176,25.045494
711,®ç¶é¥«Àt¤s°Ï¤G¤@¾F³»´ò¤Gµó¤»¤K¸¹,®ç¶é¥«Àt¤s°Ï¤jµØ¨½27¾F³»´ò¤Gµó68¸¹,121.360389,25.040151
712,®ç¶é¥«Àt¤s°Ï¤G¤@¾F³»´ò¤­µó¤»¸¹,®ç¶é¥«Àt¤s°Ï¤jµØ¨½27¾F³»´ò¤­µó6¸¹,121.365598,25.040403
713,®ç¶é¥«Àt¤s°Ï¤G¤@¾F³»´ò¸ô¤K«Ñ¤@¸¹,®ç¶é¥«Àt¤s°Ï¤jµØ¨½27¾F³»´ò¸ô8«Ñ2¸¹,121.359499,25.046718
714,®ç¶é¥«Àt¤s°Ï¤G¤G¾F³»´ò¤@µó¤C¸¹¤@¼Ó,®ç¶é¥«Àt¤s°Ï¤jµØ¨½27¾F³»´ò¤@µó7¸¹,121.361330,25.048672
715,®ç¶é¥«Àt¤s°Ï¤G¤G¾F³»´ò¤@µó¤C¸¹¤G¼Ó,®ç¶é¥«Àt¤s°Ï¤jµØ¨½27¾F³»´ò¤@µó7¸¹,121.361330,25.048672
716,®ç¶é¥«Àt¤s°Ï¤G¤G¾F³»´ò¸ô¥|¤E¤§¤G¸¹,®ç¶é¥«Àt¤s°Ï¤jµØ¨½27¾F³»´ò¸ô2¤§1¸¹,121.359668,25.047331
717,®ç¶é¥«Àt¤s°Ï¤T¥|¾F³»´ò¤Eµó¤@¥|¸¹,®ç¶é¥«Àt¤s°Ï¤jµØ¨½27¾F³»´ò¤Eµó14¸¹,121.368200,25.038112
718,®ç¶é¥«Àt¤s°Ï¤T¥|¾F³»´ò¤­µó¤@¤G«Ñ¤@¤C¸¹,®ç¶é¥«Àt¤s°Ï¤jµØ¨½27¾F³»´ò¤­µó12«Ñ17¸¹,121.367002,25.040003
719,®ç¶é¥«Àt¤s°Ï³»´ò¤@µó¢°¢±¸¹,®ç¶é¥«Àt¤s°Ï¤jµØ¨½27¾F³»´ò¤@µó12¸¹,121.362491,25.048813
720,®ç¶é¥«Àt¤s°Ï³»´ò¤@µó¢²¸¹¢±¼Ó,®ç¶é¥«Àt¤s°Ï¤jµØ¨½27¾F³»´ò¤@µó3¸¹,121.360256,25.048215
721,®ç¶é¥«Àt¤s°Ï³»´ò¤@µó8«Ñ10¸¹,®ç¶é¥«Àt¤s°Ï¤jµØ¨½27¾F³»´ò¤@µó8«Ñ10¸¹,121.362244,25.047804
722,®ç¶é¥«Àt¤s°Ï³»´ò¤@µó¢·«Ñ¢·¸¹,®ç¶é¥«Àt¤s°Ï¤jµØ¨½27¾F³»´ò¤@µó8«Ñ2¸¹,121.362103,25.048205
723,®ç¶é¥«Àt¤s°Ï³»´ò¤@µó¤@¤E¸¹,®ç¶é¥«Àt¤s°Ï¤jµØ¨½27¾F³»´ò¤@µó19¸¹,121.362380,25.049087
724,®ç¶é¥«Àt¤s°Ï³»´ò¤@µó¤G¤C¸¹,®ç¶é¥«Àt¤s°Ï¤jµØ¨½27¾F³»´ò¤@µó27¸¹,121.362637,25.049210
725,®ç¶é¥«Àt¤s°Ï³»´ò¤@µó¤G¥|¸¹,®ç¶é¥«Àt¤s°Ï¤jµØ¨½27¾F³»´ò¤@µó24¸¹,121.365515,25.045681
726,®ç¶é¥«Àt¤s°Ï³»´ò¤@µó¤K«Ñ¤G¸¹,®ç¶é¥«Àt¤s°Ï¤jµØ¨½27¾F³»´ò¤@µó8«Ñ2¸¹,121.362103,25.048205
727,®ç¶é¥«Àt¤s°Ï³»´ò¤@µó¤­¸¹¤G¼Ó,®ç¶é¥«Àt¤s°Ï¤jµØ¨½27¾F³»´ò¤@µó5¸¹,121.360561,25.048316
728,®ç¶é¥«Àt¤s°Ï³»´ò¤Cµó¤­¸¹,®ç¶é¥«Àt¤s°Ï¤jµØ¨½27¾F³»´ò¤Cµó5¸¹,121.366134,25.039440
729,®ç¶é¥«Àt¤s°Ï³»´ò¤Eµó¢°¢·¸¹,®ç¶é¥«Àt¤s°Ï¤jµØ¨½27¾F³»´ò¤Eµó18¸¹,121.368060,25.038714
730,®ç¶é¥«Àt¤s°Ï³»´ò¤Eµó3.3¤§1¸¹,®ç¶é¥«Àt¤s°Ï¤jµØ¨½27¾F³»´ò¤Eµó3¸¹,121.367267,25.037978
731,®ç¶é¥«Àt¤s°Ï³»´ò¤Eµó¤E¸¹,®ç¶é¥«Àt¤s°Ï¤jµØ¨½27¾F³»´ò¤Eµó9¸¹,121.367769,25.037985
732,®ç¶é¥«Àt¤s°Ï³»´ò¤Eµó¤­¸¹,®ç¶é¥«Àt¤s°Ï¤jµØ¨½27¾F³»´ò¤Eµó5¸¹,121.367384,25.037962
733,®ç¶é¥«Àt¤s°Ï³»´ò¤Gµó¢±¢³¸¹¢°¼Ó,®ç¶é¥«Àt¤s°Ï¤jµØ¨½27¾F³»´ò¤Gµó24¸¹,121.361885,25.041133
734,®ç¶é¥«Àt¤s°Ï³»´ò¤Gµó34¸¹,®ç¶é¥«Àt¤s°Ï¤jµØ¨½27¾F³»´ò¤Gµó34¸¹,121.361595,25.040949
735,®ç¶é¥«Àt¤s°Ï³»´ò¤Gµó48¸¹,®ç¶é¥«Àt¤s°Ï¤jµØ¨½27¾F³»´ò¤Gµó48¸¹,121.361199,25.040671
736,®ç¶é¥«Àt¤s°Ï³»´ò¤Gµó¢´¢±¸¹,®ç¶é¥«Àt¤s°Ï¤jµØ¨½27¾F³»´ò¤Gµó52¸¹,121.361077,25.040601
737,®ç¶é¥«Àt¤s°Ï³»´ò¤Gµó¢´¢¶¸¹,®ç¶é¥«Àt¤s°Ï¤jµØ¨½27¾F³»´ò¤Gµó57¸¹,121.361433,25.040328
738,®ç¶é¥«Àt¤s°Ï³»´ò¤Gµó¢µ¢±¸¹,®ç¶é¥«Àt¤s°Ï¤jµØ¨½27¾F³»´ò¤Gµó62¸¹,121.360788,25.040428
739,®ç¶é¥«Àt¤s°Ï³»´ò¤Gµó¢µ¢´«Ñ¢µ¸¹¢°¼Ó,®ç¶é¥«Àt¤s°Ï¤jµØ¨½27¾F³»´ò¤Gµó65«Ñ6¸¹,121.360861,25.039286
740,®ç¶é¥«Àt¤s°Ï³»´ò¤Gµó¢µ¢´«Ñ¢µ¸¹¢±¼Ó,®ç¶é¥«Àt¤s°Ï¤jµØ¨½27¾F³»´ò¤Gµó65«Ñ6¸¹,121.360861,25.039286
741,®ç¶é¥«Àt¤s°Ï³»´ò¤Gµó¢¶¢¶¸¹¢°¡B¢±¼Ó,®ç¶é¥«Àt¤s°Ï¤jµØ¨½27¾F³»´ò¤Gµó77¸¹,121.360213,25.039135
742,®ç¶é¥«Àt¤s°Ï³»´ò¤Gµó¤@¤G¸¹,®ç¶é¥«Àt¤s°Ï¤jµØ¨½27¾F³»´ò¤Gµó12¸¹,121.362229,25.041338
743,®ç¶é¥«Àt¤s°Ï³»´ò¤Gµó¤C¡³¸¹,®ç¶é¥«Àt¤s°Ï¤jµØ¨½27¾F³»´ò¤Gµó71¤§3¸¹,121.360931,25.038721
744,®ç¶é¥«Àt¤s°Ï³»´ò¤Gµó¤C¤@¸¹,®ç¶é¥«Àt¤s°Ï¤jµØ¨½27¾F³»´ò¤Gµó71¸¹,121.360496,25.039576
745,®ç¶é¥«Àt¤s°Ï³»´ò¤Gµó¤G¤»¸¹,®ç¶é¥«Àt¤s°Ï¤jµØ¨½27¾F³»´ò¤Gµó26¸¹,121.361828,25.041099
746,®ç¶é¥«Àt¤s°Ï³»´ò¤Gµó¤T¤K¸¹,®ç¶é¥«Àt¤s°Ï¤jµØ¨½27¾F³»´ò¤Gµó38¸¹,121.361429,25.040810
747,®ç¶é¥«Àt¤s°Ï³»´ò¤Gµó¤­¤»¸¹,®ç¶é¥«Àt¤s°Ï¤jµØ¨½27¾F³»´ò¤Gµó56¸¹,121.360964,25.040528
748,®ç¶é¥«Àt¤s°Ï³»´ò¤Gµó¤­¥|¸¹,®ç¶é¥«Àt¤s°Ï¤jµØ¨½27¾F³»´ò¤Gµó54¸¹,121.361026,25.040564
749,®ç¶é¥«Àt¤s°Ï³»´ò¤Gµó¤»¤C¸¹,®ç¶é¥«Àt¤s°Ï¤jµØ¨½27¾F³»´ò¤Gµó67¸¹,121.360802,25.039834
750,®ç¶é¥«Àt¤s°Ï³»´ò¤Gµó¤»¤»«Ñ¤G¸¹,§ä¤£¨ì«ü©wªºªùµP¦a§}¡C,,
751,®ç¶é¥«Àt¤s°Ï³»´ò¤Gµó¤»¥|¸¹,®ç¶é¥«Àt¤s°Ï¤jµØ¨½27¾F³»´ò¤Gµó64¸¹,121.360730,25.040390
752,®ç¶é¥«Àt¤s°Ï³»´ò¤Q¤@µó¤@¸¹,®ç¶é¥«Àt¤s°Ï¤jµØ¨½27¾F³»´ò¤Q¤@µó1¸¹,121.366749,25.037364
753,®ç¶é¥«Àt¤s°Ï³»´ò¤Q¤@µó¤C¸¹,®ç¶é¥«Àt¤s°Ï¤jµØ¨½27¾F³»´ò¤Q¤@µó7¸¹,121.367485,25.037426
754,®ç¶é¥«Àt¤s°Ï³»´ò¤Q¤@µó¤Q¤G¸¹,®ç¶é¥«Àt¤s°Ï¤jµØ¨½27¾F³»´ò¤Q¤@µó6¸¹,121.367135,25.036938
755,®ç¶é¥«Àt¤s°Ï³»´ò¤Tµó¢°¸¹,®ç¶é¥«Àt¤s°Ï¤jµØ¨½27¾F³»´ò¤Tµó1¸¹,121.362725,25.045295
756,®ç¶é¥«Àt¤s°Ï³»´ò¤Tµó¤@¢¯¸¹,®ç¶é¥«Àt¤s°Ï¤jµØ¨½27¾F³»´ò¤Tµó10¸¹,121.361740,25.044367
757,®ç¶é¥«Àt¤s°Ï³»´ò¤Tµó¤C¸¹,®ç¶é¥«Àt¤s°Ï¤jµØ¨½27¾F³»´ò¤Tµó7¸¹,121.362905,25.045710
758,®ç¶é¥«Àt¤s°Ï³»´ò¤­µó¢¸¸¹¢³¼Ó,®ç¶é¥«Àt¤s°Ï¤jµØ¨½27¾F³»´ò¤­µó9¸¹,121.365842,25.041571
759,®ç¶é¥«Àt¤s°Ï³»´ò¤­µó¤@¤G«Ñ¤@¸¹,®ç¶é¥«Àt¤s°Ï¤jµØ¨½27¾F³»´ò¤­µó12«Ñ1¸¹,121.366453,25.040494
760,®ç¶é¥«Àt¤s°Ï³»´ò¤­µó¤@¤G«Ñ¤G¸¹,®ç¶é¥«Àt¤s°Ï¤jµØ¨½27¾F³»´ò¤­µó12«Ñ2¸¹,121.365922,25.040501
761,®ç¶é¥«Àt¤s°Ï³»´ò¤­µó¤G¡³¸¹,®ç¶é¥«Àt¤s°Ï¤jµØ¨½27¾F³»´ò¤­µó18¤§1¸¹,121.367346,25.040230
762,®ç¶é¥«Àt¤s°Ï³»´ò¤­µó¤K¸¹,®ç¶é¥«Àt¤s°Ï¤jµØ¨½27¾F³»´ò¤­µó8¸¹,121.365732,25.040453
763,®ç¶é¥«Àt¤s°Ï³»´ò¤­µó¤Q¤G«Ñ¤Q¤G¸¹,®ç¶é¥«Àt¤s°Ï¤jµØ¨½27¾F³»´ò¤­µó12«Ñ12¸¹,121.366263,25.039823
764,®ç¶é¥«Àt¤s°Ï³»´ò¤­µó¤­¸¹¤@¼Ó,®ç¶é¥«Àt¤s°Ï¤jµØ¨½27¾F³»´ò¤­µó5¸¹,121.365644,25.040784
765,®ç¶é¥«Àt¤s°Ï³»´ò¤»µó¤»¸¹,®ç¶é¥«Àt¤s°Ï¤jµØ¨½27¾F³»´ò¤»µó16¸¹,121.361819,25.037829
766,®ç¶é¥«Àt¤s°Ï³»´ò¸ô¢°¢°¸¹¢°¼Ó,®ç¶é¥«Àt¤s°Ï¤jµØ¨½27¾F³»´ò¸ô11¸¹,121.360556,25.046233
767,®ç¶é¥«Àt¤s°Ï³»´ò¸ô¢°¢²¸¹¢±¡B¢²¼Ó,®ç¶é¥«Àt¤s°Ï¤jµØ¨½27¾F³»´ò¸ô13¸¹,121.360737,25.046051
768,®ç¶é¥«Àt¤s°Ï³»´ò¸ô¢°¢¶¸¹¢°¼Ó,®ç¶é¥«Àt¤s°Ï¤jµØ¨½27¾F³»´ò¸ô17¸¹,121.361176,25.045494
769,®ç¶é¥«Àt¤s°Ï³»´ò¸ô36¸¹,®ç¶é¥«Àt¤s°Ï¤jµØ¨½27¾F³»´ò¸ô2¤§12¸¹,121.359720,25.047241
770,®ç¶é¥«Àt¤s°Ï³»´ò¸ô46¸¹,®ç¶é¥«Àt¤s°Ï¤jµØ¨½27¾F³»´ò¸ô2¤§12¸¹,121.359720,25.047241
771,®ç¶é¥«Àt¤s°Ï³»´ò¸ô¢´¢±¸¹¢°¡B¢±¼Ó,®ç¶é¥«Àt¤s°Ï¤jµØ¨½27¾F³»´ò¸ô52¸¹,121.362956,25.040632
772,®ç¶é¥«Àt¤s°Ï³»´ò¸ô¢´¢¸¸¹¢°¼Ó,®ç¶é¥«Àt¤s°Ï¤jµØ¨½27¾F³»´ò¸ô59¸¹,121.365415,25.037140
773,®ç¶é¥«Àt¤s°Ï³»´ò¸ô¢µ¢´¸¹¢°¡B¢±¼Ó,®ç¶é¥«Àt¤s°Ï¤jµØ¨½27¾F³»´ò¸ô65¸¹,121.365643,25.036854
774,®ç¶é¥«Àt¤s°Ï³»´ò¸ô¢µ¢µ¸¹,®ç¶é¥«Àt¤s°Ï¤jµØ¨½27¾F³»´ò¸ô66¸¹,121.364176,25.038207
775,®ç¶é¥«Àt¤s°Ï³»´ò¸ô69¸¹,®ç¶é¥«Àt¤s°Ï¤jµØ¨½27¾F³»´ò¸ô69¸¹,121.366384,25.035781
776,®ç¶é¥«Àt¤s°Ï³»´ò¸ô¢µ¸¹,®ç¶é¥«Àt¤s°Ï¤jµØ¨½27¾F³»´ò¸ô6¸¹,121.359816,25.046875
777,®ç¶é¥«Àt¤s°Ï³»´ò¸ô¢¶¡B¢¶¤§¢°¸¹¢°¼Ó,®ç¶é¥«Àt¤s°Ï¤jµØ¨½27¾F³»´ò¸ô5¤§2¸¹,121.360402,25.046700
778,®ç¶é¥«Àt¤s°Ï³»´ò¸ô¢¶¸¹¢±¼Ó,®ç¶é¥«Àt¤s°Ï¤jµØ¨½27¾F³»´ò¸ô7¸¹,121.361824,25.047281
779,®ç¶é¥«Àt¤s°Ï³»´ò¸ô¢¸¢±¸¹,®ç¶é¥«Àt¤s°Ï¤jµØ¨½27¾F³»´ò¸ô92¸¹,121.366285,25.034138
780,®ç¶é¥«Àt¤s°Ï³»´ò¸ô9¤§1¸¹1¼Ó,®ç¶é¥«Àt¤s°Ï¤jµØ¨½27¾F³»´ò¸ô9¤§1¸¹,121.361232,25.046481
781,®ç¶é¥«Àt¤s°Ï³»´ò¸ô¢¸¤§¢±¸¹,®ç¶é¥«Àt¤s°Ï¤jµØ¨½27¾F³»´ò¸ô9¤§2¸¹,121.361424,25.046527
782,®ç¶é¥«Àt¤s°Ï³»´ò¸ô¤C¤T¸¹,®ç¶é¥«Àt¤s°Ï¤jµØ¨½27¾F³»´ò¸ô73¸¹,121.366526,25.035130
783,®ç¶é¥«Àt¤s°Ï³»´ò¸ô¤G¤E¸¹,®ç¶é¥«Àt¤s°Ï¤jµØ¨½27¾F³»´ò¸ô29¸¹,121.361435,25.044021
784,®ç¶é¥«Àt¤s°Ï³»´ò¸ô¤T¤@¸¹,®ç¶é¥«Àt¤s°Ï¤jµØ¨½27¾F³»´ò¸ô31¸¹,121.361729,25.043889
785,®ç¶é¥«Àt¤s°Ï³»´ò¸ô¤­¡³¸¹,®ç¶é¥«Àt¤s°Ï¤jµØ¨½27¾F³»´ò¸ô2¤§12¸¹,121.359720,25.047241
786,®ç¶é¥«Àt¤s°Ï³»´ò¸ô¤»¤C¸¹,®ç¶é¥«Àt¤s°Ï¤jµØ¨½27¾F³»´ò¸ô67¸¹,121.366039,25.036449
787,®ç¶é¥«Àt¤s°Ï³»´ò¸ô¤»¤K¸¹,®ç¶é¥«Àt¤s°Ï¤jµØ¨½27¾F³»´ò¸ô68¸¹,121.364054,25.037525
788,®ç¶é¥«Àt¤s°Ï³»´ò¸ô¤»¤»¤§¤@¸¹,®ç¶é¥«Àt¤s°Ï¤jµØ¨½27¾F³»´ò¸ô2¤§1¸¹,121.359668,25.047331
789,®ç¶é¥«Àt¤s°Ï³»´ò¸ô¤»¥|¸¹,®ç¶é¥«Àt¤s°Ï¤jµØ¨½27¾F³»´ò¸ô64¸¹,121.363878,25.038114
790,®ç¶é¥«Àt¤s°Ï³»´ò¸ô¥|¢¯¸¹,®ç¶é¥«Àt¤s°Ï¤jµØ¨½27¾F³»´ò¸ô40¸¹,121.362554,25.041632
791,®ç¶é¥«Àt¤s°Ï³»´ò¸ô¥|¤C¸¹,®ç¶é¥«Àt¤s°Ï¤jµØ¨½27¾F³»´ò¸ô47¸¹,121.364466,25.039460
792,®ç¶é¥«Àt¤s°ÏÄ_¥Ûµó¢µ¢¯«Ñ¢°¢±¤§¢°¸¹¢²¼Ó,®ç¶é¥«Àt¤s°Ï·sÀ­¨½21¾FÄ_¥Ûµó60«Ñ12¤§1¸¹,121.367645,24.998790
793,®ç¶é¥«Àt¤s°Ï¯ù±M¸ô¤E¤§¤E¸¹,®ç¶é¥«Àt¤s°ÏÀ­³»¨½17¾F¯ù±M¸ô2¤§1¸¹,121.354932,25.000694
794,®ç¶é¥«Àt¤s°Ï¦Û±j«n¸ô¤C¤­¤T¸¹,®ç¶é¥«Àt¤s°Ï·s¿³¨½1¾F¦Û±j«n¸ô753¸¹,121.332842,24.992219
795,®ç¶é¥«Àt¤s°Ï¦Û±j«n¸ô¤C¤»¤@¸¹¤@¼Ó,®ç¶é¥«Àt¤s°Ï·s¿³¨½1¾F¦Û±j«n¸ô761¸¹,121.332700,24.992482
796,®ç¶é¥«Àt¤s°Ï³»´ò¤@µó¢³¢´¸¹,®ç¶é¥«Àt¤s°Ï¤jµØ¨½27¾F³»´ò¤@µó1¤§1¸¹,121.360022,25.048138
797,®ç¶é¥«Àt¤s°Ï³»´ò¤@µó51¸¹,®ç¶é¥«Àt¤s°Ï¤jµØ¨½27¾F³»´ò¤@µó1¤§1¸¹,121.360022,25.048138
798,®ç¶é¥«Àt¤s°Ï³»´ò¤@µó¢µ¢²¸¹,®ç¶é¥«Àt¤s°Ï¤å¤Æ¨½18¾F³»´ò¤@µó63¸¹,121.365954,25.044853
799,®ç¶é¥«Àt¤s°Ï³»´ò¤@µó¥|¤C¸¹,®ç¶é¥«Àt¤s°Ï¤å¤Æ¨½18¾F³»´ò¤@µó47¸¹,121.365338,25.048048
800,®ç¶é¥«Àt¤s°Ï³»´ò¤@µó¥|¤T¸¹,®ç¶é¥«Àt¤s°Ï¤å¤Æ¨½18¾F³»´ò¤@µó43¸¹,121.364812,25.048371
801,®ç¶é¥«Àt¤s°ÏµØ¨È¤­¸ô2¡B6¸¹,§ä¤£¨ì«ü©wªºªùµP¦a§}¡C,,
802,®ç¶é¥«Àt¤s°Ï7¾F®üµÓ¸ô3¸¹,®ç¶é¥«Àt¤s°ÏºÖ·½¨½7¾F®üµÓ¸ô3¸¹,121.345461,24.983155
803,®ç¶é¥«Àt¤s°Ï¤C¾F®üµÓ¸ô¤K¤§¤@¸¹,®ç¶é¥«Àt¤s°ÏºÖ·½¨½7¾F®üµÓ¸ô1¤§1¸¹,121.345706,24.983501
804,®ç¶é¥«Àt¤s°Ï«n¤W¸ô¤­¤G¢¯«Ñ¤»§Ë¤G¤C¸¹,®ç¶é¥«Àt¤s°Ï¤j§|¨½2¾F«n¤W¸ô520«Ñ6§Ë27¸¹,121.306508,25.044055
805,®ç¶é¥«Àt¤s°Ï®üµÓ¸ô15«Ñ10¸¹,®ç¶é¥«Àt¤s°ÏºÖ·½¨½7¾F®üµÓ¸ô15«Ñ10¸¹,121.346077,24.979303
806,®ç¶é¥«Àt¤s°Ï®üµÓ¸ô16«Ñ6¸¹,®ç¶é¥«Àt¤s°ÏºÖ·½¨½7¾F®üµÓ¸ô16«Ñ6¸¹,121.345702,24.980522
807,®ç¶é¥«Àt¤s°Ï®üµÓ¸ô4¸¹,®ç¶é¥«Àt¤s°ÏºÖ·½¨½7¾F®üµÓ¸ô4¸¹,121.345190,24.982202
808,®ç¶é¥«Àt¤s°Ï®üµÓ¸ô¤@¢¯¤§¤G¸¹,®ç¶é¥«Àt¤s°ÏºÖ·½¨½7¾F®üµÓ¸ô1¤§1¸¹,121.345706,24.983501
809,®ç¶é¥«Àt¤s°Ï®üµÓ¸ô¤@¤G¸¹,®ç¶é¥«Àt¤s°ÏºÖ·½¨½7¾F®üµÓ¸ô12¸¹,121.345307,24.980591
810,®ç¶é¥«Àt¤s°Ï®üµÓ¸ô¤@¤»«Ñ¤@¸¹,®ç¶é¥«Àt¤s°ÏºÖ·½¨½7¾F®üµÓ¸ô16«Ñ1¸¹,121.345851,24.980331
811,®ç¶é¥«Àt¤s°Ï®üµÓ¸ô¤@¤»«Ñ¤G¸¹,®ç¶é¥«Àt¤s°ÏºÖ·½¨½7¾F®üµÓ¸ô16«Ñ2¸¹,121.345398,24.980239
812,®ç¶é¥«Àt¤s°Ï®üµÓ¸ô¤@¤»«Ñ¤K¤§¤@¸¹,®ç¶é¥«Àt¤s°ÏºÖ·½¨½7¾F®üµÓ¸ô16«Ñ1¤§1¸¹,121.345598,24.980170
813,®ç¶é¥«Àt¤s°Ï®üµÓ¸ô¤@¤»«Ñ¤T¸¹,®ç¶é¥«Àt¤s°ÏºÖ·½¨½7¾F®üµÓ¸ô16«Ñ3¸¹,121.346052,24.980509
814,®ç¶é¥«Àt¤s°Ï®üµÓ¸ô¤@¤»«Ñ¥|¸¹,®ç¶é¥«Àt¤s°ÏºÖ·½¨½7¾F®üµÓ¸ô16«Ñ4¸¹,121.345589,24.980432
815,®ç¶é¥«Àt¤s°Ï®üµÓ¸ô¤@¥|¸¹,®ç¶é¥«Àt¤s°ÏºÖ·½¨½7¾F®üµÓ¸ô14¸¹,121.345151,24.980209
816,®ç¶é¥«Àt¤s°Ï®üµÓ¸ô¤@¸¹,®ç¶é¥«Àt¤s°ÏºÖ·½¨½7¾F®üµÓ¸ô1¸¹,121.345706,24.983501
817,®ç¶é¥«Àt¤s°Ï®üµÓ¸ô¤G¡³¸¹¤@¼Ó,®ç¶é¥«Àt¤s°ÏºÖ·½¨½7¾F®üµÓ¸ô1¤§1¸¹,121.345706,24.983501
818,®ç¶é¥«Àt¤s°Ï®üµÓ¸ô¤­¸¹,®ç¶é¥«Àt¤s°ÏºÖ·½¨½7¾F®üµÓ¸ô5¸¹,121.344648,24.982342
819,®ç¶é¥«Àt¤s°Ï®üµÓ¸ô¤»«Ñ¤@¤§¤T¡B¤§¥|¸¹,®ç¶é¥«Àt¤s°ÏºÖ·½¨½7¾F®üµÓ¸ô6«Ñ1¤§1¸¹,121.346047,24.981682
820,®ç¶é¥«Àt¤s°Ï®üµÓ¸ô¤»«Ñ¤C¸¹,®ç¶é¥«Àt¤s°ÏºÖ·½¨½7¾F®üµÓ¸ô6«Ñ7¸¹,121.345661,24.981386
821,®ç¶é¥«Àt¤s°Ï®üµÓ¸ô¤»«Ñ¤T¸¹¤Î¤»«Ñ¤­§Ë¤@¡B¤G¸¹,§ä¤£¨ì«ü©wªºªùµP¦a§}¡C,,
822,®ç¶é¥«Àt¤s°Ï¼w©ú¸ô¦P©÷«Ñ¢°¡B¢°¤§¢°¸¹,®ç¶é¥«Àt¤s°ÏºÖ·½¨½7¾F¼w©ú¸ô¦P©÷«Ñ1¸¹,121.345503,24.983678
823,®ç¶é¥«Àt¤s°Ï¼w©ú¸ô¦P©÷«Ñ¢²¸¹¢°¼Ó,®ç¶é¥«Àt¤s°ÏºÖ·½¨½7¾F¼w©ú¸ô¦P©÷«Ñ3¸¹,121.345369,24.983805
824,®ç¶é¥«Àt¤s°Ï¤å¤Æ¤G¸ô¤G¤@¤­¸¹,®ç¶é¥«Àt¤s°Ï¤å¤Æ¨½19¾F¤å¤Æ¤G¸ô215¸¹,121.377065,25.047752
825,®ç¶é¥«Àt¤s°Ï«n¤W¸ô¤T¤K¤E¸¹,®ç¶é¥«Àt¤s°Ï¤j§|¨½2¾F«n¤W¸ô389¸¹,121.303848,25.045625
826,®ç¶é¥«Àt¤s°Ï¬ì§Þ¤@¸ô¢²¢²¸¹¡B¢²¢´¸¹,®ç¶é¥«Àt¤s°Ï¤å¤Æ¨½19¾F¬ì§Þ¤@¸ô33¸¹,121.377015,25.051148
827,®ç¶é¥«Àt¤s°Ï¬ì§Þ¤C¸ô¤»¤E¸¹,®ç¶é¥«Àt¤s°Ï¤å¤Æ¨½19¾F¬ì§Þ¤C¸ô69¸¹,121.375214,25.043862
828,®ç¶é¥«Àt¤s°Ï¬ì§Þ¤G¸ô¢²¢¸¸¹¢°¼Ó,®ç¶é¥«Àt¤s°Ï¤å¤Æ¨½19¾F¬ì§Þ¤G¸ô39¸¹,121.379397,25.049135
829,®ç¶é¥«Àt¤s°Ï¬ì§Þ¤T¸ô¢·¢·¸¹¢³¼Ó,®ç¶é¥«Àt¤s°Ï¤å¤Æ¨½19¾F¬ì§Þ¤T¸ô88¸¹,121.374722,25.051772
830,®ç¶é¥«Àt¤s°Ï¬ì§Þ¤»¸ô¢´¢¸¸¹,®ç¶é¥«Àt¤s°Ï¤å¤Æ¨½19¾F¬ì§Þ¤»¸ô59¸¹,121.374302,25.044083
831,®ç¶é¥«Àt¤s°Ï¬ì§Þ¤»¸ô¤»¢¯¸¹,®ç¶é¥«Àt¤s°Ï¤å¤Æ¨½19¾F¬ì§Þ¤»¸ô59¸¹,121.374302,25.044083
832,®ç¶é¥«Àt¤s°Ï³»´ò¤@µó¤­¤T¸¹,®ç¶é¥«Àt¤s°Ï¤å¤Æ¨½18¾F³»´ò¤@µó53¸¹,121.365696,25.046996
833,®ç¶é¥«Àt¤s°Ï³»´ò¤@µó¥|¤E¸¹,®ç¶é¥«Àt¤s°Ï¤å¤Æ¨½18¾F³»´ò¤@µó49¸¹,121.365403,25.047697
834,®ç¶é¥«Àt¤s°Ï´_¿³¤T¸ô¢³¢´¢±¸¹¤Î¢³¢´¢±¸¹¢²¼Ó,®ç¶é¥«Àt¤s°Ï¤å¤Æ¨½19¾F´_¿³¤T¸ô452¸¹,121.370460,25.043948
835,®ç¶é¥«Àt¤s°Ï´_¿³¤T¸ô¢´¢¯¢¯¸¹¢²¡B¢³¡B¢¶¼Ó,®ç¶é¥«Àt¤s°Ï¤å¤Æ¨½19¾F´_¿³¤T¸ô500¸¹,121.370977,25.041970
836,®ç¶é¥«Àt¤s°Ï´_¿³¤T¸ô¤­¤»¤K¸¹,®ç¶é¥«Àt¤s°Ï¤å¤Æ¨½19¾F´_¿³¤T¸ô568¸¹,121.372478,25.039723
837,®ç¶é¥«Àt¤s°ÏµØ¨È¤@¸ô¢³¢¯¸¹¡B¢³¢¯¸¹¢±¼Ó¡B¢³¢¯¸¹¢³¼Ó,®ç¶é¥«Àt¤s°Ï¤å¤Æ¨½19¾FµØ¨È¤@¸ô40¸¹,121.372020,25.042392
838,®ç¶é¥«Àt¤s°ÏµØ¨È¤@¸ô¢µ¢µ¸¹¢°¡B¢±¡B¢³¡B¢´¡B¢µ¡B¢·¡B¢¸¡B¢°¢¯¼Ó,®ç¶é¥«Àt¤s°Ï¤å¤Æ¨½19¾FµØ¨È¤@¸ô66¸¹,121.373104,25.040212
839,®ç¶é¥«Àt¤s°ÏµØ¨È¤@¸ô¢µ¢µ¸¹¢²¼Ó¤Î¢³¼Ó,®ç¶é¥«Àt¤s°Ï¤å¤Æ¨½19¾FµØ¨È¤@¸ô66¸¹,121.373104,25.040212
840,®ç¶é¥«Àt¤s°ÏµØ¨È¤@¸ô¢µ¢µ¸¹¢¶¼Ó,®ç¶é¥«Àt¤s°Ï¤å¤Æ¨½19¾FµØ¨È¤@¸ô66¸¹,121.373104,25.040212
841,®ç¶é¥«Àt¤s°ÏµØ¨È¤@¸ô¢µ¢·¸¹¢³¼Ó,®ç¶é¥«Àt¤s°Ï¤å¤Æ¨½19¾FµØ¨È¤@¸ô68¸¹,121.372935,25.039373
842,®ç¶é¥«Àt¤s°ÏµØ¨È¤@¸ô¤@¸¹,®ç¶é¥«Àt¤s°Ï¤å¤Æ¨½19¾FµØ¨È¤@¸ô1¸¹,121.371013,25.047800
843,®ç¶é¥«Àt¤s°ÏµØ¨È¤G¸ô¢±¢´¢µ¸¹,®ç¶é¥«Àt¤s°Ï¤å¤Æ¨½19¾FµØ¨È¤G¸ô256¸¹,121.374231,25.045054
844,®ç¶é¥«Àt¤s°ÏµØ¨È¤G¸ô¢±¢¶¢¯¸¹,®ç¶é¥«Àt¤s°Ï¤å¤Æ¨½19¾FµØ¨È¤G¸ô270¸¹,121.373813,25.043164
845,®ç¶é¥«Àt¤s°ÏµØ¨È¤G¸ô¤G¤»¤K¸¹,®ç¶é¥«Àt¤s°Ï¤å¤Æ¨½19¾FµØ¨È¤G¸ô268¸¹,121.374016,25.043756
846,®ç¶é¥«Àt¤s°ÏµØ¨È¤T¸ô¤­¢¯¸¹,®ç¶é¥«Àt¤s°Ï¤å¤Æ¨½19¾FµØ¨È¤T¸ô50¸¹,121.378792,25.048020
847,®ç¶é¥«Àt¤s°ÏµØ¨È¤T¸ô¤­¢¯¸¹¥|¼Ó¤Î¤»¼Ó¤§¤G,®ç¶é¥«Àt¤s°Ï¤å¤Æ¨½19¾FµØ¨È¤T¸ô50¸¹,121.378792,25.048020
848,®ç¶é¥«Àt¤s°Ï¥Á¥Í¸ô¢°¬q¢´¢°¢°¸¹,§ä¤£¨ì«ü©wªºªùµP¦a§}¡C,,
849,®ç¶é¥«Àt¤s°Ï«n¬üµó90«Ñ41¸¹1¼Ó,®ç¶é¥«Àt¤s°Ï«n¬ü¨½12¾F«n¬üµó90«Ñ41¸¹,121.299230,25.045533
850,®ç¶é¥«Àt¤s°Ï«n¬üµó¤E¡³«Ñ¤@¸¹,®ç¶é¥«Àt¤s°Ï«n¬ü¨½6¾F«n¬üµó32«Ñ1¸¹,121.297164,25.046827
851,®ç¶é¥«Àt¤s°Ï«n¬üµó¤E¡³«Ñ¤G¤E§Ë¥|¸¹,®ç¶é¥«Àt¤s°Ï«n¬ü¨½11¾F«n¬üµó90«Ñ29§Ë4¸¹,121.299144,25.045290
852,®ç¶é¥«Àt¤s°Ï«n¬üµó¤E¡³«Ñ¥|¤»¸¹,®ç¶é¥«Àt¤s°Ï«n¬ü¨½12¾F«n¬üµó90«Ñ46¸¹,121.299472,25.045906
853,®ç¶é¥«Àt¤s°Ï«n¬üµó¤­¤»«Ñ¤@¸¹,®ç¶é¥«Àt¤s°Ï«n¬ü¨½7¾F«n¬üµó56«Ñ1¸¹,121.297870,25.045840
854,®ç¶é¥«Àt¤s°Ï«n¬üµó¤­¤»«Ñ¤»¸¹,®ç¶é¥«Àt¤s°Ï«n¬ü¨½7¾F«n¬üµó56«Ñ6¸¹,121.297797,25.046078
855,®ç¶é¥«Àt¤s°Ï¢¶¾F®üµÓ¸ô¢°¢¸¸¹¢°¼Ó,®ç¶é¥«Àt¤s°ÏºÖ·½¨½7¾F®üµÓ¸ô19¸¹,121.344411,24.981370
856,®ç¶é¥«Àt¤s°Ï®üµÓ¸ô¢±¢¯¤§¢°¸¹,®ç¶é¥«Àt¤s°ÏºÖ·½¨½7¾F®üµÓ¸ô20¤§1¸¹,121.345888,24.979987
857,®ç¶é¥«Àt¤s°Ï®üµÓ¸ô¤@¢¯¤§¤@¸¹,®ç¶é¥«Àt¤s°ÏºÖ·½¨½7¾F®üµÓ¸ô1¤§1¸¹,121.345706,24.983501
858,®ç¶é¥«Àt¤s°Ï®üµÓ¸ô¤@¢¯¸¹,®ç¶é¥«Àt¤s°ÏºÖ·½¨½7¾F®üµÓ¸ô10¸¹,121.344984,24.981208
859,®ç¶é¥«Àt¤s°Ï®üµÓ¸ô¤@¤»«Ñ¤@¤G¸¹,®ç¶é¥«Àt¤s°ÏºÖ·½¨½7¾F®üµÓ¸ô16«Ñ12¸¹,121.346311,24.980717
860,®ç¶é¥«Àt¤s°Ï®üµÓ¸ô¤K¤§¤G¸¹,®ç¶é¥«Àt¤s°ÏºÖ·½¨½7¾F®üµÓ¸ô1¤§1¸¹,121.345706,24.983501
861,®ç¶é¥«Àt¤s°Ï³»´ò¸ô¤C¤§¤@¸¹¤T¼Ó,®ç¶é¥«Àt¤s°Ï¤jµØ¨½27¾F³»´ò¸ô2¤§1¸¹,121.359668,25.047331
862,®ç¶é¥«Àt¤s°Ï´ò¤sµó¢±¢¯¢³¸¹,®ç¶é¥«Àt¤s°ÏºÖ·½¨½10¾F´ò¤sµó204¸¹,121.350388,24.983778
863,®ç¶é¥«Àt¤s°Ï´ò¤sµó¢³¢´¢¶¤§¢±¸¹,®ç¶é¥«Àt¤s°ÏºÖ·½¨½8¾F´ò¤sµó457¤§2¸¹,121.346480,24.980025
864,®ç¶é¥«Àt¤s°Ï´ò¤sµó¤@¤E¤­¸¹,®ç¶é¥«Àt¤s°ÏºÖ·½¨½10¾F´ò¤sµó195¸¹,121.350025,24.984129
865,®ç¶é¥«Àt¤s°Ï´ò¤sµó¤@¤K¢¯«Ñ¤@§Ë¤@¤@¸¹,®ç¶é¥«Àt¤s°ÏºÖ·½¨½14¾F´ò¤sµó180«Ñ1§Ë11¸¹,121.352084,24.984999
866,®ç¶é¥«Àt¤s°Ï´ò¤sµó¤@¤K¢¯«Ñ¤@§Ë¤@¤T¸¹,®ç¶é¥«Àt¤s°ÏºÖ·½¨½14¾F´ò¤sµó180«Ñ1§Ë13¸¹,121.352330,24.985280
867,®ç¶é¥«Àt¤s°Ï´ò¤sµó¤@¤K¢¯«Ñ¤@§Ë¤­¸¹,®ç¶é¥«Àt¤s°ÏºÖ·½¨½14¾F´ò¤sµó180«Ñ1§Ë5¸¹,121.351729,24.984635
868,®ç¶é¥«Àt¤s°Ï´ò¤sµó¤@¤K¢¯«Ñ¤K§Ë¤T¸¹,®ç¶é¥«Àt¤s°ÏºÖ·½¨½14¾F´ò¤sµó180«Ñ8§Ë3¸¹,121.350949,24.983703
869,®ç¶é¥«Àt¤s°Ï´ò¤sµó¤@¤K¢¯«Ñ¤­¤»§Ë¤G¢¯¡B¤G¤G¸¹,®ç¶é¥«Àt¤s°ÏºÖ·½¨½14¾F´ò¤sµó180«Ñ56§Ë8¸¹,121.351044,24.982641
870,®ç¶é¥«Àt¤s°Ï´ò¤sµó¥|¥|¥|¸¹¤@¼Ó,®ç¶é¥«Àt¤s°ÏºÖ·½¨½8¾F´ò¤sµó444¸¹,121.346956,24.979746
871,®ç¶é¥«Àt¤s°Ï¼w©ú¸ô¦P©÷«Ñ¢³¸¹,®ç¶é¥«Àt¤s°ÏºÖ·½¨½7¾F¼w©ú¸ô¦P©÷«Ñ4¸¹,121.345300,24.983876
872,®ç¶é¥«Àt¤s°Ï¹Ø¤s¸ô¤¯ºÖ«Ñ¤»¸¹¤@¼Ó,®ç¶é¥«Àt¤s°Ï¤¤¿³¨½5¾F¹Ø¤s¸ô¤¯ºÖ«Ñ6¸¹,121.329490,24.993834
873,®ç¶é¥«Àt¤s°Ï22¾F§»ª@µó¢°¢·¡B¢±¢¯¸¹,®ç¶é¥«Àt¤s°ÏÀ­³»¨½21¾F§»ª@µó2¸¹,121.366891,25.002113
874,®ç¶é¥«Àt¤s°Ï§»ª@µó18¡B20¸¹,®ç¶é¥«Àt¤s°ÏÀ­³»¨½21¾F§»ª@µó2¸¹,121.366891,25.002113
875,®ç¶é¥«Àt¤s°Ï¸U¹Ø¸ô¢°¬q¢³¢±¢±«Ñ¢±¢¶§Ë¢²¢¯¸¹,®ç¶é¥«Àt¤s°ÏÀsµØ¨½15¾F¸U¹Ø¸ô¤@¬q422«Ñ27§Ë30¸¹,121.398463,25.017587
876,®ç¶é¥«Àt¤s°Ï¸U¹Ø¸ô¢°¬q¢³¢¸¢±¤§¢°¸¹¢¸¼Ó¤§¢°¤Î¢¸¼Ó¤§¢±,®ç¶é¥«Àt¤s°ÏÀsµØ¨½13¾F¸U¹Ø¸ô¤@¬q492¤§1¸¹,121.398103,25.017037
877,®ç¶é¥«Àt¤s°Ï¸U¹Ø¸ô¢°¬q¢³¢¸¢±¤§¢³¸¹¢¶¼Ó¤§¢±,®ç¶é¥«Àt¤s°ÏÀsµØ¨½13¾F¸U¹Ø¸ô¤@¬q492¤§4¸¹,121.398125,25.017266
878,®ç¶é¥«Àt¤s°Ï¸U¹Ø¸ô¢°¬q¢µ¢¯¢¸¸¹¢³¼Ó¤§¢²¡B¤§¢³¡B¤§¢´,®ç¶é¥«Àt¤s°ÏÀs¹Ø¨½1¾F¸U¹Ø¸ô¤@¬q609¸¹,121.393512,25.016101
879,®ç¶é¥«Àt¤s°Ï¸U¹Ø¸ô¢°¬q¢µ¢¯¢¸¸¹¢´¼Ó¤§¢±,®ç¶é¥«Àt¤s°ÏÀs¹Ø¨½1¾F¸U¹Ø¸ô¤@¬q609¸¹,121.393512,25.016101
880,®ç¶é¥«Àt¤s°Ï¸U¹Ø¸ô¢°¬q¢µ¢¯¢¸¸¹¢´¼Ó¤§¢³¡B¤§¢´,®ç¶é¥«Àt¤s°ÏÀs¹Ø¨½1¾F¸U¹Ø¸ô¤@¬q609¸¹,121.393512,25.016101
881,®ç¶é¥«Àt¤s°Ï¸U¹Ø¸ô¢°¬q¢µ¢¯¢¸¸¹¢·¼Ó,®ç¶é¥«Àt¤s°ÏÀs¹Ø¨½1¾F¸U¹Ø¸ô¤@¬q609¸¹,121.393512,25.016101
882,®ç¶é¥«Àt¤s°Ï¸U¹Ø¸ô¢°¬q¢µ¢°¢°¸¹¢±¼Ó¤§¢´,®ç¶é¥«Àt¤s°ÏÀs¹Ø¨½1¾F¸U¹Ø¸ô¤@¬q611¸¹,121.393392,25.016031
883,®ç¶é¥«Àt¤s°Ï¸U¹Ø¸ô¤@¬q¢³¢¸¢±¤§¢°¸¹¢±¼Ó¤§¢°¤Î¢±¼Ó¤§¢±,®ç¶é¥«Àt¤s°ÏÀsµØ¨½13¾F¸U¹Ø¸ô¤@¬q492¤§1¸¹,121.398103,25.017037
884,®ç¶é¥«Àt¤s°Ï¸U¹Ø¸ô¤@¬q¢³¢¸¢±¤§¢±¢¯¸¹¢²¼Ó¤§¢°,®ç¶é¥«Àt¤s°ÏÀsµØ¨½13¾F¸U¹Ø¸ô¤@¬q492¤§20¸¹,121.397559,25.018563
885,®ç¶é¥«Àt¤s°Ï¸U¹Ø¸ô¤@¬q¢³¢¸¢±¸¹¢°¢¯¼Ó¤§¢°¤Î¢°¢¯¼Ó¤§¢±,®ç¶é¥«Àt¤s°ÏÀsµØ¨½13¾F¸U¹Ø¸ô¤@¬q492¸¹,121.398028,25.016566
886,®ç¶é¥«Àt¤s°Ï¸U¹Ø¸ô¤@¬q¤»¢¯¤E¸¹¤G¼Ó¤§¤G,®ç¶é¥«Àt¤s°ÏÀs¹Ø¨½1¾F¸U¹Ø¸ô¤@¬q609¸¹,121.393512,25.016101
887,®ç¶é¥«Àt¤s°Ï¸U¹Ø¸ô¤@¬q¥|¤E¢¯¸¹¤@¤@¼Ó¤§¤@¡B¤@¤@¼Ó¤§¤G¤Î¥|¤E¤G¸¹¤@¤@¼Ó¤§¤G¤Î¥|¤E¤G¤§¤@¸¹¤@¤@¼Ó¤§¤G,®ç¶é¥«Àt¤s°ÏÀsµØ¨½13¾F¸U¹Ø¸ô¤@¬q490¸¹,121.398219,25.016562
888,®ç¶é¥«Àt¤s°Ï¸U¹Ø¸ô¤@¬q¥|¤E¤G¤§¤@¤E¸¹¤T¼Ó¤§¤@¡B¤§¤G¡B¤§¤T,®ç¶é¥«Àt¤s°Ï°jÀs¨½13¾F¸U¹Ø¸ô¤@¬q12¤§1¸¹,121.409766,25.020811
889,®ç¶é¥«Àt¤s°Ï¸U¹Ø¸ô¤@¬q¥|¤E¤G¤§¤G¢¯¸¹¤T¼Ó¤§¤G,®ç¶é¥«Àt¤s°Ï°jÀs¨½13¾F¸U¹Ø¸ô¤@¬q12¤§1¸¹,121.409766,25.020811
890,®ç¶é¥«Àt¤s°Ï¤sÅa¸ôµØ¥É«Ñ¢²¸¹,®ç¶é¥«Àt¤s°Ï¤s³»¨½20¾F¤sÅa¸ôµØ¥É«Ñ3¸¹,121.331856,24.981770
891,®ç¶é¥«Àt¤s°Ï«n¤W¸ô¢±¢²¢±¸¹,®ç¶é¥«Àt¤s°Ï«n¬ü¨½4¾F«n¤W¸ô232¸¹,121.300384,25.046472
892,®ç¶é¥«Àt¤s°Ï«n¤W¸ô¢±¢¸¢¯«Ñ¢²¢²§Ë¢´¸¹¢°¼Ó,®ç¶é¥«Àt¤s°Ï«n¬ü¨½5¾F«n¤W¸ô290«Ñ33§Ë5¸¹,121.302732,25.044695
893,®ç¶é¥«Àt¤s°Ï«n¤W¸ô¢±¢¸¢¯«Ñ¢²¢²§Ë¢µ¸¹,®ç¶é¥«Àt¤s°Ï«n¬ü¨½5¾F«n¤W¸ô290«Ñ33§Ë6¸¹,121.302444,25.043908
894,®ç¶é¥«Àt¤s°Ï«n¤W¸ô¢±¢¸¢¯«Ñ¢³¢±§Ë¢´¸¹,®ç¶é¥«Àt¤s°Ï«n¬ü¨½5¾F«n¤W¸ô290«Ñ42§Ë5¸¹,121.302010,25.044335
895,®ç¶é¥«Àt¤s°Ï«n¤W¸ô¢±¢¸¢¯«Ñ¢¸¸¹¢°¼Ó,®ç¶é¥«Àt¤s°Ï«n¬ü¨½3¾F«n¤W¸ô290«Ñ9¸¹,121.302185,25.045495
896,®ç¶é¥«Àt¤s°Ï«n¤W¸ô¤G¤E¢¯«Ñ¤G¥|¸¹,®ç¶é¥«Àt¤s°Ï«n¬ü¨½5¾F«n¤W¸ô290«Ñ24¸¹,121.301978,25.045153
897,®ç¶é¥«Àt¤s°Ï«n¤W¸ô¤G¤E¢¯«Ñ¤T¤T§Ë¤@¤GÛÁ¤»¡B¤K¸¹,®ç¶é¥«Àt¤s°Ï«n¬ü¨½5¾F«n¤W¸ô290«Ñ33§Ë2¸¹,121.302425,25.044034
898,®ç¶é¥«Àt¤s°Ï«n¤W¸ô¤G¤E¢¯«Ñ¤T¥|¸¹,®ç¶é¥«Àt¤s°Ï«n¤W¨½«n¤W¸ô290«Ñ6¸¹,121.301939,25.045714
899,®ç¶é¥«Àt¤s°Ï«n¤W¸ô¤G¤E¢¯«Ñ¥|¤G§Ë¤E¸¹¤@¼Ó,®ç¶é¥«Àt¤s°Ï«n¬ü¨½5¾F«n¤W¸ô290«Ñ42§Ë9¸¹,121.301738,25.044188
900,®ç¶é¥«Àt¤s°Ï«n¤W¸ô¤T¤@¤T¸¹,®ç¶é¥«Àt¤s°Ï«n¬ü¨½5¾F«n¤W¸ô313¸¹,121.302506,25.046063
901,®ç¶é¥«Àt¤s°Ï«n¤W¸ô¤T¤G¥|¸¹¤@¼Ó,®ç¶é¥«Àt¤s°Ï«n¬ü¨½5¾F«n¤W¸ô324¸¹,121.302858,25.045630
902,®ç¶é¥«Àt¤s°Ï«n¬üµó¢°¢¯¢·¸¹,®ç¶é¥«Àt¤s°Ï«n¬ü¨½12¾F«n¬üµó108¸¹,121.298654,25.044565
903,®ç¶é¥«Àt¤s°Ï«n¬üµó¢·¢¯¸¹,®ç¶é¥«Àt¤s°Ï«n¬ü¨½9¾F«n¬üµó80¸¹,121.298009,25.045408
904,®ç¶é¥«Àt¤s°Ï«n¬üµó¤@¤T¤G¡B¤@¤T¤G¤§¤@¸¹,®ç¶é¥«Àt¤s°Ï«n¬ü¨½12¾F«n¬üµó132¤§1¸¹,121.299511,25.043597
905,®ç¶é¥«Àt¤s°Ï¥ú?¸ô¤@¤E¤»«Ñ¤@¤­¸¹¤@¼Ó,®ç¶é¥«Àt¤s°ÏÀt¤s¨½1¾F¥ú?¸ô6¤§2¸¹,121.339801,24.997330
906,®ç¶é¥«Àt¤s°Ï¤T¾F®üµÓ¸ô¤Q¤»«Ñ¤T¤§¤@¸¹,®ç¶é¥«Àt¤s°ÏºÖ·½¨½7¾F®üµÓ¸ô16«Ñ1¤§1¸¹,121.345598,24.980170
907,®ç¶é¥«Àt¤s°Ï¸U¹Ø¸ô¤@¬q69«Ñ8§Ë6¡B8¸¹1¼Ó,®ç¶é¥«Àt¤s°Ï°jÀs¨½2¾F¸U¹Ø¸ô¤@¬q69«Ñ8§Ë8¸¹,121.410296,25.019791
908,®ç¶é¥«Àt¤s°Ï¸U¹Ø¸ô¤@¬q¤»¤E«Ñ¤K§Ë¤G¡³¸¹¤@¼Ó,®ç¶é¥«Àt¤s°Ï°jÀs¨½2¾F¸U¹Ø¸ô¤@¬q69«Ñ8§Ë8¸¹,121.410296,25.019791
909,®ç¶é¥«Àt¤s°ÏÀs¿³µó¢·«Ñ¢±¢´¡B¢±¢¶¸¹,§ä¤£¨ì«ü©wªºªùµP¦a§}¡C,,
910,®ç¶é¥«Àt¤s°ÏÀs¿³µó¤@¤G«Ñ¤E¸¹,®ç¶é¥«Àt¤s°ÏÀsµØ¨½7¾FÀs¿³µó12«Ñ9¸¹,121.402008,25.016281
911,®ç¶é¥«Àt¤s°ÏÀs¿³µó¤K«Ñ¤T¡³¸¹,®ç¶é¥«Àt¤s°ÏÀsµØ¨½7¾FÀs¿³µó8«Ñ8¤§1¸¹,121.402425,25.016556
912,®ç¶é¥«Àt¤s°Ï¦Û±j«n¸ô¤C¥|¤­«Ñ¤»¸¹,®ç¶é¥«Àt¤s°Ï·s¿³¨½1¾F¦Û±j«n¸ô745«Ñ6¸¹,121.332682,24.992074
913,®ç¶é¥«Àt¤s°ÏªF¸U¹Ø¸ô¤»¤T¥|¸¹,®ç¶é¥«Àt¤s°ÏÀs¹Ø¨½10¾FªF¸U¹Ø¸ô634¸¹,121.376547,25.009112
914,®ç¶é¥«Àt¤s°Ï·sÀ­¤@µó¥|¤­¸¹¤@¼Ó,®ç¶é¥«Àt¤s°Ï·sÀ­¨½23¾F·sÀ­¤@µó45¸¹,121.367254,25.000620
915,®ç¶é¥«Àt¤s°Ï¢²¾FªFÂÂ¸ôµó¢²¸¹,§ä¤£¨ì«ü©wªºªùµP¦a§}¡C,,
916,®ç¶é¥«Àt¤s°Ï3¾FªFÂÂ¸ôµó58¸¹,§ä¤£¨ì«ü©wªºªùµP¦a§}¡C,,
917,®ç¶é¥«Àt¤s°ÏªFÂÂ¸ô§|¢±¢²¤§¢±¸¹,§ä¤£¨ì«ü©wªºªùµP¦a§}¡C,,
918,®ç¶é¥«Àt¤s°ÏªFÂÂ¸ôµó¢°¢µ¢¸¸¹,§ä¤£¨ì«ü©wªºªùµP¦a§}¡C,,
919,®ç¶é¥«Àt¤s°ÏªFÂÂ¸ôµó¤@¡³¡³¸¹,§ä¤£¨ì«ü©wªºªùµP¦a§}¡C,,
920,®ç¶é¥«Àt¤s°ÏªFÂÂ¸ôµó¤@¥|¤G¸¹,§ä¤£¨ì«ü©wªºªùµP¦a§}¡C,,
921,®ç¶é¥«Äª¦Ë°Ï¤@¤K¾F¤¤¿³¸ô¤»¤@¸¹,®ç¶é¥«Äª¦Ë°Ï·s¿³¨½18¾F¤¤¿³¸ô61¸¹,121.266015,25.016291
922,®ç¶é¥«Äª¦Ë°Ï´I°ê¸ô1¬q245¸¹,®ç¶é¥«Äª¦Ë°Ï´I¦Ë¨½2¾F´I°ê¸ô¤@¬q245¸¹,121.273656,25.030314
923,®ç¶é¥«Äª¦Ë°Ï¤T¾Fªøºa¸ô¤G¤G¸¹,®ç¶é¥«Äª¦Ë°Ï¥Ë½`¨½7¾Fªøºa¸ô22¸¹,121.287431,25.056921
924,®ç¶é¥«Äª¦Ë°Ïªøºa¸ô11¸¹,®ç¶é¥«Äª¦Ë°Ï¥Ë½`¨½7¾Fªøºa¸ô11¸¹,121.288545,25.056978
925,®ç¶é¥«Äª¦Ë°Ï«n¤s¸ô¢°¬q¢°¢¯¢·«Ñ¢±¸¹,®ç¶é¥«Äª¦Ë°Ï¥Ë½`¨½10¾F«n¤s¸ô¤@¬q108«Ñ2¸¹,121.292279,25.053166
926,®ç¶é¥«Äª¦Ë°Ï«n¤s¸ô¤@¬q¤@¤@¤@¸¹¥|¡B¤­¼Ó,®ç¶é¥«Äª¦Ë°Ï¥Ë½`¨½7¾F«n¤s¸ô¤@¬q111¸¹,121.290324,25.054915
927,®ç¶é¥«Äª¦Ë°Ï«n¤s¸ô¤@¬q¤@¤T¤G¸¹,®ç¶é¥«Äª¦Ë°Ï¥Ë½`¨½10¾F«n¤s¸ô¤@¬q132¸¹,121.291648,25.053580
928,®ç¶é¥«Äª¦Ë°Ï«n¤s¸ô¤@¬q¤E¡³«Ñ¤G¸¹,®ç¶é¥«Äª¦Ë°Ï¥Ë½`¨½10¾F«n¤s¸ô¤@¬q108«Ñ2¸¹,121.292279,25.053166
929,®ç¶é¥«Äª¦Ë°Ï«n¤s¸ô¤@¬q¤G¡³¤»¸¹,®ç¶é¥«Äª¦Ë°ÏÀA¤¤¨½19¾F«n¤s¸ô¤@¬q2¤§1¸¹,121.291631,25.048793
930,®ç¶é¥«Äª¦Ë°Ï«n¤s¸ô¤@¬q¤T¤T¤T¸¹,®ç¶é¥«Äª¦Ë°Ï¥Ë½`¨½5¾F«n¤s¸ô¤@¬q47¤§1¸¹,121.291674,25.051610
931,®ç¶é¥«Äª¦Ë°Ï«n¤s¸ô¤@¬q¤T¤­¤@¸¹¤@¼Ó,®ç¶é¥«Äª¦Ë°Ï¥Ë½`¨½8¾F«n¤s¸ô¤@¬q351¸¹,121.288357,25.058859
932,®ç¶é¥«Äª¦Ë°Ï«n¤s¸ô¤@¬q¤T¥|¤E«Ñ¤@¤C¸¹,®ç¶é¥«Äª¦Ë°Ï¥Ë½`¨½8¾F«n¤s¸ô¤@¬q349«Ñ17¸¹,121.287657,25.058408
933,®ç¶é¥«Äª¦Ë°Ï«n¤s¸ô¤@¬q¤T¥|¤E«Ñ¤E¡B¤@¤@¸¹,®ç¶é¥«Äª¦Ë°Ï¥Ë½`¨½8¾F«n¤s¸ô¤@¬q349«Ñ1¸¹,121.288265,25.058515
934,®ç¶é¥«Äª¦Ë°Ï«n¤s¸ô¤@¬q¤T¥|¤E«Ñ¤­¸¹¤@¼Ó¤Î§¨¼h,®ç¶é¥«Äª¦Ë°Ï¥Ë½`¨½8¾F«n¤s¸ô¤@¬q349«Ñ5¸¹,121.288119,25.058473
935,®ç¶é¥«Äª¦Ë°Ï«n¤s¸ô¤@¬q¤T¥|¤E«Ñ¤»¸¹,®ç¶é¥«Äª¦Ë°Ï¥Ë½`¨½8¾F«n¤s¸ô¤@¬q349«Ñ6¸¹,121.288058,25.058729
936,®ç¶é¥«Äª¦Ë°Ï«n¤s¸ô¤@¬q¤T¥|¤E«Ñ¥|¸¹,®ç¶é¥«Äª¦Ë°Ï¥Ë½`¨½8¾F«n¤s¸ô¤@¬q349«Ñ4¸¹,121.288147,25.058756
937,®ç¶é¥«Äª¦Ë°Ï«n¤s¸ô¤@¬q¥|¤@¢¯¸¹,®ç¶é¥«Äª¦Ë°Ï¥Ë½`¨½9¾F«n¤s¸ô¤@¬q410¸¹,121.288990,25.058620
938,®ç¶é¥«Äª¦Ë°Ï«n¤s¸ô¤@¬q¥|¥|¢¯¸¹,®ç¶é¥«Äª¦Ë°Ï¥Ë½`¨½9¾F«n¤s¸ô¤@¬q440¸¹,121.289230,25.060284
939,®ç¶é¥«Äª¦Ë°Ï¤jÂ×¸ô¤G¤E¸¹,§ä¤£¨ì«ü©wªºªùµP¦a§}¡C,,
940,®ç¶é¥«Äª¦Ë°Ï¤­ºÖ¤@¸ô92«Ñ16¸¹(1¼Ó),®ç¶é¥«Äª¦Ë°ÏºÖ¸S¨½16¾F¤­ºÖ¤@¸ô92«Ñ16¸¹,121.293654,25.056079
941,®ç¶é¥«Äª¦Ë°Ï¤º­íµó¢³¢µ¸¹¤Î«n¤s¸ô¢±¬q¢±¢¯¢´«Ñ¢µ¢·¸¹,§ä¤£¨ì«ü©wªºªùµP¦a§}¡C,,
942,®ç¶é¥«Äª¦Ë°Ï¤º­í¸ô¤@¤T¤§¤T¸¹,§ä¤£¨ì«ü©wªºªùµP¦a§}¡C,,
943,®ç¶é¥«Äª¦Ë°Ï¤»ºÖ¸ô¤T¤»¤E¸¹,®ç¶é¥«Äª¦Ë°ÏÀç½L¨½13¾F¤»ºÖ¸ô369¸¹,121.294261,25.061428
944,®ç¶é¥«Äª¦Ë°Ï«n¤u¸ô¤@¬q«n¤u«Ñ¤T¸¹¤G¼Ó¡B¤T¼Ó,®ç¶é¥«Äª¦Ë°Ïªø¿³¨½13¾F«n¤u¸ô¤@¬q«n¤u«Ñ3¸¹,121.278604,25.058404
945,®ç¶é¥«Äª¦Ë°Ï¿³¶©µó¥|¤Q«Ñ¤Ü¤K¸¹,®ç¶é¥«Äª¦Ë°Ïªø¿³¨½13¾F¿³¶©µó40«Ñ1¸¹,121.280740,25.059324
946,®ç¶é¥«Äª¦Ë°Ï¤»ºÖ¸ô¢°¢¯¸¹,®ç¶é¥«Äª¦Ë°Ï¥Ë½`¨½9¾F¤»ºÖ¸ô10¸¹,121.290218,25.057454
947,®ç¶é¥«Äª¦Ë°Ï¢¶¾Fªøºa¸ô¢°¸¹¢¶¼Ó,®ç¶é¥«Äª¦Ë°Ï¥Ë½`¨½7¾Fªøºa¸ô1¸¹,121.289186,25.057252
948,®ç¶é¥«Äª¦Ë°Ï«n¤s¸ô¢°¬q¢±¢´¢¯¸¹¢°¼Ó,®ç¶é¥«Äª¦Ë°Ï¥Ë½`¨½10¾F«n¤s¸ô¤@¬q250¸¹,121.290550,25.055758
949,®ç¶é¥«Äª¦Ë°Ï«n¤s¸ô¢°¬q¢²¢´¢°¸¹¢²¼Ó¤§¢°,®ç¶é¥«Äª¦Ë°Ï¥Ë½`¨½8¾F«n¤s¸ô¤@¬q351¸¹,121.288357,25.058859
950,®ç¶é¥«Äª¦Ë°Ï«n¤s¸ô¢°¬q¢²¢·¢¶¸¹,®ç¶é¥«Äª¦Ë°Ï¥Ë½`¨½9¾F«n¤s¸ô¤@¬q387¸¹,121.288576,25.059920
951,®ç¶é¥«Äª¦Ë°Ï«n¤s¸ô¢°¬q¢¸¢¯«Ñ¢´¸¹,®ç¶é¥«Äª¦Ë°Ï¥Ë½`¨½10¾F«n¤s¸ô¤@¬q90«Ñ5¸¹,121.292881,25.053286
952,®ç¶é¥«Äª¦Ë°Ï«n¤s¸ô¤@¬q¢²¢³¢¸«Ñ¢±¢±¸¹¢°¼Ó,®ç¶é¥«Äª¦Ë°Ï¥Ë½`¨½8¾F«n¤s¸ô¤@¬q349«Ñ22¸¹,121.287480,25.058574
953,®ç¶é¥«Äª¦Ë°Ï¤@¥|¾F¤K¼w¤G¸ô¤T¤T¢¯¸¹,®ç¶é¥«Äª¦Ë°Ï§|¤l¨½14¾F¤K¼w¤G¸ô330¸¹,121.338832,25.069557
954,®ç¶é¥«Äª¦Ë°Ïªø¦w¸ô¤@¬q¤@¤»¢¯«Ñ¤@¢¯¸¹,®ç¶é¥«Äª¦Ë°Ï¤º­í¨½2¾Fªø¦w¸ô¤@¬q160«Ñ10¸¹,121.287978,25.064923
955,®ç¶é¥«Äª¦Ë°Ï«n«C¸ô¢°¢°¢´¢µ«Ñ¢¶¢´¸¹,®ç¶é¥«Äª¦Ë°ÏÄª¦Ë¨½26¾F«n«C¸ô1156«Ñ75¸¹,121.272854,25.055417
956,®ç¶é¥«Äª¦Ë°Ï12¾FÀs¦wµó2¬q966¸¹¡]¦a¤U¤@¼Ó¡^,®ç¶é¥«Äª¦Ë°Ï¤¤ºÖ¨½10¾FÀs¦wµó¤G¬q966¸¹,121.258892,25.004597
957,®ç¶é¥«Äª¦Ë°ÏÄª¿³«n¸ô623«Ñ10¸¹,®ç¶é¥«Äª¦Ë°ÏÄª¿³¨½4¾FÄª¿³«n¸ô623«Ñ10¸¹,121.281211,25.035865
958,®ç¶é¥«Äª¦Ë°ÏÄª¿³«n¸ô623«Ñ6¸¹,®ç¶é¥«Äª¦Ë°ÏÄª¿³¨½4¾FÄª¿³«n¸ô623«Ñ6¸¹,121.281418,25.036111
959,®ç¶é¥«Äª¦Ë°Ï20¾F¤W¿³¸ô50«Ñ1¸¹1¼Ó,®ç¶é¥«Äª¦Ë°Ï¤W¿³¨½6¾F¤W¿³¸ô50«Ñ1¸¹,121.264804,25.019719
960,®ç¶é¥«Äª¦Ë°Ï¤W¿³¸ô¢·¢²¸¹,®ç¶é¥«Äª¦Ë°Ï¤W¿³¨½4¾F¤W¿³¸ô83¸¹,121.264173,25.018907
961,®ç¶é¥«Äª¦Ë°Ï¤W¿³¸ô85¸¹1¼Ó,®ç¶é¥«Äª¦Ë°Ï¤W¿³¨½4¾F¤W¿³¸ô85¸¹,121.263847,25.018691
962,®ç¶é¥«Äª¦Ë°Ï¤W¿³¸ô¢·¢´¸¹¢°¼Ó,®ç¶é¥«Äª¦Ë°Ï¤W¿³¨½4¾F¤W¿³¸ô85¸¹,121.263847,25.018691
963,®ç¶é¥«Äª¦Ë°Ï¤W¿³¸ô¤K¤­¸¹,®ç¶é¥«Äª¦Ë°Ï¤W¿³¨½4¾F¤W¿³¸ô85¸¹,121.263847,25.018691
964,®ç¶é¥«Äª¦Ë°Ï¤¤¿³¸ô¢°¢¯¢±¸¹¢°¼Ó,®ç¶é¥«Äª¦Ë°Ï¤W¿³¨½1¾F¤¤¿³¸ô102¸¹,121.265065,25.015885
965,®ç¶é¥«Äª¦Ë°Ï¤¤¿³¸ô106¸¹,®ç¶é¥«Äª¦Ë°Ï¤W¿³¨½1¾F¤¤¿³¸ô106¸¹,121.264956,25.015815
966,®ç¶é¥«Äª¦Ë°Ï¤¤¿³¸ô¢°¢°¢±¡B¢°¢°¢³¸¹,®ç¶é¥«Äª¦Ë°Ï¤W¿³¨½1¾F¤¤¿³¸ô32¤§1¸¹,121.266584,25.017183
967,®ç¶é¥«Äª¦Ë°Ï¤¤¿³¸ô116¸¹,®ç¶é¥«Äª¦Ë°Ï¤W¿³¨½1¾F¤¤¿³¸ô116¸¹,121.264439,25.015466
968,®ç¶é¥«Äª¦Ë°Ï¤¤¿³¸ô¢·¢·¸¹¢°¼Ó,®ç¶é¥«Äª¦Ë°Ï¤W¿³¨½1¾F¤¤¿³¸ô88¸¹,121.265605,25.016453
969,®ç¶é¥«Äª¦Ë°Ï¤¤¿³¸ô¢¸¢¯¸¹¡]¢°¼Ó¡^,®ç¶é¥«Äª¦Ë°Ï¤W¿³¨½1¾F¤¤¿³¸ô90¸¹,121.265505,25.016299
970,®ç¶é¥«Äª¦Ë°Ï¤¤¿³¸ô92¸¹1¼Ó,®ç¶é¥«Äª¦Ë°Ï¤W¿³¨½1¾F¤¤¿³¸ô92¸¹,121.265395,25.016205
971,®ç¶é¥«Äª¦Ë°Ï¤¤¿³¸ô¤E¤»¸¹,®ç¶é¥«Äª¦Ë°Ï¤W¿³¨½1¾F¤¤¿³¸ô96¸¹,121.265295,25.016133
972,®ç¶é¥«Äª¦Ë°Ï¢²¾F«n®r¸ô¢±¬q¢³¢¯¢±«Ñ¢µ¸¹¡B¢·¸¹,®ç¶é¥«Äª¦Ë°Ïªø¿³¨½3¾F«n®r¸ô¤G¬q402«Ñ6¸¹,121.268520,25.062238
973,®ç¶é¥«Äª¦Ë°Ïªø¿³¸ô¥|¬q300¸¹1¼Ó,®ç¶é¥«Äª¦Ë°Ïªø¿³¨½2¾Fªø¿³¸ô¥|¬q16¤§2¸¹,121.272005,25.068705
974,®ç¶é¥«Äª¦Ë°Ïªø¿³¸ô¥|¬q¤T¤C¸¹,®ç¶é¥«Äª¦Ë°Ïªø¿³¨½3¾Fªø¿³¸ô¥|¬q289¤§1¸¹,121.268069,25.064333
975,®ç¶é¥«Äª¦Ë°Ï«n¤u¸ô¢°¬q¢µ¢µ¡Ð¢±¸¹,®ç¶é¥«Äª¦Ë°Ïªø¿³¨½13¾F«n¤u¸ô¤@¬q66¤§2¸¹,121.280144,25.061212
976,®ç¶é¥«Äª¦Ë°Ï«n¤u¸ô¤@¬q¤@¤@¤§¤@¸¹,®ç¶é¥«Äª¦Ë°Ïªø¿³¨½12¾F«n¤u¸ô¤@¬q2¤§1¸¹,121.278096,25.057899
977,®ç¶é¥«Äª¦Ë°Ï«n¤u¸ô¤@¬q¤K¤§¤T¸¹,®ç¶é¥«Äª¦Ë°Ïªø¿³¨½12¾F«n¤u¸ô¤@¬q2¤§1¸¹,121.278096,25.057899
978,®ç¶é¥«Äª¦Ë°Ï«n¤u¸ô¤@¬q¤»¤»¤§¤@¸¹,®ç¶é¥«Äª¦Ë°Ïªø¿³¨½12¾F«n¤u¸ô¤@¬q2¤§1¸¹,121.278096,25.057899
979,®ç¶é¥«Äª¦Ë°Ï«n¤u¸ô¤@¬q¤»¤»¸¹,®ç¶é¥«Äª¦Ë°Ïªø¿³¨½13¾F«n¤u¸ô¤@¬q66¸¹,121.279978,25.061273
980,®ç¶é¥«Äª¦Ë°Ï«n¤u¸ô¤@¬q«n¤u«Ñ¤E¸¹,®ç¶é¥«Äª¦Ë°Ïªø¿³¨½13¾F«n¤u¸ô¤@¬q«n¤u«Ñ9¸¹,121.278789,25.058309
981,®ç¶é¥«Äª¦Ë°Ï«n¤u¸ô¤@¬q«n¤u«Ñ¤­¸¹,®ç¶é¥«Äª¦Ë°Ïªø¿³¨½13¾F«n¤u¸ô¤@¬q«n¤u«Ñ5¸¹,121.278669,25.058358
982,®ç¶é¥«Äª¦Ë°Ï«n¤u¸ô¤»¤K«Ñ¤@¤»¸¹,®ç¶é¥«Äª¦Ë°ÏÄª¦Ë¨½26¾F«n¤u¸ô68«Ñ16¸¹,121.271166,25.053026
983,®ç¶é¥«Äª¦Ë°Ï«n®r¸ô1¬q231«Ñ34§Ë4¡B6¸¹,®ç¶é¥«Äª¦Ë°ÏÀA¤¤¨½1¾F«n®r¸ô¤@¬q231«Ñ34§Ë2¸¹,121.283813,25.051878
984,®ç¶é¥«Äª¦Ë°Ï«n®r¸ô¢°¬q¢±¢²¢°«Ñ¢²¢³§Ë¢´¡B¢¶¸¹,®ç¶é¥«Äª¦Ë°ÏÀA¤¤¨½1¾F«n®r¸ô¤@¬q231«Ñ34§Ë5¸¹,121.283789,25.051693
985,®ç¶é¥«Äª¦Ë°Ï«n®r¸ô¢°¬q¢±¢¶¢´¸¹,®ç¶é¥«Äª¦Ë°ÏÀA¤¤¨½5¾F«n®r¸ô¤@¬q45¤§1¸¹,121.289198,25.050775
986,®ç¶é¥«Äª¦Ë°Ï«n®r¸ô1¬q277¸¹,®ç¶é¥«Äª¦Ë°ÏÀA¤¤¨½1¾F«n®r¸ô¤@¬q277¸¹,121.283068,25.053283
987,®ç¶é¥«Äª¦Ë°Ï«n®r¸ô¢±¬q¢²¢´¢´¸¹,®ç¶é¥«Äª¦Ë°Ïªø¿³¨½5¾F«n®r¸ô¤G¬q355¸¹,121.269538,25.060812
988,®ç¶é¥«Äª¦Ë°Ï«n®r¸ô¢±¬q¢²¢¸¢¯¸¹,®ç¶é¥«Äª¦Ë°Ïªø¿³¨½5¾F«n®r¸ô¤G¬q390¸¹,121.269206,25.061806
989,®ç¶é¥«Äª¦Ë°Ï«n®r¸ô¢±¬q¢µ¢µ¸¹¢²¼Ó¤§¢±,®ç¶é¥«Äª¦Ë°Ïªø¿³¨½13¾F«n®r¸ô¤G¬q66¸¹,121.278779,25.057443
990,®ç¶é¥«Äª¦Ë°Ï«n®r¸ô¢±¬q¢¶¢°¸¹,®ç¶é¥«Äª¦Ë°Ïªø¿³¨½11¾F«n®r¸ô¤G¬q71¸¹,121.278641,25.056937
991,®ç¶é¥«Äª¦Ë°Ï«n®r¸ô¢±¬q¢¸¸¹¢²¼Ó¤§¢¸,®ç¶é¥«Äª¦Ë°Ïªø¿³¨½11¾F«n®r¸ô¤G¬q9¸¹,121.279955,25.056286
992,®ç¶é¥«Äª¦Ë°Ï«n®r¸ô¢±¬q¢¸¸¹¢³¼Ó¤§¢¶,®ç¶é¥«Äª¦Ë°Ïªø¿³¨½11¾F«n®r¸ô¤G¬q9¸¹,121.279955,25.056286
993,®ç¶é¥«Äª¦Ë°Ï«n®r¸ô¤@¬q231«Ñ23¸¹,®ç¶é¥«Äª¦Ë°ÏÀA¤¤¨½1¾F«n®r¸ô¤@¬q231«Ñ23¸¹,121.284336,25.052460
994,®ç¶é¥«Äª¦Ë°Ï«n®r¸ô¤@¬q¢±¢²¢°«Ñ¢³¢´¡B¢³¢¶¸¹,®ç¶é¥«Äª¦Ë°ÏÀA¤¤¨½1¾F«n®r¸ô¤@¬q231«Ñ9¸¹,121.284482,25.052951
995,®ç¶é¥«Äª¦Ë°Ï«n®r¸ô¤@¬q307¸¹,®ç¶é¥«Äª¦Ë°ÏÀA¤¤¨½1¾F«n®r¸ô¤@¬q307¸¹,121.283346,25.054078
996,®ç¶é¥«Äª¦Ë°Ï«n®r¸ô¤@¬q99¸¹6¼Ó¤§1,®ç¶é¥«Äª¦Ë°ÏÀA¤¤¨½5¾F«n®r¸ô¤@¬q99¸¹,121.288046,25.051472
997,®ç¶é¥«Äª¦Ë°Ï«n®r¸ô¤@¬q¤G¤T¤@«Ñ¤@¤C¸¹,®ç¶é¥«Äª¦Ë°ÏÀA¤¤¨½1¾F«n®r¸ô¤@¬q231«Ñ17¸¹,121.284365,25.052653
998,®ç¶é¥«Äª¦Ë°Ï«n®r¸ô¤@¬q¤G¤T¤@«Ñ¤@¤E¸¹,®ç¶é¥«Äª¦Ë°ÏÀA¤¤¨½1¾F«n®r¸ô¤@¬q231«Ñ19¸¹,121.284363,25.052586
999,®ç¶é¥«Äª¦Ë°Ï«n®r¸ô¤@¬q¤G¤T¤@«Ñ¤@¤T¸¹,®ç¶é¥«Äª¦Ë°ÏÀA¤¤¨½1¾F«n®r¸ô¤@¬q231«Ñ13¸¹,121.284395,25.052783
1000,®ç¶é¥«Äª¦Ë°Ï«n®r¸ô¤@¬q¤G¤T¤@«Ñ¤@¤T¸¹¤G¡B¤T¼Ó,®ç¶é¥«Äª¦Ë°ÏÀA¤¤¨½1¾F«n®r¸ô¤@¬q231«Ñ13¸¹,121.284395,25.052783
1001,®ç¶é¥«Äª¦Ë°Ï«n®r¸ô¤@¬q¤G¤T¤@«Ñ¤E¸¹,®ç¶é¥«Äª¦Ë°ÏÀA¤¤¨½1¾F«n®r¸ô¤@¬q231«Ñ9¸¹,121.284482,25.052951
1002,®ç¶é¥«Äª¦Ë°Ï«n®r¸ô¤@¬q¤G¤T¤@«Ñ¤G¤@¸¹,®ç¶é¥«Äª¦Ë°ÏÀA¤¤¨½1¾F«n®r¸ô¤@¬q231«Ñ21¸¹,121.284348,25.052526
1003,®ç¶é¥«Äª¦Ë°Ï«n®r¸ô¤@¬q¤G¤T¤@«Ñ¤G¤»¸¹,®ç¶é¥«Äª¦Ë°ÏÀA¤¤¨½1¾F«n®r¸ô¤@¬q231«Ñ26¸¹,121.284042,25.052064
1004,®ç¶é¥«Äª¦Ë°Ï«n®r¸ô¤@¬q¤G¤T¤@«Ñ¤K¸¹,®ç¶é¥«Äª¦Ë°ÏÀA¤¤¨½1¾F«n®r¸ô¤@¬q231«Ñ8¸¹,121.284117,25.052719
1005,®ç¶é¥«Äª¦Ë°Ï«n®r¸ô¤@¬q¤G¤T¤@«Ñ¤T¡³¸¹,®ç¶é¥«Äª¦Ë°ÏÀA¤¤¨½1¾F«n®r¸ô¤@¬q231«Ñ2¸¹,121.284120,25.052956
1006,®ç¶é¥«Äª¦Ë°Ï«n®r¸ô¤@¬q¤G¤T¤@«Ñ¤T¤K¸¹,®ç¶é¥«Äª¦Ë°ÏÀA¤¤¨½1¾F«n®r¸ô¤@¬q231«Ñ38¸¹,121.284046,25.051625
1007,®ç¶é¥«Äª¦Ë°Ï«n®r¸ô¤@¬q¤G¤T¤@«Ñ¤T¤­¸¹,®ç¶é¥«Äª¦Ë°ÏÀA¤¤¨½1¾F«n®r¸ô¤@¬q231«Ñ35¸¹,121.284277,25.052057
1008,®ç¶é¥«Äª¦Ë°Ï«n®r¸ô¤@¬q¤G¤T¤@«Ñ¥|¤G¸¹,®ç¶é¥«Äª¦Ë°ÏÀA¤¤¨½1¾F«n®r¸ô¤@¬q231«Ñ42¸¹,121.284036,25.051481
1009,®ç¶é¥«Äª¦Ë°Ï«n®r¸ô¤@¬q¤T¡³¤­¸¹,®ç¶é¥«Äª¦Ë°ÏÀA¤¤¨½5¾F«n®r¸ô¤@¬q45¤§1¸¹,121.289198,25.050775
1010,®ç¶é¥«Äª¦Ë°Ï«n®r¸ô¤G¬q100¸¹,®ç¶é¥«Äª¦Ë°Ïªø¿³¨½9¾F«n®r¸ô¤G¬q100¸¹,121.277774,25.057976
1011,®ç¶é¥«Äª¦Ë°Ï«n®r¸ô¤G¬q66¸¹2¼Ó¤§3,®ç¶é¥«Äª¦Ë°Ïªø¿³¨½13¾F«n®r¸ô¤G¬q66¸¹,121.278779,25.057443
1012,®ç¶é¥«Äª¦Ë°Ï«n®r¸ô¤G¬q66¸¹3¼Ó¤§1,®ç¶é¥«Äª¦Ë°Ïªø¿³¨½13¾F«n®r¸ô¤G¬q66¸¹,121.278779,25.057443
1013,®ç¶é¥«Äª¦Ë°Ï«n®r¸ô¤G¬q66¸¹¤»¼Ó¤§1,®ç¶é¥«Äª¦Ë°Ïªø¿³¨½13¾F«n®r¸ô¤G¬q66¸¹,121.278779,25.057443
1014,®ç¶é¥«Äª¦Ë°Ï«n®r¸ô¤G¬q9¸¹3¼Ó¤§7,®ç¶é¥«Äª¦Ë°Ïªø¿³¨½11¾F«n®r¸ô¤G¬q9¸¹,121.279955,25.056286
1015,®ç¶é¥«Äª¦Ë°Ï«n®r¸ô¤G¬q¤E¸¹¤K¼Ó¤§¤@¥|,®ç¶é¥«Äª¦Ë°Ïªø¿³¨½11¾F«n®r¸ô¤G¬q9¸¹,121.279955,25.056286
1016,®ç¶é¥«Äª¦Ë°Ï«n®r¸ô¤G¬q¤E¸¹¤­¼Ó¤§¤@,®ç¶é¥«Äª¦Ë°Ïªø¿³¨½11¾F«n®r¸ô¤G¬q9¸¹,121.279955,25.056286
1017,®ç¶é¥«Äª¦Ë°Ï«n®r¸ô¤G¬q¤E¸¹¤­¼Ó¤§¤K,®ç¶é¥«Äª¦Ë°Ïªø¿³¨½11¾F«n®r¸ô¤G¬q9¸¹,121.279955,25.056286
1018,®ç¶é¥«Äª¦Ë°Ï«n®r¸ô¤G¬q¤G¡³¤@«Ñ¤C¸¹¤@¼Ó,®ç¶é¥«Äª¦Ë°Ïªø¿³¨½11¾F«n®r¸ô¤G¬q7¸¹,121.279990,25.056265
1019,®ç¶é¥«Äª¦Ë°Ï«n®r¸ô¤G¬q¤G¤C¤C«Ñ¤»¸¹¤@¼Ó,®ç¶é¥«Äª¦Ë°Ïªø¿³¨½15¾F«n®r¸ô¤G¬q277«Ñ6¸¹,121.271510,25.059887
1020,®ç¶é¥«Äª¦Ë°Ï«n®r¸ô¤G¬q¤K¤K¸¹,®ç¶é¥«Äª¦Ë°Ïªø¿³¨½12¾F«n®r¸ô¤G¬q88¸¹,121.278373,25.057730
1021,®ç¶é¥«Äª¦Ë°Ï«n®r¸ô¤G¬q¤T¤K¤C¸¹,®ç¶é¥«Äª¦Ë°Ïªø¿³¨½5¾F«n®r¸ô¤G¬q387¸¹,121.269125,25.061175
1022,®ç¶é¥«Äª¦Ë°Ï«n®r¸ô¤G¬q¤T¤K¸¹,®ç¶é¥«Äª¦Ë°Ïªø¿³¨½11¾F«n®r¸ô¤G¬q38¸¹,121.279728,25.057005
1023,®ç¶é¥«Äª¦Ë°Ï«n®r¸ô¤G¬q¥|¤G«Ñ¤G¸¹,®ç¶é¥«Äª¦Ë°Ïªø¿³¨½11¾F«n®r¸ô¤G¬q42«Ñ2¸¹,121.279542,25.057253
1024,®ç¶é¥«Äª¦Ë°Ï¿³¶©µó¢³¢±¸¹,®ç¶é¥«Äª¦Ë°Ïªø¿³¨½13¾F¿³¶©µó42¸¹,121.281351,25.058979
1025,®ç¶é¥«Äª¦Ë°Ï¿³¶©µó¤G¤E¤§¤@¸¹,®ç¶é¥«Äª¦Ë°Ïªø¿³¨½13¾F¿³¶©µó29¤§1¸¹,121.280074,25.059651
1026,®ç¶é¥«Äª¦Ë°Ï¿³¶©µó¥|¡³«Ñ¤@¥|¡B¤@¤»¸¹,®ç¶é¥«Äª¦Ë°Ïªø¿³¨½13¾F¿³¶©µó40«Ñ2¸¹,121.280469,25.059330
1027,®ç¶é¥«Äª¦Ë°Ï¿³¶©µó¥|¡³«Ñ¤E¸¹,®ç¶é¥«Äª¦Ë°Ïªø¿³¨½13¾F¿³¶©µó40«Ñ9¸¹,121.280912,25.058716
1028,®ç¶é¥«Äª¦Ë°Ï¿³¶©µó¥|¤Q«Ñ¤@¤­¸¹,®ç¶é¥«Äª¦Ë°Ïªø¿³¨½13¾F¿³¶©µó40«Ñ15¸¹,121.280959,25.058509
1029,®ç¶é¥«Äª¦Ë°ÏÀA¶¶µó47-6¸¹1¼Ó,®ç¶é¥«Äª¦Ë°ÏÀA¤¤¨½3¾FÀA¶¶µó47¤§6¸¹,121.285091,25.051022
1030,®ç¶é¥«Äª¦Ë°ÏÀA¶¶µó¤G¤T¸¹,®ç¶é¥«Äª¦Ë°ÏÀA¤¤¨½3¾FÀA¶¶µó23¸¹,121.286442,25.051229
1031,®ç¶é¥«Äª¦Ë°ÏÀA¶¶µó¥|¤C¤§¤@¡³¸¹,®ç¶é¥«Äª¦Ë°ÏÀA¤¤¨½3¾FÀA¶¶µó47¤§10¸¹,121.284676,25.051227
1032,®ç¶é¥«Äª¦Ë°ÏÀA¶¶µó¥|¤C¤§¤@¤@¸¹,®ç¶é¥«Äª¦Ë°ÏÀA¤¤¨½3¾FÀA¶¶µó47¤§1¸¹,121.287366,25.050805
1033,®ç¶é¥«Äª¦Ë°ÏÀA¶¶µó¥|¤C¤§¤@¤G¸¹,®ç¶é¥«Äª¦Ë°ÏÀA¤¤¨½3¾FÀA¶¶µó47¤§1¸¹,121.287366,25.050805
1034,®ç¶é¥«Äª¦Ë°ÏÀA¶¶µó¥|¤C¤§¤C¸¹¤G¡B¤T¼Ó,®ç¶é¥«Äª¦Ë°ÏÀA¤¤¨½3¾FÀA¶¶µó47¤§1¸¹,121.287366,25.050805
1035,®ç¶é¥«Äª¦Ë°ÏÀA¶¶µó¥|¤C¤§¤E¸¹,®ç¶é¥«Äª¦Ë°ÏÀA¤¤¨½3¾FÀA¶¶µó47¤§1¸¹,121.287366,25.050805
1036,®ç¶é¥«Äª¦Ë°ÏÀA¶¶µó¥|¤C¤§¤G¸¹,®ç¶é¥«Äª¦Ë°ÏÀA¤¤¨½3¾FÀA¶¶µó47¤§1¸¹,121.287366,25.050805
1037,®ç¶é¥«Äª¦Ë°ÏÀA¶¶µó¥|¤K¤§¤@¤G¸¹,®ç¶é¥«Äª¦Ë°ÏÀA¤¤¨½3¾FÀA¶¶µó47¤§1¸¹,121.287366,25.050805
1038,®ç¶é¥«Äª¦Ë°ÏÀA¶¶µó¥|¤K¤§¤K¸¹,®ç¶é¥«Äª¦Ë°ÏÀA¤¤¨½3¾FÀA¶¶µó47¤§1¸¹,121.287366,25.050805
1039,®ç¶é¥«Äª¦Ë°ÏÀA¶¶µó¥|¤»¸¹,®ç¶é¥«Äª¦Ë°ÏÀA¤¤¨½3¾FÀA¶¶µó46¸¹,121.285956,25.051701
1040,®ç¶é¥«Äª¦Ë°ÏÀA¶¶¸ô¤T¤T¸¹,®ç¶é¥«Äª¦Ë°ÏÀA¤¤¨½3¾FÀA¶¶µó33¸¹,121.286228,25.051268
1041,®ç¶é¥«Æ[­µ°Ï§Ö³t¸ô¤K¬q770«Ñ36¸¹,®ç¶é¥«Æ[­µ°Ï·s¿³¨½3¾F§Ö³t¸ô¤E¬q521«Ñ236¸¹,121.085076,25.005639
1042,®ç¶é¥«Æ[­µ°Ï«á´ò¸ô¤T¤§¤»¸¹,§ä¤£¨ì«ü©wªºªùµP¦a§}¡C,,
1043,®ç¶é¥«Æ[­µ°Ï¸g«Ø¤G¸ô¤G¤K¸¹,®ç¶é¥«Æ[­µ°Ï¾ðªL¨½15¾F¸g«Ø¤G¸ô28¸¹,121.122095,25.057340
1044,®ç¶é¥«Æ[­µ°Ï¤u·~¤C¸ô¤@¸¹,®ç¶é¥«Æ[­µ°Ï¾ðªL¨½15¾F¤u·~¤C¸ô1¸¹,121.109182,25.046786
1045,®ç¶é¥«Æ[­µ°Ï¤¤¤s¸ô¢±¬q¢¶¢·¸¹,®ç¶é¥«Æ[­µ°Ï¤j¦P¨½1¾F¤¤¤s¸ô¤G¬q200¤§1¸¹,121.125944,25.017205
1046,®ç¶é¥«Æ[­µ°Ï¾ðªL§ø¤u·~¤»¸ô¤G¸¹,§ä¤£¨ì«ü©wªºªùµP¦a§}¡C,,
1047,®ç¶é¥«Æ[­µ°Ï¤u·~¤E¸ô¢²¢²¸¹,§ä¤£¨ì«ü©wªºªùµP¦a§}¡C,,
1048,®ç¶é¥«Æ[­µ°Ï¤u·~¤K¸ô1¸¹,®ç¶é¥«Æ[­µ°Ï´IªL¨½12¾F¤u·~¤K¸ô1¸¹,121.111138,25.045121
1049,®ç¶é¥«Æ[­µ°Ïºa¤u¥_¸ô¢°¢°¸¹,®ç¶é¥«Æ[­µ°Ï¯óºª¨½13¾Fºa¤u¥_¸ô11¸¹,121.129874,25.057423
